timeStamp,speaker,text,label
00:00 ,(ANCHOR), namaskar shaam ke paanch baj chuke hai aap jaante hai waqt ho gaya bhais ka number one show taal thok ke aapke saath main hun aman chopra topi utaar ke tilak wali saazish ya kalaava wala chhalaava karne walon ki ab khair nahi love jihaad rokne wala kaanoon bana toh kise darna chahiye matlab aap apne aap se sawaal puchiye bahi love jihaadiyon ke khilaf koi kaanoon banega to kaun darega kisko darna chaiye jabran gair kaanooni dharmaantran ke khilaf kaanoon bana to kise darna chahiye hindu betiyon ko bachane wala kaanoon bana to kaun virodh karega sochiye aap sochiye matlab love jihaadiyon se kise sahanubhuti hoti ho sakti hai inko sadna chaiye na jail ke andar yeh to sade jail ke andar love jihaadi aapka jawaab hoga woh darega jo love jihaad karega woh darega jo love jihaad karega ya jo is gair kaanoni kaam mein shaamil hai woh log darenge ya virodh karenge jinko sazaa ka dar hoga woh virodh karenge darna love jihaadiyon ko chahiye thik hai lekin hairani jaante hai kis cheez ki hai ki kannon ka raajnitik virodh shuru ho gaya hai koi ise asamvidhanik bata raha to koi samaj ko thodne wala bata raha hai to koi keh raha hai ki isse muslim yuvako ka uthpeedan hoga yaah tak kaha ja raha hai is virodh ka matlab samjhiye iska matlab yeh hua ki itna hungama yeh batata hai ki bade sthar par matlab love jihaad chal raha tha dharmaantran ka khel chal raha tha isliye kal up toh aaj mp is par mp mein manthan hua madhya pradesh mein ab aage haryana matlab up mein adhyadesh aage aage poora desh zafaryab jilani mere saath is waqt judh chuke hai all india muslim personal law board ke sadshye zafaryab jilani sahab mere saath is waqt live judh chuke hai lekin hum log sawaal darsal puch rahe hai ki hindu betiyon ki suraksha se aakhir dar kyu zafaryab jilani sahab bahut bahut swagat hai aapka zee news par bas main aapka aitraaz jaanana chaha raha tha kyunki maine padha aapne kaha ki asamvidhanik hai aur isse muslim yuvako ka uthpeedan badh sakta hai main aitraaz jaanana chaha raha tha jilani sahab  ,1
02:08 ,(SPEAKER 1), dekhiye do baate gaur se samjh lijiye ki yeh main sirkat jo kar raha hun  aapke is debate mein personal law board ko nahi represent kar raha hun kyunki personal law board ka bhi tak na is par koi rai aayi hai na ghalibi aayegi toh aap usko isko individual capacity mein treat kare aur doosri baat yeh maine kabhi nahi kaha hai ki muslim yuvako ka uthpeedan badhega maine kaha hai ki isse police ko power jo di rahi hai police iska misuse sabhi ke liye khilaf kar sakti hai isme musalman bhi hoga hindu bhi hoga christian bhi hoga jain aur boodh bhi honge main isko general way mein police power jahan badhayi gayi hai usko ek uthpeedan ka ek zariya samjhta hun aur haan yeh sahi hai ki maine yeh kaha hai ki yeh raajnaitik labh haasil karne ke liye usko society ko polarise karne ke liye is kisam ke kaanoon ki baat ki jaati hai varna otherwise khud jis minister ne kal iske baad ordinance pass hone ke baad tv par maine suna minister sahab ko unhone yeh kaha tha ki takriban sau cases aise huye hai aur pachis crore se zyaada ki aabadi wale pradesh mein sau cases iske huye hai aur hazaaron cases jin doosre crimes ke ho rahe hai ladkiyon ke uthpeedan ke aurton ke uthpeedan ke chori daketi ke corruption ke unke baare mein koi kaanon sakhti par government nahi soch rahi yeh baat maine kahi thi  ,0
03:40 ,(ANCHOR), jilani sahab ek sawaal agar main aapse pucho aapne kaha iska kisi dharm se koi lena dena nahi thik baat hai yeh love jihaad aap keh rahe hai iska dharm se koi lena dena nahi lekin saath hi aapne kaha ki polarise karne ke liye to polarise kaise hoga agar kisi dharm se lena dena nahi hai toh polarise kaise ho jayega isse koi love jihaadiyon ko to jail mein sadhna chaiye na sir  ,1
03:59 ,(SPEAKER 1), aise hoga  ,0
03:59 ,(ANCHOR), ji  ,0
04:01 ,(SPEAKER 1), aap suniye love jihaad bhi kiska nikala hua lafaz hai bjp aur rss ka nikala hua lafaz hai yeh koi sense hi nahi tha iska kyunki jihaad ek pak cheez hai love ek angrezi ka lafaz hai in dono ka koi jodh hi nahi hai aap ustkheen wahi keh ja rahe hai to love jihaad kehne ka maksad hi yeh hai ke musalmano ke khilaf aap isko jodh rahe hai yeh aapki jo media ki jo soch hai usse main yeh keh raha hun ki yeh din bhar chalega kahi din chalega aur usse hinduo ko yeh message diya jayega jaise bjp ne koi ki is soch ka maksad yeh hai ke polarise kiya jaye usko society ko  ,0
04:47 ,(ANCHOR), toh phir jab love jihaad hai hi nahi agar aap kehte hai love jihaad jaisi koi cheez hi nahi hai thik hai na kyunki love aur jihaad alag alag cheeze hai aur aisi koi cheez thik hai thik hai fir mera sawaal hai aapse ji ji mera ek sawaal hai aapse ji jilani sahab matlab love jihaad hai hi nahi to phir sazah bhi kisi ko nahi hogi to toh badiya hai aa jaye kaanon phir to  ,0
05:06 ,(SPEAKER 1), nahi nahi aap aap uski language padhiye ordinance mein jo definition jo kal bataya akhbaro mein aaya hai aur jo tv pe aaya hai usme unhone kaha hai conversion conversion jo hai  ,0
05:20 ,(ANCHOR), forceful conversion  ,0
05:23 ,(SPEAKER 1), aur conversion jo hai woh saara zor conversion pe hai ,0
05:27 ,(ANCHOR), nahi nahi main bata deta hun maine padha hai  ,0
05:29 ,(SPEAKER 1), conversion ko bataya gaya fraudulent ho sakta hai ,0
05:32 ,(ANCHOR), sir maine padha hai sir agar aap ijazat de aap bahut senior hai lekin maine padha hai sir agar aap ijazat de to main aapko bataun isko teen isko teen ji ji haan padh deta hun sir mujhe yaad hai main kal se padh raha hun main aapke liye padh deta hun sir isko teen bagaho mein bata gaya hai isme yeh teen bagaho mein is tarah se bata gaya hai agar mahila sammanay vargh ki hai to ek se paanch saal tak ki sazaa pandrah hazaar ka jurmana agar mahila nabalik hai aur sc st se hai to teen se dus saal tak ki sazaa isme har jagah likha gaya hai pralobhan lalch aur dhokhe se kiya gaya dharmaantran aur agar aap ichuk hai dharmaantran ke to aap dm se ijazat liye nahi nahi sir dhokhe se dharmaantran agar aap ichuk hai dharmaantran ke to aap kar sakti hai  ,0
06:17 ,(SPEAKER 1), dekhiye yahi baat zara sun lijiye yeh samvidhan mein diya hua maulik adhikar hai article twenty five usme ek dm se permission lene ki koi jaroorat nahi hai hum ji mazab ko chahe iktiyar kare yeh samvidhan keh raha hai samvidhan ko aap kaise adan kar denge  ,0
06:34 ,(ANCHOR), samvidhan dhokhe dhoke wala dharmaantran ki bhi ijazat deta hai samvidhan lalach de kar dharmaantran ki bhi ijazat deta hai jilani sahab  ,0
06:41 ,(SPEAKER 1), nahi nahi bilkul nahi bilkul nahi dharmaantran dhokhe se ho hi nahi sakta nahi hum jo hai aap se keh rahe hai baar baar keh rahe hai ki islam mein kisi ko dhokha de kar dharmaantran mumkin hi nahi hai woh dharmaantran nahi hoga woh skash islam majab nahi kabool kar sakta hai jisko dhokha diya gaya hai jisko koi lalch di gayi hai ,0
07:01 ,(ANCHOR), nahi nahi sir pata hai jilani sahab uske liye thoda sa maafi ke saath jilani sahab bahut senior hai kehna nahi chaiye thoda sa aapko research karni chaiye kanpur mein chudah mein se gyarah mamle hai love jihaad ki pushti huyi hai koi aap suniye aapko pata hai koi naam badalkar jo hai rahul ban jaata hai phir ladki ko fasa leta hai phir asliyat batata hai phir dharmaantran karta hai yeh saari cheeze love jihaad to ho raha hai na sir  ,0
07:27 ,(SPEAKER 1), dekhiye yeh ek baat sun lijiye abhi jo haal mein yeh vakhya hai jiske baad yeh utha hai mamla woh hindu ladki ne musalman ladki ne hindu dharm kabool kiya tha jis par high court ne yeh faisla diya aur uske baad yogi ji ka bayan aaya tha toh woh musalman ladki ke saath mein kya kaha gaya usne main samjhta hun marzi se kiya hoga lekin aapne usko nahi joodha sirf musalman ko aap bata rahe hai yahan hindu ladki musalman ladki  ,0
07:52 ,(ANCHOR), kaun sa muslim ladki kaun matlab aap keh rahe hai hindu jihaad acha thik hai thik hai  ,0
07:55 ,(SPEAKER 1), jis par high court mein faisla gaya hai ,0
07:57 ,(ANCHOR), kaise kaunsa mujhe bataiye main jaanta chahta hun yeh case  ,0
08:00 ,(SPEAKER 1), dekhiye je musalman ladki ne hindu dharm mein iftihar kiya tha jo mamla high court mein gaya tha ,0
08:06 ,(ANCHOR), acha yeh kaun sa case hai aap naam bataiye mere ko main yeh jaanana chahta hun yeh case yeh kaun sa hai aap keh rahe ki hindu ladke ne muslim ladki ko fasaya sir hindu dharm mein conversion hi nahi padhiye na sanathan dharm padhna padega uske liye aapko hindu dharm mein conversion ka koi concept hi nahi hai sir maafi ke saath aap se is mamle mein thoda sa zyaada jaanta hun hindu dharm mein conversion ka concept hi nahi hai nahi sir mein taal thok ke keh raha hun sir sanathan dharm mein suniye suniye sir aap islam ke jaankar honge main uspe aapko contest nahi karunga aap islam ke jaankar hai hindu dharm mein conversion ka concept hi nahi hai ghar vaapasi hai conversion nahi hai  ,1
08:53 ,(SPEAKER 1), arre bhai kaha se aap baat kar rahe hai hum samvidhan ki baat kar rahe hai  ,0
08:56 ,(ANCHOR), aap keh rahe hai conversion ho gaya nahi hai hi nahi sir hindu dharm mein conversion hota hi nahi hai nahi hota hai yeh sirf musalmano mein islam mein hai  ,1
09:05 ,(SPEAKER 1), phir vahi baat kar rahe hai acha to phir abhi jo aap bilkul galat keh rahe hai hindu dharm bhi main adopt kar sakta hun kaun keh raha hai nahi kar sakta hun ,0
09:15 ,(ANCHOR), nahi nahi sir woh to nahi nahi nahi woh  ,0
09:19 ,(SPEAKER 1), samvidhan mein hindu dharm ki paribhasha hai aap padh lijiyega doobara se bhais kar lijiyega aap ,0
09:24 ,(ANCHOR), sir main isliye aapko keh raha hun aapko thoda aur padhna chaiye hindu dharm par kam se kam aap islam ke jaankar hai sir main us par aapse contest nahi karunga lekin hindu dharm mein main taal thok ke keh raha hun coversion ka concept nahi hai nahi hai nahi hai aur agar dharmaantran ke maksad se shaadi kaun karta hai sir chaliye baatiye  ,1
09:43 ,(SPEAKER 1), sekedo logo ne hindu dharm ,0
09:45 ,(ANCHOR), ek bataiye example mujhe ek example dijiye naam ke saath mujhe naam ke saath ek example dijiye  ,0
09:49 ,(SPEAKER 1), ghar vapasi ghar vapasi kya cheez hai ghar vapasi kya cheez hai ghar vapasi ki campaign chali hai yeh arjeez ki taraf se chali hai hindu mahasabha ki taraf se chali hai ,0
10:00 ,(ANCHOR), main aapko keh raha hun woh ghar vapasi hai jo pehle hindu the jinko talwar ki nookh par doosre dharm mein woh hai ghar vapasi aap kya hindu the pehle aap hindu the pehle ke vaise ho sakta hai aapke poorvaj aap hindu the kya pehle  ,1
10:14 ,(SPEAKER 1), to phir yeh ghar vapasi ho sakti hai ki nahi ho sakti ,0
10:16 ,(ANCHOR), to sir ghar vapasi phir boliye haan maine galat kaha ki conversion nahi hota hindu dharm mein pehle apne shabd vapaas lijiye sir hindu dharm mein conversion nahi hota  ,1
10:22 ,(SPEAKER 1), aapne galat kaha hai ,0
10:24 ,(ANCHOR), aapne galat kaha aap boliye maine galat kaha ki conversion nahi hota hindu dharm mein sir  ,1
10:28 ,(SPEAKER 1), aaj hum musalman hai kal humari ghar vapasi hogi to woh conversion hi hoga samvidhan ki jubaan mein conversion ,0
10:34 ,(ANCHOR), acha thik hai thik hai sir mujhe ek minute mujhe ek breaking batani hai main ek minute aapke paas raha hun love jihaad par shivraj sarkar aelaan shivraj december mein layegi love jihaad par kaanon badi khabar is waqt ki madhya pradesh mein bhi paanch saal ki bajah dus saal ki hogi sazaa ab madhya pradesh mein bhi dekhiye hum keh rahe hai na ki up mein adhyadesh aage aage poora desh madhya pradesh mein bhi december mein aayega kaanon dus saal ki sazaa ka pravdhan doosre dharm mein shadi ke liye ek mahine pehle leni hogi anumati shaadi karne wale jode ko dm ko karna hoga aavedhan bina anumati dharmaantran samjhiye bina anumati dharmaantran karne wale ko paanch saal tak ki sazaa aur jabran shaadi aur dharmaantran ki parivaar kar sakega sikhayat ab madhya pradesh mein bhi december main aa raha hai kaanon gaurav bhatia main aapke paas aaun usse pehle suna dete hai ek baar  ,0
11:17 ,(NEWS), main yahan saaf kehna chahta hun lobh lalch bhey prlobhan aisa karna to sewa karo dharm parivartan ke lalch mein sewa kab karo madhya pradesh mei humne kaanon bana diya hai lok lalch bhey prlobhan ya koi dharmaantar karne ka prayas karega toh uske khilaf kaanoni kaarwayi ki jayegi usko sazaa bhi hogi us par jurmana bhi hoga  ,0
11:46 ,(ANCHOR), thik hai zafaryab jilani sahab love jihaadiyon ko jail mein sadna chaiye acha chale gaye hai jilani sahab chale gaye mujhe ab pcr bata raha hai chale gaye jilani sahab chaliye thik hai mere saath vijay shankar tiwari aapko nazar aa rahe hai swagat hai vijay shankar tiwari vishnu jain gaurav bhatia mehaz khan yana mirchandani aapko nazar aa rahi hai owaisi ki party se syed aasim bakhtar sahab aapko nazar aa rahe hai aur tasleem ahmed rehmani bhi aapko nazar aa rahe hai aap sabka bahut bahut swagat sabse pehle gaurav bhatia up mein adhyadesh aage aage poora desh lekin virodh bhi shuru ho gaya hai asamvidhanik uthpeedan hoga police ko zyaada powers milengi gaurav bhatia  ,0
12:20 ,(SPEAKER 2), dekhiye main zafaryab ji ko vkhyatigat taur pe bhi jaanta hun aur bahut hi sabhye vkhyati hai lekin unhone jo baate kahi woh uchit nahi thi aur us pe bhi main prakash dalunga sabse pehle toh jo uttar pradesh sarkar ne yeh adhyadesh laya hai yeh swagat yogye hai aur iski ek vajah hai dekhiye aman ji sveicha se jo log baalik hai woh log shaadi kar sakte hai aur kisi ko aapti nahi hai lekin agar aap nabaalik hai to aapki icha ka koi mehtav nahi rehta jab tak ki aap jo hai baalik na ho jaye aur doosra jabran dharm parivartan karana dhokhe se karana mithya se karana apne dharm ko chupana kyu kyu aavshak hai aur ek mahila ke paas uski asmita bahut badi cheez hai agar woh asmita chali jaati hai aur uske baad aap kehte hai ki mera dharm yeh hai to yeh dhokhadadhi  hai aur isiliye adhyadesh aa raha hai ab aap mujhe aman ji ek baat bataiye agar ek sakht kaanon aata hai aur aap aisi mansha nahi rakhte ki aap dhokhadadhi karenge to isme aapko aapti kyu hai aur ispe ek kerala sarkar ki report bhi hai jab wahan pe mukhyemantri bajpa ke nahi the oomen chandy the to unhone bataya tha ki karib sathais sau mamlo ka adhayan kiya gaya jisme bahees sau aise mamle the jahan pe hindu jo mahila thi uska jabran ya behla fooslake ya dhokhadadhi se islam mein parivartan karya gaya aur doosri aur keval do mamle aman ji aise the jahan pe hindu dharm mein parivartan hua ho to aap dekh sakte hai ki yeh samajik masla hai yeh ek apradh ki shreni mein aana chahiye aur ispe keval woh log shor macha rahe hai jinki mansha thik nahi hai jo chahte hai samaj mein is tarah ka apradh woh log karte rahe main uttar pradesh sarkar ke is faisle ka swagat karta hun jaise croro croro bhartiye karenge ,0
14:16 ,(ANCHOR), thik hai mehaz khan dharm se lena dena nahi samajik samsya hai nidaan hona chahiye love jihaadiyon ko jail mein sadna chahiye sade na jail mein acha kaanon swagat karengi  ,1
14:29 ,(SPEAKER 3), aman mujhe thoda time dena main aapke aapki debate ki ek ek sawaal ka jawaab main aapko back to back dungi pehli baat to when you keep talking about ab jab kehte ho love jihaad love jihaad yeh jo aap love jihaad ka jo yeh term use karte ho aapko aur hum sabko khoob pata hai ki yeh kahan se propogate hota hai yeh vote bank raajneeti hai let us clear this to the audience yeh logo ko bekhane ke liye bana gaya hai doosra is alw mein mujhe hasi aati hai ki yeh desh kahan pe badh raha hai jahan hum twenty first century mein baat kar rahe hai jahan par humne supreme court ne article three seventy seven ko validate kar diya hai jahan par same sex marriages hoti thi aur iske vichant hota tha logo ko pareshan kiya jaata tha police state har tarike se inko prosecute kiya jaata tha usko humne hata diya hai to yahan par aap lakar ek global scenario mein aap kis tarike ka message dena chahte ho rahi baat up sarkar ki jo yeh matlab yeh hasi aati hai mujhe yeh debate karne bhi hasi aa rahi hai ki gaurav sahab khud ek lawyer hai aur yeh keh rahe hai ki agar is cheez ko challenge kiya gaya aage court ke andar is it constitutional article twenty one article twenty five special marriage act one second let me finish not interrupt ,0
15:40 ,(ANCHOR), haan koi nahi bolega boliye boliye aap boliye  ,0
15:41 ,(SPEAKER 3), mujhe poora complete karne ka time dena maine ki baat tahfseel se suni hai maine aap logo ki baat tafseel se suni hai logo ko aap log gumrah karne ki baat hai yahan par special marriage act ke thait mein agar main decide karti hun ki mujhe kisi bhi dharm ke insaan se shadi karna hai toh yeh court is desh ka kaanon aapko ijazat deta hai to aap sarkar aur police kaun hoti hai desh ke upar hai ya koi dharm desh ke upar hai yeh bata dijiye ki yahan par aap kisi dharm ko propogate karne aa rhe ho ya humare samvidhan ko karne aa rahe ho mera stand yahan pe bahut clear hai this is a completely unconstitutional validation of the law right now agar ise challenge kiya jaye gaya to mujhe hasi aa rahi hai ki matlab ,0
16:18 ,(ANCHOR), thik hai acha mujhe ek cheez yana aap jawaab dijiyega gaurav abhi ek minute aap rukhe gaurav aapke paas aaunga gaurav main paas aaunga thik hai gaurav main aapke paas aaunga rehmani sahab bhi hai vishnu jain bhi hai vijay shankar tiwari bhi hai ek minute ek minute mahez ek minute mahez maine aapko nahi toka mahez agar aap mujhe allow kare mahez ek minute gaurav gaurav ek minute gaurav ek minute gaurav ek minute  ,0
16:38 ,(SPEAKER 3), let me finish aap iske baare kyu nahi baat kar rahe ,0
16:42 ,(ANCHOR), thik hai mahez main asal mein jaanana chahta hun kyunki maine kyunki maine thik hai kya aapne ordinance padha aur aapko kaun se point par aapti hai  ,0
16:53 ,(SPEAKER 3), main aapko ek ek point pe aapti bataungi yeh poora consti aapka yeh poora ka poora amendment ,0
16:58 ,(ANCHOR), aap mujhe ek ya do point bataiye na main jaanna chahta hun kyunki maine padha woh main jaanana chahta hun ho sakta hai main galat hun mahez aap sahi ho to main jaanana chahta hun agar aapne padha hai to aap mujhe bataiye kaun se point par aapko aapti hai agar aapne ordinance padha  ,0
17:13 ,(SPEAKER 3), acha jab jab sit main aapko batati hun yeh law banne se pehle ek propaganda chala ,0
17:18 ,(ANCHOR), nahi nahi nahi aap pakdi gayi aapne nahi padha aap pakdi gayi aapne nahi padha aapne nahi padha maan lijiye mahez koi dikat nahi hai maine padha hai main abhi aapko points bata dunga dus suniye aap mujhe bataiye aapko is point par aapti hai mahez aapne nahi padha mahez aapne padha hi nahi hai aapko pata hi nahi hai ordinance mein kya hai  ,1
17:39 ,(SPEAKER 3), gaurav ji samjhayenge ki yeh article twenty one twenty five taithat mein humare rights ka ulanggun ho raha hai ,0
17:46 ,(ANCHOR), mahez ek minute rukhiye mahez mahez ek minute rukhiye dekhiye acha nahi lagta hai dekhiye acha nahi lagta hai log dekh rahe hai aur aap expose ho rahi hai main challenge keh raha hun aapne padha hi nahi ordinance agar aapne padha hai to mujhe bataiye aapko is par aapti hai  ,1
18:00 ,(SPEAKER 3), yeh gumrah karne ki aadat aap log chhod dijiye ,0
18:02 ,(ANCHOR), bataiye mahez aapne padha hi nahi hai aapne padha hi nahi hai aapko pata hi nahi hai ordinance mein kya hai aapko ordinance mein hai kya uski abcd nahi pata aapko i challenge you agar aap mujhe bata de aaj  ,1
18:12 ,(SPEAKER 3), aap batiye na mujhe sawaal puchiye you tell me na you tell me i am also challenging you right now ,0
18:17 ,(ANCHOR), ek point aapko pata hai aapko abcd nahi pata aapne ordinance nahi padha mahez maan lijiye aap sirf virodh ke naam par virodh kar rahi hai aapko pata hi nahi hai ordinance mein kya hai hawa hawai baate aapne suni hai ,1
18:29 ,(SPEAKER 3), aap bataiye mujhe ki ordinance ke kaun se part mein  ,0
18:31 ,(ANCHOR), toh phir aap aap puchiye na phir debate debate mein aane se pehle padhna chaiye na ab aap mere se puch rahi hai debate mein aane se pehle padhna chaiye na aap mere se puch rahi hai aap galat hai na yana yana nahi acha padha hai to bataiye mere ko i challenge you aap mujhe bataiye aap ne nahi padha hai main jaanta hun aap bataiye kis baat par aapti hai bataiye kis baat par aapti hai bataiye  ,1
18:51 ,(SPEAKER 3), mere pdhne na padhne se kya hota hai ,0
18:53 ,(SPEAKER 4), itna padhti hai itna jaanti hai ,0
18:55 ,(ANCHOR), yana yana yana yana yana yana yana yana yana nahi padha koi dikat nahi ho jaata hai magar padhkar aana chahiye aaj jis topic par debate karne aa rahi hai aapko padhkar aana chahiye aap ne ordinance hi nahi dekha yana yana yana yana mirchandani uske baad rehmani sahab aur vishnu jain aa raha hun vijay shankar tiwari aapke paas aa raha hun yana mirchandani aana chaiye kaanoon jaroori hai  ,1
19:17 ,(SPEAKER 4), mahez meri ek baat suno mahez ek hi baat karna chahti hun main mahez ek thik hai main yeh kehna chahti hun ke aap ne dowry act ke baare mein bhi padha hoga thik hai na to bahut saari families mein aise hota hai ki maa baap khushi khushi dowry dete hai apne hone wale son in law se bahut pyaar karte hai khushi khushi de dete hai gaadi fridge yeh woh hai na toh kya dowry thik hai dena just because woh khushi khushi dete hai to kya aapke hisaab se phir dowry act bhi galat hona chahiye to phir dowry ko bhi constitutionally bana dena chahiye ki it should be legal phir dowry act ko kyu ban kiya hai agarek aurat ko bolna chahta hai ki woh convert kare nahi ek second mahez mahez ek second agar ek aurat ko kaha jaata hai ki just because she is married a muslim she has to convert she has to convert apni shaadi bachane ke liye usko islam kabool karna padhega to aapke hisaab se yeh sahi hai ,0
20:12 ,(ANCHOR), acha ek ek karke yana bol rahi hai mahez ab aap mat boliye mahez ab aap mat boliye mahez mahez khan ab aap mat boliye  ,0
20:19 ,(SPEAKER 3), chudah case mein se let me bring ,0
20:21 ,(ANCHOR), mahez ab aap boliye yana bol rahi hai yeh galat hai galat hai aap aap ab aap expose hogi chori pakdi gayi to aap aise karengi aap rukh jaiye aap bolne dijiye mahez ek minute aapka audio bandh yana bol rahi hai mahez please ek ek karke bolenge bada panel hai please yana aap boliye aur kisi ka audio on air nahi jayega sirf yana bol rahi hai ek ek karke boliye jinka naam lunga woh bolengi mahez request kar raha hun please yana  ,1
20:43 ,(SPEAKER 4), aap just imagine kariye yeh mahez jo baat karti hai constitution of freedom ki mujhe aaj bolne ka freedom nahi de rahi hai just you imagine kis tarah ke log aaj freedom ki baat kar rahe hai inhone mere dowry ka jawaab nahi diya aaj abhi tak aur doosra main yeh kehna chahti hun ke jab baat conversion ki hoti hai to yeh un logo ki baat yeh jo ordinace hai yeh un logo ki baat kar raha jo apne dil se jo kuch aisi aurte hoti hai i agree ke kuch aisi ladkiyaan hoti hai jo apne dil se shaadi karti hai apne dil se islam kabool karti hai nahi ek second ek second woh humari kuch humari kuch bollywood starlets bhi hai jinhone yeh bahut great kaam kiya hai jo bhool gayi ke jo hindus hai humare desh ke unhone kitne invasions se ladhe hai woh kitne foreign invaders se ladhe hai woh chahe mughals ho chahe british ho woh chahe persians ho arabs ho sab se ladh ladh ke inhone apne culture ko zinda rakha hai aur yeh kuch ladkiyan hoti hai jo insab cheezo ki parvah kiye bina itni buri tarah se dil de baithti hai ki kar layi thi apne dil se convert hum unki baat hi nahi kar rahe hai mahez hum un logo ki baat kar rahe hai jinko burglaya jaata hai hindu bolke ladka shaadi karta hai uske baad kehta hai main musalman hun aur unko convert karne ke liye majboor karta hai woh bechaari apni shaadi bachane ke liye usko convert karna padhta hai how can anybody on this panmel say ki yeh act sahi hai how can you how can you say that ,0
22:03 ,(ANCHOR), chaliye ab main aage badh raha hun ab ab  ,0
22:05 ,(SPEAKER 4), you are insulting islam you madam are insulting islam by talking like this islam does not allow this aap inko bhool jao ek second ke liye bjp ko bhool jao islam doees not allow this ok you cannot all come here and talk first of all you change your name you don't even sound like a muslim islam does not allow fooling any woman islam does not allow fooling anybody into conversion and i am completely supportive of this because this law is definite image of islam it is giving the image of islam because islam does not permit forcing anybody or fooling anybody to convert ,0
22:39 ,(ANCHOR), thik baat thik hai rehmani sahab rehmani sahab rehmani sahab rehmani sahab jo yana keh rahi hai yeh love jihadi to islam ko badnam kar rahe hai na love jihaadi to jail mein sadhe na sir yeh to achi bat hai na rehmani sahab uske baad vishnu jain phir gaurav vijay shankar tiwari aa raha hun  ,1
22:57 ,(SPEAKER 5), dekhiye dekhiye aman bahut mujhe thoda sa bone dijiye bahut bada panel hai zyaad bolne ka waqt milega nahi isliye mujhe thoda sa bolne dijiyega dekhiye love jihaad naam ki koi cheez hai nahi aur ho nahi sakti practically possible isliye nahi hai ki concealed identity kam se kam musalmano ke case mein possible nahi hai jis waqt jis din consumation of marriage hoga woh do ka usi din khatam ho jayega humari identity toh bahar ki ho ya andar ki ho saari khuli hai hum toh do lafaz bole hai to h identity khul jaati hai darhi aur topi se khul jaati hai aur sharir ke andar bhi woh hai aur aaj kal jo yeh love jihaad type ke jise aap love jihaad keh rahe hai yeh jo intercaste type ki jo marriages hoti hai ,0
23:41 ,(ANCHOR), kaise pechaane aap hi bata de ko pechaane rehmani sahab class de rahe hai kaise pechaane rehmani sahab kaise pechaane kapdo se kaise pechaane rehmani sahab aap bata dijiye  ,0
23:53 ,(SPEAKER 5), chhodiye ab is baat ko aap bhi samjh gaye aap bhi samjh gaye main kya keh raha hun maine maine kaha ke consumation of marriage ji waqt bhi hota hai us waqt samjh mein aa jaata hai ke koi mard musalman hai ya hindu hai ab iske aage aap samjh ,0
24:07 ,(ANCHOR), tab tak toh shaadi ho gayi na dhokha ho gaya toh phir toh love jihaad hi toh hua very good bahut shaandar yahi na rehmani sahab shadi ho gayi na  ,1
24:14 ,(SPEAKER 5), haan to ho sakta hai na ,0
24:16 ,(ANCHOR), pehle ho gaya na  ,0
24:18 ,(SPEAKER 5), pehle din maloom ho gaya pehle din maloom ho gaya na ,0
24:22 ,(ANCHOR), arre toh pehle din tab kya shaadi toh ho gayi dhokha to gaya na beti hindu beti fas gayi woh kalwa ka chhalva mein fas gayi woh topi utar kar tilak wale chhalve mein fas gayi na rehmani sahab ,0
24:35 ,(SPEAKER 5), aap meri baat sunna chahte hai ya dekhiye agar aap khud hi saari bhais karna chahte hai to phir main chup ho jaata hun maine yeh bhi kaha hai ke aisi is kisam ki jo marriages hoti hai yeh jo love marriage type ki aaj kal chal rahi hai isi samaj mein aap bhi rehte hai main bhi rehta hun marriage ka ceromanise baad mein hoti hai formulize baad mein hoti hai consumation aaj kal bahut aksar cases mein pehle hi ho jaata hai anyways main yeh kehna chahta hun ki yeh jo ordinance aaya hai billi thele ke bahar aa gayi aap ne kahi ek love jihaad ka lafaz usme istemaal nahi kar sake ek baat doosri baat aapka stress yeh hai ke aap isme jo conversion ka provision hai use optional banane ki bajay use kisi dm ke haath mein chhodna chahte hai jo contravention to the constitution hai yeh samjh lijiye teesri baat yeh kya aap aurato ko discrimate kar rahe hai aap muslimaurato ko keh rahe the ke nahi nahi sab ek hi aurat hai aurat muslim ho abhi aapne dalit aurato ke liye ek alag provision usme kar diya kyu aapne discrimate kar diya i am against the women for aap is maamle mein triple talaq ka jo kaanon hai ,0
25:41 ,(ANCHOR), sir usme zyaada sakht sajah ka pravdhan hai rehmani sahab main aaj maafi ke saath aaj kisi panelists nahi aaunga aaj kisi panelist ne ordinance nahi padha hai sir aisi aisi agar mahila nabaalik hai to zyaada teen se dus saal ki sazaa hai zyaada strict provisions hai  ,0
26:00 ,(SPEAKER 5), jaroorat nahi hai ,0
26:00 ,(ANCHOR), kyu jaroorat nahi hai sir betiyan betiyo ko bachana hai in jihaadiyo se  ,1
26:03 ,(SPEAKER 5), main wahi keh raha hun aapne arre nabaalik ki bhi hai dalit ki bhi hai na dalit ki bhi hai na dalit women ka provision alag se hai na hai ya nahi hai ,0
26:16 ,(ANCHOR), thik hai thik yahan par ek cheez achi hai ek cheez achi hai vishnu jain aur tiwari ji chota chota rakhiyega maafi ke saath panel bada hai thik hai rehmani sahab main samjh aa gaya mujhe mujhe bahut acha laga rehmani sahab  mujhe bahut acha laga rehmani sahab jab aapne kaha love jihaad to hai hi nahi vishnu jain love jihaad to hai hi nahi toh phir sazaa kisi ko hogi nahi phir kyu virodh ho raha hai bahi  ,1
26:41 ,(SPEAKER 6), aman ji main itni der se debate sun raha hun jilani sahab ko suna mehaz ji ko suna rehmani sahab ko suna aur main toh shock hun ki yeh log national television pe aake baiththe hai research nahi karte hai inhone kaha sabne kaha teeno ne ek baat common kahi yehact unconstitutional hai yeh act asamvidhanik hai main bhaiya inse puchna chahta hun is samay aathais mein se dus rajyon mein love jihaad ka kaanoon hai aur supreme court nineteen seventy seven mein case bhi likha hua hai rave stainlaus versus state of mp nineteen seventy seven one ssc page six seventy seven zara inse puchiye bhaiya padha in teeno ne jilani sahab to bahut varishit hai main ubke samman mein kuch nahi kehna chahta hun rehmani sahab hai mehaz ji hai kam se kam national channel mein aane se pehle padhe toh ki is kaanoon ko already iski valdity declare kar chuka hai supreme court ki it is constitutionally valid aur state sarkar rajya sarkar yeh kaanoon bana sakti hai aapka hak hai sir meri baat suniye maine aapko ,0
27:35 ,(ANCHOR), chaliye beech mein nahi ek ek karke tiwari ji aap  ,0
27:36 ,(SPEAKER 6), dekhiye maine kisi ko interrupt kiya maine interrupt nahi ,0
27:38 ,(ANCHOR), boliye boliye vishnu boliye  ,0
27:40 ,(SPEAKER 6), dekhiye yeh kaanoon kya kehta hai yeh kaanoon yeh kehta hai ki agar koi fraud force undue influence se sirf shaadi ke purpose se dharm convert karna chahta hai toh woh galat hai uske liye sazaa hai yeh baat mein aap distinction kariye aur doosri baat main ek sawaal puchna chahta hun aisa kya tha ki anjali mishra noorjahan begum ban gayi aisa kya tha ki kiran afsana ban gayi aisa kya tha ki soni sabia ban gayi aisa kya tha ki anita vishkarma aisha begum ban gayi aisa kya tha ki priyanka sonam begum ban gayi aur illahabad high court ne sulah december do hazar chudah aapko date de raha hun sulah december do hazaar chudah ko kaha ki agar koi ladki islam kaam mein convert hoti hai aur agar woh prophet mohammad ko nahi manti hai to yeh sura do aayat two twenty one quran ka violation hai aur marriage aabadh hai to aap yahan pe love jihaad ki baat kar rahe hai rehmani sahab aur aap samjh lijiye aap yahan pe kaanoon ka virodh kar rahe hai aap yahan pe prospective parliament nahi kar rahe hai jo raajnitik dal banake aage chal ke logo ke numayinde banne wale hai kabhi agar article chudah lagu kariye kabhi agar udhar se hoga suppose kariye hindu ladhta hai aur forcibly muslim ladki ko convert kar raha hai sab aap log yahan baith ke kiye ke aise kaanoon hona chahiye aap kab bolenge yeh baat to sawaaal yeh hai ki aap yahan pe keh do gaye asambit hai yeh kaanoon unconstitutional hai yeh kaanoon to already supreme court constitutional declare kar chuki hai ,0
28:59 ,(ANCHOR), lekin vishnu jain main aapse bhi itefaq nahi rakhta ek minute vishnu jain vishnu jain vishnu jain vishnu jain vishnu jain ek minute vishnu jain na main aapse itefaq rakh raha hunga is babat sir hindu dharm conversion ka concept hi nahi hai hindu dharm mein dharmaantran hai hi nahi conversion ka concept hi nahi hai vijay shankar tiwari uske baad gaurav bhatia aur rehmni sahab main aapke pas aaunga ab vijay shankar tiwari yeh baar baar jo yeh kaha jaata hai ki muslim ladki bhi convert ho gayi sir vijay shankar tiwari aap mujhe bataiye hindu dharm mein toh conversion ka concept hi nahi hai hai kya  ,1
29:30 ,(SPEAKER 7), dekho aman ji kisi bhi hindu dharm granth mein vedho se lekar puraano se lekar karke kisi bhi dharm granth mein geeta se lekar kisi bhi dharm granth mein dhramaantran ka koi concept yeh jo aap keh rahe hai bilkul concept nahi hai aur ghar vapasi isliye jo log gaye hai bheyla foosala karke le jaaye gaye hai balat le jaaye gaye hai talwar ke bal par unko dharmaantran karaya gaya hai agar agar woh chahe to vapas apne ghar mein aa sakte hai ek minute ek minute rehmani sahab aaj se saat saal pehle rehmani sahab main aaram se bolna chaha raha hun aaj se saat saal pehle jab tara sahadev ka vishe aaya tha woh rashtriye khiladi thi padhi likhi thi well educated thi jab usko dhokhe se aap le gaye shaadi ki aur dharmaantran karne ke liye us par barat adhikar jamay gaye tab woh khul karke bahar aayi keral ki baat nahi  ,0
30:18 ,(ANCHOR), sun ljiye rehmani sahab kya keh rahe hai phir uska jawaab dijiye aap hi woh kuch keh rahe hai aapti hai boliye rehmani sahab boliye  ,0
30:22 ,(SPEAKER 5), yeh kya hota hai yeh kya hai ghar vapasi aap gumrah kar rahe hai dono aagah kar rahe hai ,0
30:30 ,(SPEAKER 7), rehmani sahab rehmani sahab rehmani sahab aap bhi jab hindu dharm mein vapas aana chahenge hum sare aapko svikaar karenge aaj nahi toh kal aaj nahi to kal jab aap vapaas aana chahenge hum aapko sab svikaar karenge yeh hai ghar vapasi aur doosri baat abhi mehaz bhen unko hasi aa rahi thi main uspe baat kar leta hun ,0
30:48 ,(SPEAKER 5), yeh conversion nahi hota toh kya hota hai yeh conversion nahi hota toh ise conversion hi kehte hai to kya hota hai ,0
30:52 ,(SPEAKER 7), ek minute rehmani sahab abhi mehaz bhen ko hasi aa rahi thi hasi isliye aa rahi thi  ,0
30:56 ,(ANCHOR), ek minute ek minute clear kar do ek minute rehmani sahab sun rehmani sahab ek minute sun rehmani sahab ek minute suniye main aapko samjha deta hun main fark samjha deta hun aapko ho sakta hai ek baar samjh lijiye sir ichuk dharmaantran mein koi dikat nahi hai chahe ghar vapasi chahe yahan par sun lijiye doobara se repeat kar raha hun ichuk dharmaantran marzi se bina lalch bina prlobhan bina dhokha diye bina prpanch ke kiya gaya dharmaantran svikarye hai chahe ghar vapasi chahe yahan par jo hota hai koi dikat nahi hai uske liye dm ki ijazat hogi koi dikat nahi hai lekin sir love jihaad kya hai aap samjh rahe hai prpanch karke bewakoof banakar dhokha de kar apni pechaan chupa kar jo dharmaantran kiya jaata hai woh galat hai aap farak samjhiye sir  ,1
31:38 ,(SPEAKER 5), lekin aap aap yeh manaiye ki ghar vapasi bhi conversion hai ,0
31:40 ,(ANCHOR), sir ghar sir conversion kya ghar vapasi ghar vapasi conversion kaise ho gayi sir rehmani sahab ghar vapasi ghar vapasi ka concept phir samjhna padega mujhe aapko mughal aaye the talwar ki nookh par aapke bhi poorvaj hindu hai sir ab usme nahi jaana chaha raha aapke bhi ancestors poorvaj woh bhi hindu the mughalon ne talwar ki nookh par aap logo ke bhi poorvajo ka dharmaantran karke aap sab ko musalman bana diya main toh taal thok ke bolta hun sir phir chhodiye na phir aap us taraf mat jaiye tiwari ji  ,1
32:11 ,(SPEAKER 7), rehmani sahab rehnani sahab yeh mehaz badhi hasi aa rahi thi aur kis liye hasi aa rahi thi sun to lijiye aap sun lijiye sun lijiye rehmani sahab lagatar bol rahe aap sun to lijiye sun to lijiye aaj aurangzeb aaj aurangzeb nahi hai aap to sun lijiye rehmani sahab mehaz bhen ko badi hasi aa rahi thi hasi isliye aa rahi thi kyunki nikita ko nikita ko goli maar kar hatya kisne ki isliye hasi aa rahi thi tara sahadev ko prtarith kiya gaya isliye hasi aa rahi thi aapko kabhi hasi aati hai jab jab aap apne abhivkhyati ki azaadi karte hai gala rekh diya jaata hai is pe kabhi hasi aayi hai ,0
32:47 ,(ANCHOR), chaliye thik hai  ,0
32:47 ,(SPEAKER 7), nahi ekisvi shatabdi mein talaq aur halala jaise kaam chalte hai usme kabhi hasi aayi hai nahi hasi aapko kab aati hai jab hindu ladkiyon ko bhela kar dharmaantran karya jaata hai inke saath balatkaar hota hai aur unke saath prtharna hoti hai ,0
33:00 ,(ANCHOR), thik hai rehmani  ,0
33:01 ,(SPEAKERÂ 7), aapko hasi aa rahi hai ,0
33:02 ,(ANCHOR), thik hai rehmani sahab thirty seconds uske baad gaurav baad gaurav bhatia uninterrupted rehmani sahab thirty second  ,0
33:07 ,(SPEAKERÂ 5), aapki intention communal hai dekhiye aap aap dekhiye aman ji aapne jahan se programme shuru kiya woh bhi aur jo humare abhi vijay shankar ji keh rahe hai yeh bhi hai aap communal lines aap sabka sab leke jaa rahe hai main social line pe rehna chahta hun communal nahi rehna chahta aap sirf hindu hindu hindu quote kiye jaa rahe hai jaise hinduon pe bahut bada pahad toota ho ,0
33:28 ,(ANCHOR), sir love jihaad toh hindu betiyon ke khilaaf hai na saazish kaun si muslim beti ke saath love jihaad hua ek udharan to de dijiye ek udharan ek udharan ek udharan de dijiye na mujhe galat saabit kariye mujhe galat saabit kariye agar ek beti ke saath agar ek muslim beti ke saath agar hua aisa love jihaad hai hi nahi sir hindu dharm mein conversion ka concept ek udharan ek udharan  ,1
33:54 ,(SPEAKERÂ 5), gulnaaz ko gulnaaz ko kyu jalaya gaya ,0
33:57 ,(ANCHOR), sir ek udharan de dijiye na nahi hai rehmani sahab aap galat keh rahe hai gaurav bhatia gaurav bhatia gaurav bhatia gaurav bhatia main ek cheez bataon main gaurav bhatia aap boliye rehmani sahab ho gaya rehmani sahab ho gaya vishnu jain ne bahut badiya sawaal pucha tha bhool jaiye dharm ek minute rehmani sahab bhool jaiye dharm hindu muslim dharm bhool jaiye dharmaantaran ki niyat se ki gayi shaadi avaidh is par to sab maanenge gaurav bhatia ,1
34:25 ,(SPEAKERÂ 2), dekhiye aman ji bahut der se main charcha sun raha tha aur aisa lagta hai ki na kaanoon ki jaankari hai na samaj mein jo samasya uski jaankari sabse pehle to main jo vidhik taur pe baat uthayi hai usko uthaana chaahoonga kaha gaya yeh anuched pachis ka hanan hai anuched pachis ka samvidhan ka subject two teen cheejon ke hai aur woh teen cheejen hai log vyavastha sadaachaar aur svaasthy to kya yeh jo naya kaanoon aa raha hai yeh is sangya mein nahi aayega doosri baat anuched chudah ki kari gayi anuchhed chudah ki sc-st ki jo mahilaye hai unko hum logo ne sazaa badha ke rakhi hai aur vaise nahi to reasonable classification hota hai sc st act iska udaharan hai to yeh bhi galat hai teesri baat inhone kaha ki is kaanoon ka misuse hoga pehli baat to agar aapki mansha theek hai jabran dhokhadhadee se ya dara ke aap nahi kar rahe dharm parivartan to aapko iske darne ki koi aavashyakata nahi hai aur jo vyakti virodh karta hai kahi na kahi yeh lagata hai unko pata hai ki yeh jo ek gut hai isi mein yeh samasya hai yeh karaate hai aisa isliye yeh log iska virodh karte hai chauthi baar love jihaad yeh kehte hai political party ne avishkaar kiya main bata doon yeh do hazaar nau ka kerala high court ka ek judgement hai yeh padh le shahan shah versus state of kerala kerala high court ne bhi love jihaad ka istemaal kiya tha aur maine bataaya vidhaayika mein bhi ek report rakhi gayi thi to isliye yeh political masla hi nahi hai yeh religion neutral ek kaanoon haii silye anuched chudah ke hisaab se bhi uchit hai,0
36:05 ,(ANCHOR), thik hai  ,0
36:07 ,(SPEAKERÂ 2), mera ek bada sawaal hai maan lijiye aap do alag-alag dharm ke ladka aur ladki hai aur woh vivah karna chahate hai bahi dharm parivartan ki aavashyakata hi kya hai special marriage act hai aap dharm parivartan nahi kariye aur yeh aksar dekha gaya hai ki agar muslim mahila hai aur ladka hindu hai toh woh apni muslim identity ko rakhti hai aur shaadi ho jaati hai lekin jab iska viprit hota hai toh kyunki ek dharm vishesh kehta hai ki aapko  dharm parivartan karana padega aur isiliye samasya khadi hoti hai tasleem rehmani ji to scholar kehlate hai apne aapko inko chahiye ,0
36:42 ,(ANCHOR), thik hai thik hai thik hai ab mehaz aur yana  ,0
36:44 ,(SPEAKERÂ 2), aman ji ek second baat poori kar lo please ,0
36:45 ,(ANCHOR), mehaz aur yana mehaz mehaz mehaz thik hai mehaz khan ek cheez clear karte huye mahez khan yeh debate inter religion marriage par nahi hai us pe koi debate hi nahi hai woh aapki marzi hai kisi bhi marzi hai mehaz khan lekin bas ek sawaal mera yeh hai mehaz khan aapse pechaan chupa kar pyar ya pechaan chupa kar shaadi pyar ya jihaad pechaan ya dharm chupa kar shaadi pyar ya jihaad  ,0
37:16 ,(SPEAKERÂ 3), thik hai aman ji main aapke yeh behtuke sawaal ka to koi jawaab nahi hai ,0
37:21 ,(ANCHOR), yeh betuka yeh betuka hai yeh betuka hai pechaan chupa kar shaadi dharm chupa kar shaadi pyar hai yeh betuka sawaal hai dharm chupa kar shaadi pyar hai ya jihaad hai nahi betuka sawaal nahi hai mam aap phas jaati hai aise sawaalo par  ,1
37:39 ,(SPEAKERÂ 3), kaun dharm chupa raha hai ,0
37:41 ,(ANCHOR), woh love jihaadi chupa rahe hai  ,0
37:42 ,(SPEAKERÂ 3), consent se agar consent se agar to kal to yeh bataiye aap sirf yeh ek ek muslim propaganda kyu bana rahe ho isse pehle aapne christian propaganda bana ke rakha tha ,0
37:53 ,(ANCHOR), isme kahan religion ka jikar hai ordinance mein is ordinance mein mam ordinance padhiye mehaz ordinance mein koi religion nahi hai jikar koi bhi love jihaadi koi bhi jo aap suniye isme religion ka hai hi nahi sirf dharmaantran ki niyat se ki shaadi avedh ,0
38:10 ,(SPEAKERÂ 3), aapke yeh ordinance ka koi jaroorat hi nahi hai ,0
38:10 ,(ANCHOR), padhiye na padhiye padhiye ordinance mehaz padhiye ordinance  ,0
38:18 ,(SPEAKERÂ 3), aman main aap se bhais nahi kar sakti hun ,0
38:19 ,(ANCHOR), kyunki aap tarako mein tarako mein fail hoti hai mehaz  ,1
38:22 ,(SPEAKERÂ 3), ya to aap mujhe bolne ka mauka dijiye you haven't allowed me to even talk for five seconds ya to aap khud bolte rahiye main chup rehti hun aap complete kar lo phir main bol leti hun ,0
38:29 ,(ANCHOR), sawaal yeh hai sirf dharmaantan ki niyat se ki gayi shaadi sirf dharmaantran ki niyat se ki gayi shaadi galat ya sahi ,0
38:35 ,(SPEAKERÂ 3), sawaal aapne teen dafah keh diya sunne doge tab na ,0
38:37 ,(ANCHOR), boliye boliye  ,0
38:39 ,(SPEAKERÂ 3), one sided agar aap bologe  aap bolte rahoge main yeh keh rahi hun ki jab humare samvidhan mein article humare special marriage act ki already ek mentioning hai aur iske tehait mein humari marriages hoti hai jisme koi bhi dharm ka insaan ho woh kar sakta hai doosri baat yeh hai aap do cheezo ko yahan par interlock kar rahe ek bandha apni free will se agar apne aapko convert karta hai ki maan lo ki kal agar main apne aap ko musalman se you know koi you know jain banana chahti hun ya sikhism lena chahti hun ya hinduism mein convert karna chahti hun au uske baad main kisi ek insaan se shaadi karti hun to yeh meri marzi hai this is exactly what what article twenty five says ,0
39:12 ,(ANCHOR), marzi ke khilaf koi nahi jaa raha mehaz woh dhokhe ke khilaf hai yeh kaanoon pyar ke khilaf nahi hai jihaad ke khilaf hai yana thirty second aapko mujhe windup karna hai yana thirty second aapko mujhe windup karna hai  ,0
39:22 ,(SPEAKERÂ 4), ji pehle pehle inko chup karaiye because honestly aisa mazaa nahi aata hai ,0
39:26 ,(ANCHOR), yana thirty second aapko mujhe windup karna hai boliye yana koi nahi bol raha beech mein  ,0
39:29 ,(SPEAKERÂ 4), aman agar aise log debate pe aate hai jaise aap keh rahe hai jisne ordinance padha hi nahi hai aur sirf yahan propaganda karne aayi hai to mazaa bhi nahi aata debate karne toh please mujhe bolne dijiye without her talking in the middle ,0
39:37 ,(ANCHOR), thik hai thirty second  ,0
39:38 ,(SPEAKERÂ 4), aur aur main bas itna chahti hun ki jo musalman constitution ki baat karte hai jo musalman kehte hai ki unhone unhone pakistan nahi jaa ke india mein reh ke bahut bada kaam kar liya hai ehsaan kar liya india pe hum jaise musalman to kyu nahi hum apni hindu bheno ke baare mein bhi kabhi soch le jo hindu bhene wahan pe tadap rahi hai pakistan mein unke liye yahan pe caa ka lagu kiya gaya uske khilaf bhi aap log bole ab ab yeh jab lagu hua hai un bheno ke liye jinke jinko burghalaya jaa raha hai jinko jinko fool karke shaadi kia jaa raha hai phir unko convert karne par majboor kiya ja raha aap un bheno ka bhi sochiye ki aap un bheno ka to sochenge hi nahi ,0
40:12 ,(ANCHOR), main keh raha hun kuch bhi sawaal ho vishnu jain ka sawaal sabse sahi hai dharmaantan ki niyat se ki gayi shaadi agalat hai bas seedhi si baat hai bahut bahut shukriya vishnu jain gaurav bhatia mehaz khan yana mirchandani tasleem ahmed rehmani bhi vijay shankar tiwari aap sab ka bahut bahut shukriya is sawaal ki koi kaat nahi hai bina matlab dharmaantran ki niyat se ki gayi shaadi jo hai woh poori tarike se avedh hai badi khabar is waqt ki aapko bata de cyclone nivaar ki vajah se udano par rokh chennai airport par vimaan sewa rokh di gayi hai chennai airport par jo hai shaam saat baje se aaj shaam saat baje se kal subah saat baje tak hawai sewa par rokh chennai airport par nivaar chakravati nivaar toofan ki vajah se yeh badi khabar aaj shaam saat baje se le kar kal subah saat baje tak chennai airport par vimaan sewa rokhi gayi hai aur ek aur badi khabar aapko bata de naye kisaan kaanoon ke khilaf punjab ke kisaano ne delhi march kiya hai lekin kisaano ko haryana border par hi rokh diya gaya hai haryana border par kisaano ko rokh diya gaya hai ki jagaon par police aur kisaano ke beech jhadap bhi huri hai yeh dekhiye aap tasveere water cannon ka istemaal kiya gaya police aur kisaano ke beech jhadap huyi hai haryana border par rokh diya gaya hai yeh dekhiye tasveere aap water cannon ka istemaal wahan par kiya gaya kurkshetra mein kisaano par paani boochaar ki gayi hai naye krishi kaanoon ke khilaf delhi kooch kar rahe hai yeh kisaan punjab ke kisaan lekin haryana border par hi inko rokh diya gaya aur wahan se aage nahi aane diya gaya ek chota sa break taal thok ke pe ek chota sa break le rahe hai,1
