timeStamp,speaker,text,label
00:13 ,(anchor), namaskaar aap dekh rhe halla bol aapke saath mein hoon anjana om kashyap aur aaj bihar ke jamuee se halla bol ke special episode mein aapka swagat hai kyunki ek taraf PM narendra modi ne chunaavee prachaar kee kamaan sambhaalee hai NDA kee taraf se to rahul gandhi bhee aaj chunaavee maidaan mein utare prachaar ke saathee kya rahul gandhi aur tejaswi par janata dikhaegee bharosa ya phir PM narendra modi aur jis tarah se aaj unhonne nitesh kumar ka bachaav kiya hai 15 saalon ke unke shaasan ka bachaav kiya hai uss par karegi janta bharosa . lekin issi ke saath sawal yeh bhi hai ki anuched 370 ke mudde ko aaj fir se PM narendra modi ne bihar ke sasaram se lekar gaya bhagalpur jahan par unki ralliyan hui unhone uthaya. ek baar fir se PM ne kha ki jo log anuched 370 ke htaye jaane ke khilaf hai unke hath mai aap stta kaise somp sakte hai aur yeh bhi yaad dilaya kee galwan mein shaheed hue bihaar rejiment ke javaan isee bihaar kee dharatee ke the vah kaise aise logon ka saath de sakate hain. kaise ab raajaneeti aage badh rahee hai aur aaj chunaav prachaar prasaar ka kya andaaj netaon ka. pehle iss report mai dekhiye fir khaas mehman tamaam partiyon se jud rhe hain jinke sath hum krenge charcha.,0
06:40 ,(anchor)," aaiye aapko seedhe liye chalte hai behes ki shuruwat kar rhe hain gaurav bhatia bjp ke hmare sath jud gye hain pawan kheda congress ke hai, ajay alok jdu ke jud gye hai, mritunjay tiwari rjd ka paksh rkhenge aur avind vajpayee lok jan shakti ka party ka paksh rkhne ke liye iss puri charcha mai jud rhe hain lekin aaj mai pawan kheda ji mai aapke sath shuruwat karna chahti hoon. PM keh rhe hain chahe kaise bhi takato se jud jaye desh ke hitt mai jo faisle hai wo hum le rhe hain aur un faislon mein aap bhee hamaare saath rahie NDA ko hi vote keejie aur unhonne khulakar baat kiya nitish kumar ko aur unke 15 saal aur yah bhee kaha hai ki vah log jo anuchchhed 370 ko hataane kee baat karate hain un sab se door honge jo bhrashtaachaar mein lipt hain unse door hai zahir tor par vah mahaagathabandhan ishara kar rhe hain. kya kahie?",0
07:31 ,(Speaker 1)," aaj manch par baithakar, nitish kumar ji ke munh par, modi ji ne unako failed cheeph ministar ka sartiphiket de daala aur nitish kumar ji kuchh bol na pae. 10 saal to unke barbaad hee kar de paanee mein ki kuch hua hi nhi tha kuchh hua hee nahin 10 saal. to nitish baaboo aaj sveekaar kar le ki ab jo bhee woh vote maang rahe hain pichhale saadhe 3 saal ya 3 saal ke bila par maang rahe. kyunki 10 saal to UPA ne modi ji kahate hain barbaad kar die bihaar aur dedh saal  mahaagathabandhan kee sarakaar thi toh modi ji aae hain ek agenda lekar ki kaise sthaaneey muddon se dhyaan bataaya jae kaise viphalataon se dhyaan bataaya jae kaise berojagaaree se palaayan karate hue majadooron se. kaise is baat se dhyaan hataaya jae ki ek naya aspataal nahin bana pichhale 15 saal mein, ek naee university nahin banee central university 15 saal mein, ek naya udyog nahin lagaaya gaya pichhale 15 saal mein modi ji jaanate hain samajhadaar rajnetik hai. wo jaanate hain kyon viphalataon ke saamane ab wo kya karenge. jab bhee modi ji ghabaraate hain paakistaan ko aage late hain. kabhi kashmeer ko le aaenge kabhi paakistaan ko le aaenge kabhi hindoo-musalamaan le aaenge kabhee kabristaan shmashaan le aaenge laate rahe. bihaar ke naujavaan ne thaam liya hai ki yah chunaav naukaree ke mudde par lada ja raha hai aur jo vyakti naujavaan neta unko naukaree ka baat kar raha hai ki ham itne lakh naukaree denge . wo jaanta hai. uskee bhaasha samajhata hai. udhar bhaarateey janata paartee kahatee hai ki ham 1900000. naukariyon ke avasar denge avasar dena aur naukaree dene mein antar bhee bihaar ka naujavaan jaanta hai.",0
09:15 ,(anchor)," theek hai, theek hai. yahin se charcha ke lie chalata hai kya naukaree par puraana narative chunaav ko lekar aane ka shray tejaswi yadav ko jaega iss pure chunaav mai, gaurav bhatia ji aur wo jo keh rhe the uska jawaab?",0
09:30 ,(speaker 2)," bilkul, dekhiye sabse pahale to main samajhata hoon ki kaangres mein ek beemaaree hai. kaangres vahee sunatee hai vahee dekhatee hai anjana ji jo inako dekhana aur sunana hota hai. janata se bahut door aaraam se bhee VIP raajaneeti log karate hai. aur machhalee jal bina rah sakatee hai lekin kaangres 70 bichauliyon ke bina nahin rahata. main pavan ji ko sun raha tha unhonne kaha ki narendra modi ji ne jo sthaaneey mudde hain unaki baat hee nahin ki. main aapase poochhana chaahoonga ki jab baat karee gareebon kee, mazdooron ki, shiksha kee ,svaasthy kee. jab hamaara sankalp patr aaya. hum aiims denge kaise,kaise svaasthy chikitsa mein sudhaar kiya aur aage bhee karenge. toh yhe kya sthaaneey mudde nahin hai? lekin dekhiye yeh vichitr chunaav hai. ek taraf majaboot nda hai jisake paas narendra modi ji jaisa yashasvee neta aur ek sushaasan hai baaboo jo hamaare nitish kumar ji hai doosaree taraf kaangres party hai. kaangres paartee kee adhyaksh soniya gandhi ji kitni rally karengi. kitana janasampark karenge pavan ji bataen.dusri baat, jo laaloo prasaad yadav ji hain, jo adhyaksh rahe saalon saal mukhyamantree rahe unakee jo patni thi raabdee devi ji vah bhee mukhyamantree rahee. aaj laaloo prasaad yadav ka vah tasveer bhee nahin hai, kyon nahin hai kyunki ek viraasat chhodakar gaee hai RJD. aur wo viraasat kya hai? viraasat hai gundaagardee ki, loot kee, apaharan kee aur usako jo hai yah log chaahate hain janata bhool jae aur janata bhoolegi nhi. aur aaj main ek bada savaal pavan ji se karoonga. bahut hee achchhe pravakta hai mere mitr hain mujhe achchha lagata hai jab inake saath charcha karata hoon. anuchchhed 370 ka narendra modi ji ne uthaaya aur isliye uthaaya kyunki kashmeer ke lie desh ke lie jaan de dete hain jo hamaare bihari sapoot hain kalavaan mein bhee hamane yah dekh aur kaangres paartee ke p chitambram kehte hai ki anuchchhed 370 jo hai vah baahar ho jae. mai puchna chahta hoon pavan kheda ji, saare bihaaree saare hindustaanee aaj aapase poochh rahe hain anuchchhed 370 kya bahaal karana chaahate hain yah janata ko bataie?",0
11:50 ,(anchor), haan,0
11:50 ,(speaker 2),"mera ek sawaal aur hai. dekhiye sanjan ji wade key karte hai, aur poora ham karate hain.",0
11:54 ,(anchor), pawan ji ek response fir anya mehmano ke pass jaungi. pawan ji ek chota sa response.,0
12:02 ,(speaker 1)," mere mitr, mere mitr gaurav bhatia bata rahe the ki kis tasveer laga rahe hain ham log kis ki nahin laga rahe. mai bolu ya ruku? ji. gaurav bhaatia ji bata rahe the ki kaun see paartee kisakee photo lagaatee hai nahin lagati. bhaatiya ji NDA shivasena gaee, akaalee dal gaya LJP gaya, gorakhaaland janamukti morcha gaya. NDA mein aaj jo rally hui thi tasveeren to do vahaan gaayab thi jeetan raam maanjhee kee tasveer gayab, mukesh saahanee kee tasveer gaayab. dheere-dheere 10 taareekh aane deejie bihaar se NDA hee gaayab hone wala hai. bahut badee baat kar rahe 370 arre aap sthaaneey mudde laee ham usamen javaab dene ko taiyaar hain, aap raashtreey mudde laee hai us par javaab dene ko taiyaar hain, aap natarsahtriy mudde laiye hum usspe jawab dene ko taiyaar hai. bataie pahale 370 toh bihar baad mein baat kar lega mai uss par bhi charcha krne ko taiyaar dohrane ki koi avashyakta nhi hai. highway number 70 phir baat karie 370 ki.",0
13:22 ,(anchor), lekin lekin mukeshsahnee ki tasveer sasaram mai toh lagi hui thi. ek second pawan kheda ji ek correction aapakee raat mein karate hue. mukesh saahanee kee tasveer saasaaraam mein lagee huee thee. jeetan ram manjhi ka naam bhi PM ne liya tha.,0
13:41 ,(speaker 1), kya donon rallies mein to laaloo yadav ji ka naam to ham sab le hee rahe hain lekin ham yah poochh rahe hain kya donon rallies mein in donon netaon kee photo thee ya nahin thee.,0
13:48 ,(anchor)," arre yahan toh tejaswi yadav apne mata pita ki photo lga rhe sir. yahan toh tejaswi yadav apne mata pita ki photo nhi lga rhe. chaliye theek hai aage badhate hai behens ko aage badhate hain. ke baar ajay alok ji ke pass chalte hain. ajay alok ji, ajay alok ji, ajay alok ji",0
14:12 ,(speaker 3), ji anjana ji ,0
14:16 ,(anchor), nhi tasveeron par lda jaye nhi aap laye tasveere. tasveeron ki bhens aapne shuru ki thi isliye maine kha ki tasveeron mai kya rkha hai. gadhbandhan ho gya ho gya hai. mai aapke pass aana chahti hoon dekhiye kya jab PM sasaraam ajay alok ji pehli apni rally kar rhe the. nitish kumar ne bhi choti shuwati baat thodi si ki. ek nervousness JDU mai dikhta hai. nitish kumar ke naam par. kya aap log pure tarah se modi bharose hain? seedha sawal bol rhi hoon idhar udhar ke shabd kiye bina.,0
14:50 ,(speaker 3), mujhe samajh mai nhi aata.,0
14:52 ,(anchor),"nitish kumar ke anti incumbency se aap log thode se pareshan ha, hile hue hain? modi bharose hain?",0
14:57 ,(speaker 3)," 2005 ld gye , 10 lad gye, 14 lad gye, 15 lad gye bjp ke ath bhi bjp ke virodh mai bhi sarkaar bhi bnai fir bhi hum modi bharose hain. kyun nhi bhaorse rhenge aur modi ji hmare bharose kyun nhi rhenge. coalition mein sab log ek doosare ke bharose hain tabhee toh coalition hota hai nahin to coalition kyun karna hai. aiye zara naukri ki baat par. zra pawan ji ko ek information taki wo aage iska jawab bhule na. jante hai bilkul naukri ki sahee baat aap keh rhe hain. naukri bilkul mudda hona chahiye lekin pawan kheda ji yah baat aap bole ki main naukaree doonga toh shayad bihari vishvaas kar le, yeh baat gaurav bhaatiya bolenge bihari vishvaas kar lekin yeh baat tejaswi yadav bolenge na koi bihari vishwas nhi krega. aaj bihaar kee janata kahane lage vaapas kee mangaroo ke jameen kab lautega. aapko pata hee hai mangaroo yadav, yadav ji ke bhaee the jinakee jameen likh vaalee tejaswi yadav ne pane naam par. aise magaroo ki ke list 1000 jo cbi court mein jama hai. jin ko naukaree dene ke badale jameen li gaee.  lalan chaudharee , naaraayan prasaad lain lagee huee hai kaanti devi unke apane MLC raakesh ranjan, mohammad shamee. inn sab se zameen likhwa li, makan likhwa liye , kisi ko naukri dene ke badle, kisi ko mantri bnane ke badle sansad ke badle. aisi party ke sath aap gathabandhan krke chaliye. khair kre kyun nhi? ab mai kahun toh aap bolenge ki mai badtameezi kar rha hoon lekin sachai toh yeh hi hai ki kahin na kahin mansik swabhav milta hai aap logon ka. iss liye bihar ki janata aaj teju baba sa puchti hai har jagah mangaroo ki zameen kab lautegi?",0
16:27 ,(speaker 1)," mai zara yeh list hi gina rhe hain anajana ji, yeh list hi ginaare to main bhee jara inhe list gina doon. ajay alok ji bde padhe likhe pravakta hai  samajhadaar vyakti hain bataie jara?",0
16:41 ,(speaker 3), aap bihari ko btaiye.,0
16:39 ,(speaker 1)," mai abhi aur bataunga, mai aapko ek list btata hoon.sar mere haath mein bhee nahin hoga rakh deta hoon lekin meree baat to sun leejie ab aap beech mein mat bolie na. ajay aalok ji. list mai bata deta hoon srjan ghotaala, shauchaalay ghotaala. naljhal ghotaala 7 -nishchay saat nishchay ghotaala papar leak-ghotaala VPSCS ghotaala ghotaalon kee list kampanee srjan. jisakee vajah se aapane hamaara naam hmara bhi daaman chhod diya kya dar tha kya bhay tha? aapke beech mai nhi bola ki mai chup rha toh aap bhi chup rhiye accha rhega debate acchi tarah chalegi. srjan ghotaale kee vajah se aap dar ke maare phir chale gae modi ji ke paas yah to poora bihaar main to jab se yahaan patana aaya hoon subah se shaam yahee sunata hoon iss srjan ka fevikcol kaise asani se nahin too tootega ham samajh sakate hain ab aap nahin toot sakate beejepee se kyunki srjan ne juda hua hai aap donon ko.  toh ghotaalon kee baat na karen to achchha rahega yahaan se nikale sadak par aur log bataana shuroo kar dete hain kaun sa ghotaala kisane kiya. naukaree kee baat isliye mani jayegi kyunki tejaswi yadav jo kah rahe hain vah kah rahe naukaree dee jaegee pehla nirnay cabinet ka naukariyon ka hoga saade chaar laakh vacancies aap nahin bhar pae teachers kee vaikensee bhar pae.",0
18:10 ,(speaker 3), galat.,0
18:09 ,(speaker 1), kitne lecturers kee vacancies hai 92000 wo nahi bhar paye kya galat?,0
18:19 ,(anchor), sarkari naukriyo par jo 1000000 pawan ji issi par ek jawab le lete hain unse. jab 10 lakh sarkari naukriyon ki baat kar rhe hain tejavee yadav ajay alok ji toh yeh kyun aap namunkin bta rhe hain kyun keh rhe hain nitish ji ki kahan se paisa aayega aur yahan beejepee 1900000 ki baat kar rhi hai.,0
18:40 ,(speaker 3)," accha theek hai, ab mai jawab deta hoon bjp pehli baar 1900000 naukri ki nhi, 19 lakh rozgaar ki baat kar rhi hai uska hum samarthan bhi bhee karate hain. ",0
18:51 ,(speaker 1)," yeh dekh lijie, yahin se yahin se shuru ho gye ghotaale bazi shuru ho gyi. naukri nhi denge, naukaree ke avasar denge.",0
19:13 ,(speaker 3)," arre aaiye aap mehmaan hai mere ghar mai khana khane aaiye, mehmaan hai aap mere. mai ab aapko dusri baat btata hoon.",0
19:16 ,(anchor), pawan ji yeh sab discount bihar mai nhi milta hai. khaana wana khila denge bolne mai nhi muka denge. patna mai yeh sab discount nhi chlta hai. ,0
19:25 ,(speaker 3)," pawan ji suniye suniye suniye 4.5 lakh. point number 1, sarkar mai 4.5 lakh ki vacancy hai pawan ji mai aapko sarkar ki taraf se adhikaari ka 1 lakh ki vacancy thi august ke antim saptah mai. nikal lijiyega website se kam se kam aap unki bhasha mat boliye kyunki aap padhe likhe vyakti hai. 1 lakh ki vacancy thi jisme 70000 ki namnkan ki prakriya, bahali ki prakriya september pehle saptah mai achar sahita lagne ke pehle shuru kar di gyi hai jisme police ke sipahi hai. theek hai aur swasth vibhag m ke kuch karamchari hai. baaki bache 1 lakh acchar sahita ke baad sarkar jab bnegi toh sarkar kregi. pehla jhoot yeh. dusra jhoot 5.5 lakh naukri aap srjan krenge kaise aap pehle hastakshar mai srjan kar lenge bina finance kre invent kiye hue. 60000 crore rupay lagenge srjan krne ke liye. kahan se layenge? kotwal jail se lalu ji bhejenge? uber ke sath sandhi ho gyi hai aaj kal pawan ji kam se kam aap toh sawaal sahi poochiye desh chlaya hua hai aapne. aapke yuvraj kehte hai.",0
20:32 ,(anchor), iska jawab mritunjay tiwari ji denge. mritunjay tiwari denge. mai le rhi hoon pawan ji ek second. theek hai 10 second le lijiye.,0
20:42 ,(speaker 1), 80 hajaar crore ka budget ka surrendar kar dete ho aap kharch nahin kar paate ho toh yeh 60000 crore wahan se aayega. per year aap 80000 crore kyun nhi kharch kar pate hain? ,0
21:17 ,(anchor), ek ek karke,0
21:30 ,(anchor), theek hai pawan ji ho gya pawan ji ho gya. pawan ji mujhe pta hai patna aa kar josh aa gya hai lekin thoda sa aaram se sabki baari aayegi. aapne 10 second manga tha na sir aapne. 10 second manga tha.,1
21:49 ,(speaker 3), mai badtameezi nhi kar rha aap sunne ke liye taiyaar nhi hai.,0
21:52 ,(anchor), 10 second ka waqt manga tha aapne. please.,0
22:03 ,(anchor)," theek hai ajay alok ji, ajay alok ji unhone jo bola hai uss par mritunjay ji se jawab lete hain. arre ajay alok ji ne jo bola hai uss par jawab lete hain.",0
22:13 ,(speaker 1), mujhe bas iska jawab dijie ki 80000 crore aap budget ka har saal kharch kyun nhi kar pate hain.,0
22:22 ,(anchor), mritunjay tiwari ji arcind vajpayee ji ke pass mujhe jaane dijie awaaz nichi kijie. ek second mai aa rhi hoon ajay alok ji aapse mai pura jawab lungi har baat ka lungi gaurav bhatia aapke pass bhi aa rhi hoon. ek baar mritunjay tiwari aur inse le lene dijiye.yeh jo ajay alok ne kahan hai seedha tejaswi yadav par aarop lgaya hai zameen hadapne ka uss par jawab dijie aur keh rhe hain ki koi bharosa krega jab tejavee yadav keh rhe hain ki naukri denge. jawab dijie mritunjay ji.,0
