timeStamp,speaker,text,label
21:41 ,(anchor), lekin intezar kis cheez ka fir baat ko khulne ke liya?,0
21:44 ,(speaker 1)," upchar hoga, upchaar ka matalab yah nahin ki ekadam se danda chalata, upchaar ke kai tareeke hai aur mujhe desh ke netrtv mein pradhaanamantree jee par poora bharosa hai ki upachaar kee pooree rananeeti unake paas hai. upchaar ka  tareeka unake paas. upchaar hoga aur jaldi hoga.",0
22:03 ,(anchor), sir 6 saal to ho chuke. kitni lambi yojna hai?,0
22:06 ,(speaker 1)," lambi yojna nhi hai, kaee cheejon ko jab dheere-dheere sekhte hai toh acchi banti hai. jaldee karane se bhee nukasaan hota hai.",0
22:14 ,(anchor), aakharee savaal hai. paakistaan ne aaj haaphij saeed par kaarravaee kee hai. aur anti-terror court mein saade 10 saal kee saja sunaee hai. aapako lagata hai duniya ke dabaav mein bhaarat ke dabaav mein paakistaan thoda serious hua hai. ya phir yeh rangamanch ka scene hai jo har thode din mein kuchh na kuchh aisa dikhaee deta hai wahan bas.,0
22:31 ,(speaker 1), mere vyaktigat vichaar dhara yeh hai ki paakistaan par vishvaas nhi kar sakte. jo rediyo jhootistaan chalaata tha 1965 mein. usee par kya vishvaas karenge aaj aapako ek naatak karake dikhaega jee aapake hafez saeed free ho gaya. kal usako nikaal kar kaheen aur baitha dega. toh jab tak cheejen ke oopar poore tareeke se koee  poora action nahin hota hai tab tak main to vishvaas nahin karunga.,0
23:02 ,(anchor), toh yeh action paakistaan karen ya samay aa gaya ki bhaarat ko koee ekshan kar lena chahiye ab.,0
23:05 ,(speaker 1), dekhiye ekshan jab samay aaega tab har ek cheej ka upayog samay hota hai. upyukt tareeke banae jaate hain aur mujhe pooree ummeed hai ki abhee toh paakistaan ke hukmaraanon ko apanee sena se dar lagana chaahie jis tareeke se badhaalee chal rahee hai. pata nhi kitne din aur rahenge wahan par wo log. ,0
23:30 ,(anchor),toh bhaarat sarakaar ke mantree ko nahin lekin bhaarateey sena ke poorv pramukh ko kya yah nahin lagata ki yahee best time hai jab bhaarat ko paakistaan ke khilaaph ekshan lena chaahie bda?,0
23:39 ,(speaker 1)," nhi yaar. dekhiye har cheej siraf sena kee sooch nhi hoti hai, jab desh kaam karata hai toh usme sabakee soch hoti hai aur kisee bhee cheej ko aage le jaane ke lie usme raajaneetik, kootaneetik aur senayneeti ke hisaab se teenon cheejon ko jab tak milaakar hamen chalenge tab tak acchi cheez nhi bnegi.",0
24:07 ,(anchor)," bohot bohot dhanyavaad general VK singh, kendreey mantree, aur bhaarateey sena ke poorv pramukh wo aaj tak par the.",0
24:15 ,(anchor)," dangal aap dekh rahe hain aap dikhaoge toh jaan se jaoge surakshaabalon ne seedhee chunautee aatankavaadiyon ko de die aaj truck mein aatankavaadee the, jesh ke aatankavaadee the aur sena ne unn par surakshaabalon ne milakar kaarravaee kee aur vahee unako dher kar diya gaya. hamaare saath bhat hai PDP ke neta. bhat sahab baat sun lee aapane general sahab ki. boliye apni baat aur fir shahnawaz hussain aur kulkarni sahab aap.",0
24:38 ,(speaker 2)," mai general sahab se ittephaak nahin karata hoon, main agree nahin karata hoon ki yahaan pichhale 1 saal se jyaada haalaat kharaab ho gae hain. yahi woh log hain jinake kiye aur karanee mein phark hai. hamaare prime minister saahab jaate hain paakistaan, wahan birayaanee khaate narendr modee jee sahab toh woh uss time inko yaad nahin rahata hamaaree javaanee kee kurbaanee.",0
25:00 ,(anchor), aapko yaad nhi tha jab mehbooba ji ko kursi par bitha rhe the? tab aapko yaad nhi tha ki yeh pakistan mai biryani kha kar aa rhe hain?,1
25:05 ,(speaker 2), aap meri baat suniye,0
25:07 ,(anchor), ya tab aapko suit krta tha ki kursi mil rhi hai toh chlo koi baat nhi.,1
25:08 ,(speaker 2)," jab vajpayee ji huriyat se baat krte hain, yasid malik se baat krte hain fir sab kuch theek hota hai.",0
25:16 ,(anchor), toh aap yeh chah rhe hain ki inn sab se baat ho firse?,1
25:21 ,(speaker 2), nhi nhi meri baat suniye na. mai yeh kehta hoon tab yeh saara kuch theek hota hai. toh galat tab hota hai jab inke interest ke agenst jaata hai.,0
25:28 ,(anchor), inke interest ke ya aapke interest ke. dekhie hamaara interest desh ka interest hai hamaara interest paartee ka interest nahin hai.,1
25:35 ,(anchor), desh ka interest? aapko toh tiranga nhi uthane ki dhamkiya dete hain baithke. aap tirange ko hath nhi lgane ki dhamkiya dete hai aur fir desh ka interest btate hain?,1
25:45 ,(speaker 2), ji???,0
25:47 ,(anchor)," aap toh tirange ka rishta khatam krne ki dhamakee dete hain, aap desh ka interest bata rhe hain.",1
25:50 ,(speaker 2), sabase sabase sabase jyaada tirange ka apamaan agar kiya kisee ne hai woh r.s.s. ne kiya hai.,0
25:57 ,(anchor), accha aap toh samaan kar rhe the na wahan baithke bhashan dekar uss din?,1
26:01 ,(speaker 2), aap mujhe bataen yahaan to hamesha 70 saalon se kis ne samn kiya. ,0
26:06 ,(anchor), rss chunaav ladatee hai? rss ka mantree banata hai? rss ka mla hota hai? rss ka mukhya mantri banta hai? rss chunaav ladti hai aapki tarah? rss se tulna karte hai aap apni party ki. aapko apni party aur rss mai koi antar nhi nazar nhi aata.,0
26:24 ,(speaker 2), unko to anti-national bolte hai aap.,0
26:26 ,(anchor), btaiye aapko apni party aur rss mai koi farak nazar nhi aata?,0
26:31 ,(speaker 2)," unko toh aap dhamkiya de rhe hain, unko toh aap jaan ki dhamkiya de rhe hain.",0
26:34 ,(anchor)," theek hai chaliye, ek second rukiye, bhat ji thoda rukte hue. abhay dubey aur fir shahnawaz hussain fatafat se. abhay dubey pehle aapka comment uske baad shahnawaz ji. boliye abhay dubey.",0
26:47 ,(speaker 3), dekhiye rohit ji.,0
26:50 ,(anchor), raina sahab please suniye na ek baar. boliye.,0
26:51 ,(speaker 3), dekhiye rohit ji pehle toh mai bhaarateey sena surakshaabalon ka aur pulis ka tahe dil se shukriya ada karata hoon ki itanee badee saajish ko paakistaan par sthit aatankee saajish ko naakaam kiya.,0
27:04 ,(anchor), chaliye aaj support nhi manga kam se kam. theek hai.,0
27:05 ,(speaker 3), BJP ka rviya kya hai? BJP jammu kashmir mai toh kehti hai ki gupkaar gang se teen tallak aur laddaakh mein jaakar satta kya ka haneemoon banaatee hai yah kaisa daura charitr in logon ka. saiphulla jaise aatankavaadee ko amit shaah jee kee vishesh anukampa mein vahaan chunaav ladaane ke lie tikat yah log dete hain. yeh gambheer baat samajhanee chaahie abhee MEA ke spokesperson ne apanee pres briefing mein bataaya hai ki 4000 se adhik seejaphaayar vaayaleshan hue hain aur paakistaan ne intaraneshanal bordar par kort doktar se aur drone se badee maatra mein hathiyaar aur drag supply kie hain. UN ki jo 26th analytical report mein kaha ki karnaatak aur karela mein badee sankhya mein isis ke aatankee hai. NIA ne 34 case register kiye hai isis ki presence ke aur 20 case kiye hain lashkar.,0
27:57 ,(anchor),"abhay ji rehne dijiye, unko pakda jayega toh aap log unki parwahi mai khade ho jayenge ki baccho ko fasaya jaa rha hai. jab unko pakda jayega jinke isis se rishte aa rhe hai toh aap hi khade ho jayenge parwahi mai ki kyun karwahi kar rhe ho aur baccho ko fasa rhe ho. shahnawaz ji jawab dijiye unki baat ka. shahnawaz ji jawab dijiye unki baat ka.",1
28:19 ,(speaker 4)," jo jo batla house kaand mai yeh sonia ji rone lag thi yeh kha tha aur jab yeh saboot gang ko aaj saboot mil gaya na yah to sarjikal straik par saboot maangate hain, baalaakot saboot maangate hain, aatankiyon ke jab maamala hua ki khoon kee dalaalee kah dee thee aur aaj aaj jo haalat hai. sun leejie dube jee dube jee sunn lijiye. 28:50 (anchor) dube jee sunn kijiye na.",0
28:50 ,(speaker 4), arre mai janta hoon mere shabd chubhenge aap ko.,0
28:56 ,(speaker 3), sharam se doob marna chahiye BJP ko.,0
28:56 ,(anchor), accha dubey ji ab sunn toh lijiye. dubey ji sunn toh lijiye. ho gya na aap sunn lijiye na.,0
29:00 ,(speaker 4)," dubey ji sabse purani party hai aapko sharm hi nhi aati. aap sharm se dub nhi marte ho. share shareef ne mast gul ko chhoda tha aap logon ne. aap logon ne surgical strike par sawaal poocha, balakot par poocha, sena ke general ko galli ka gunda kaha. aap log toh sena ka, police ka apmaan krte ho. aatankwadiyon ka samaan karte ho. jab batla house kand mai maara gya aatanki toh aap usspe aapne kaha ki sonia ji soi nhi rone lagi. aapko sawaal yeh hai ki aap iss desh mai aatanki ke pehredaar ho. aap toh aatankwadiyon ki wakalat krte ho. aur aap logon ne aatankwaad diya hai dhara 370 aapne lgaya tha agar pandit jawaharlal nehru ne agar dhara 370 nhi lgaya hota itni badi problem nhi hoti. ab dhara 370 wahan chunaav ho rhe hain aur aap log pareshan ho rhe ho. aapne guptargang ke saath pura taal mail hai aapka hai. pura desh jaanta hai ki aap log sirf aatankwaad par rona rone wale. aatankwadiyon par rone wale. dor deshbhakt ka aur sena ka aur army ka apne jammu kashmir police ke jo log shaheed hote hain toh aap log uska saboot mang lete ho. puri duniya jaanti hai. arre biryani hmare yahan nhi khate, aap murga biryani wale aap log hain. kyun bolte ho? narendra modi ji veg hai. biryani aur murga khana yeh toh aap logon ka kaam hai na. aap log na biryani nihari, nalli aur biryani yeh sab jo congress ke shabd hai, hum logon ke shabd nhi hai. aap log ho jinhone aap bhul gye rajiv gandhi shrare shareef mai uss waqt mastgul ko jane diya tha. aap log ho kaun, aatankwaad ke, punjab mai aatankwaad paida hua.",0
30:58 ,(anchor)," dekhiye diljasp hai. theek hai sir ho gya. ho gya ab ek second, ek second rukiye sir. theek shahnawab ji. shahnawab ji, ek second. dekhiye lieutenant general baithe retired sunn rhe hai ki iss desh ki partiyan kis zalalat ke sath puri zimmedari ko kinaare rakhen. besharmee se baithakar TV par ek doosare par keval kichad uthaane ka kaam karate hain jab jisakee sarakaar hotee hai wo pooree satta kee malaee khaata hai aur jaisee baahar ho jaata hai usake baad doosare ko jimmedaar bataane lagata hai. sahee karo mai sanjay kulakarnee sahab.",1
31:35 ,(speaker 5)," rohit main aapako bataana chaahoonga yah jitana bhee paakistaan karen desperate hai. yeh bhokhla gya hai hai ka. november ka maheena aa gaya, sardee aane vaalee hai jabaradast kadaake kee sardee mein infiltration bahut mushkil hota hai. wo jyaada se jyaada aatankwadiyon ko dhakelkarke instability karana chaahata hai kashmir ke andar. aur yeh hi ek karan hai uss maal mai panchayati raj election jo hone wale hain, uska kis tareeke se dhakal andaz kiya jaye aur iss sab mamle mai jitne bhi aatankavaadee aate hain unhe kahin na kahin apne logistics facilities chahiye hoti hai. toh aap dekhiyega jis tareeke se gupkar ke jo log hai chup karke jis tareeke se logisitics support milta hai. ab dekhiye aazadi ke baad 10 saal sheikh abdullah, 10 saal farookh abdullah, 6 saal umar abdullah, 4 saal mukhti mohommad ji aur 2 saal mehbooba ji. itne saal raaj krne ke baad bhi agar aatank kashmir ghati se nhi khatam ho rha hai toh isko sochna hai hme ki kya karan hai. ab cheen ke ishare ke upar pakistan jo hai zabardast hindustaan ke upar dabaav dalne ki koshish kar rha hai. isliye albadal jaise khatam organisations ko bhi paisa pura jaa rha hai. jaish kaise militants ko train kiye jaa rha hai. launch pads par 300-350 militants taiyaar hai air infiltrate krne ke liye. yeh kyun ho rha hai? hindustaan ko kis tareeke se destabilise kiya jaye. agar hindustaan ke andar hi alag alag awaaze uthegi toh iska fayda dushman uthane ki koshish kar rha hai.",0
32:59 ,(anchor)," gurmeet singh sahab, yeh gupkaar kis par upkaar karna chahta hai? ek aur doosara upachaar kya hai? ilaaj kya hai? aatankavaadiyon se lade ya raajaneetik paartee aapas mein lade jaise yeh TV par baithakar ladti hai?",0
33:13 ,(speaker 6)," rohit ji aapne bilkul theek kha, dekhiye jo gupakaar declaration aur alliance hai. inko upkaar karna chahiye jaamu and kashmir ke awam ke upar bhi aur inko  saath dena chahiye development shanti ke liye aur badi baat yeh hai ki yeh utne hai dangal mai ek agenda aur bias ke sath mai. yeh utre hain anti india forces ko support karne ke liye. yeh utre hai development of peace ke barkhast lekin aaj bda din hai. aaj bda din isliye hai ki ek itni badi success mili hai security forces ko. clean operation kiya hai dekhiye rohit ji isme ek aur badi baat yeh hai. yeh pakistan state aur pakistan army aur isi ka organised aur well planned aur calibrate action tha. agar aap pichle kuch din ki baat par jaaye environment par jaye toh theek 13 tareekh ko unhone seize fire violation kiya infiltration beat ki pure north kashmir ilake ke andar mai aur 14 tareekh ko unke jo foreign minister hai aur dg unhone ek badi conference li jisme najane kitne ilzaam lagane ki koshish ki bharat ke upar aur dozier ki baat ki aur dekhiye kal hi pulwama ke andar grenade throw krne ki koshish ki. dillee ke andar mai jm ke 2 terrorist pakde gye hain aur aaj yeh inhone yeh napak harkat ki hai aur aaj bhi pakistan ke jo pradhan mantri hai. wo afghanistan mai pohonche hai. dekhiye yeh environment jo change ho rhi hai us ke election hue hain. jo unka natija bilkul clear nhi hai. jo afghanistan peace deal ka jo baat chal rhi hai taliban ke sath mai. inn sab ka fayda lekar pakistan bohot napat harkato par utra hai. aur isliye bharat ko zaruri hai ki inn sab harkato ka jo 4052 violation kiya hai ar jis prakar se itne terrorist plot ko full rkha hua hai aur jis prkar 15 november ko inhone election kiya hai. yeh zaruri hai bharat ke liye ki hum ek socha samjha planned ek preemptive aur proactive action krna chahiye pakistaan ke khilaaf mai. dekhiye bharat ki kuch ek redlines bilkul clear hai. yeh pakistan ko bhi malum hai ki gilgit vapas liya jayega. yeh jo terrorism hai iske against bhi 0 tolerance hai. aaj ke din mai jo all old meta rally hai usne rally ke andar mai terrorism ko ek dum kam kar diya hai aur abhi unko darr lag gya hai ki politically ek bilkul ek nya alternative.",0
35:56 ,(anchor), gurmeet singh sagab har roz toh encounter ho rhe hain. aap keh rhe hain terrorism khatam ho gya hai almost. dekhiye har roz sainik bhi shaheed ho rhe hain majboori mai bina yudh ke aur har roz bhi aatanki bhi maare ja rhe hain.,0
36:06 ,(speaker 6)," dekhiye rohit ji, aapki baat bilkul theek hai ki terrorism khatam nhi hota hai iski intensity kam ya zyada hoti hai. mai yeh keh rha tha ki abhi ki haalat ke andar mai jo DDC ke election hone wale hai. iske andar mai ek interference krne ke liye iss irade se pakistan.",0
36:27 ,(anchor)," abhay ji lagta hai aapki baat pasand nhi aa rhi hai, wo kuch kehna chahte hai. bol lijiye abhay ji.",1
36:34 ,(speaker 3), yeh khud sarkaar ne mana hai abhi lokasabha mein ki beete dinon infiltration bahut badh gaya hai.,0
36:40 ,(anchor),woh toh khud hi keh rhe hain ki 4052 incidents hue hai.,0
36:44 ,(speaker 3), suniye suniye badi baat btata hoon. dekhiye financial election task force mein abhee 21-23 tak planery session tha. vahaan par yah paaya ki paakistaan ko jo 27 point die gae the ki aap isamen sudhaar karie ek par bhee usane kaam nahin kiya hai aur march 21 ki usko deadline fir se de di gyi haitoh yeh sarakaar ko chaahie main bada ek aur khulaasa karata hoon. paakistaan ke pradhaanamantree imaraan khaan jab china gye the. cheen ne kaha tha ki jammu kashmir.,0
37:19 ,(speaker 4)," aap log toh sena ke khilaaf bolte hain. kabhi pakistan ke khilaf boliye na. kabhi pakistan aur china ke khilaf boliye na. aap log toh pakistan ke paksh mai bolte hain. osama ji bolte hain aapke neta. hafeez sahab , hafeez saeed ko 10 saal isko phasee milni chahiye.",0
37:40 ,(anchor), abhay ji keh rhe hain bharat ko mauke ka abh milna chahiye . shahnawab hussain inki sarkar nhi hai. yeh vipaksh mai hai aur vipaksh mai bhi jis stithi mai hai aap inke khilaaf bohot zyada mazboot halat mai sarkaar mai hai toh uske baad aapko kuch bhi krne ke liye inse permission lene ki ya inki taraf dekhni ki zaroorat hai kya. aapko jo karna hai wo kariye na. karwahi kijiye.,0
38:09 ,(speaker 4), yeh keh kar aap apmaan mat kijiye.,0
38:10 ,(anchor), vipaksh aapke sath nhi khada hoga kya?,0
38:13 ,(speaker 4)," yeh lahin nhi hai, na yeh stta mai hai, na vipaksh mai hai. vipaksh ke neta ka darja toh mila nhi parliament mai. kya vipaksh mai hai? regional party inse bnni hai, yeh toh pakistan ke paksh mai hai. subah se shyam tak pakistan ke paksh mai bolte hai. sena ka manobal girate hai. china par rooth parcharit krte hai. pakistan par saboot mangte hain. yeh krte kya hai. inka naam ek gupkaar gang.",0
38:40 ,(anchor), mai aapse sawaal pooch rha tha kya aatankwaad par pakistan ko seedha jawab ka waqt aa gya hai? toh aap logon ne jawaab diye. 99.5% logon ne kaha haan ki pakistan ko seedhe jawab ka waqt aa gya hai keval 0.5 % iss par nhi kaha ha. sandesh bilkul saaf.,0
