timeStamp,speaker,text,label
00:00 ,(ANCHOR), namasakaar shaam ke 5 baj chuke hai aap jaante hai waqt ho gaya hai bhais ka number one show taal thok ke aap ke saath main hun aman chopra gupkar gang kahne par badakh gaye omar abdullah gang mat kaho iss par debate karenge iss beech atankwaad par pradhanmantri narendra modi ka bada bayaan abhi jo aap sun rahe the brics virtual summit mein pradhanmantri narendra modi ne aatankwad ko lekar bada baiyan diya unhone kaha hai ki aatankwad aur aatankwad ka samarthan karne wale mulko par bhi karwayi ki jaani chahiye. aatankwad duniya ki sabse badi samasya aatankwaad ka samarthan karne wale desho ka bhi virodh ho pakistan ka seedhe seedhe yaha par zikar brics virtual summit mein na sirf aatankwad balki aatankwad ko badhawa dene wale desho par bhi unka bhi virodh hona chahiye aatankwad duniya ki sabse badi samasya pradhanmantri narendra modi brics virtual summit mein pradhanmantri narendra modi ka yeh bada baiyan aatankwaad aur aatankwaad ka samarthan karne wale desho ka bhi virodh ho aur aap ko bata de xi jinping ke saamne yeh pradhanmantri narendra modi ki taraf se yeh kaha gaya aap dekhte hai cheen aur pakistan ka ek tarike se gathbandhan haina cheen pakistan pakistan cheen ko apna bada bhai manta hai aur cheen ke saamne xi jinping ke saamne pradhanmantri narendra modi ka yeh bada baiyan jahan pakistan par sidha hamla. pradhanmantri narendra modi ka jo ki naam nhi liya lekin puri duniya jaanti hai aatankwad samarthak mulk aatankistaniye pakistaniye aatankwad duniya ki sabse badi samasya aatankwad ka samarthan dene wale desho ka virodh ho pradhanmantri narendra modi xi jinping ke saamne puri duniya ke saamne pakistan ki class lagayi hai aaj pradhanmantri narendra modi ne aur aatankwad par pakistan ko ghera brics virual summit mein. chaliye debate par lautenge jo badi khabar hai iss waqt yahi hai pradhanmantri narendra modi ki taraf se jo aatankwad ko lekar mere saath sudhanshu trivedi hai sudhanshu trivedi ji ek comment iss par aapka naam nhi liya lekin xi jinping ke saamne cheen ke saamne pakistan ki class lagayi hai pradhanmantri narendra modi ne sudhanshu trivedi ji  ,1
02:22 ,(SPEAKER 1), haa dekhiye main yaad dilna chahta hun ki brics summit hai jahan xi jinping ke saamne bola hai yaha tak ki shanghai corporation ki baithak mein bhi pradhanmantri jee ke prayas se prabhav se aatankwaad ka vishay wahaan aapke prastav mein hisa pa gaya tha isliye main kahna chahta hun ki yeh bharat ka jo pradhanmantri narendra modi ji ke naitritva hain ek vaishvaik prabhav aur sarkar ki kushal kutnitik jo ranniti hai yani jo hamari diplomatic strategy hai uska yeh pramaan hai aur pradhanmantri ji jis shamta ke saath aur jis dadhata ke saath chizo ko rakhte hai usi ki wajeh se main yeh bhi kahna chahunga aisa nahi ki bharat ke andar shamta nahi thi pehle bharat ko aaj apni vasvik shamta ke anuroop samman aur issathan milna shuru hua hai. varna isse pehle shamta thi durbhagya vash hamara netritiv jo tha woh us dirdhta ke saath nahi bolta tha jaisa ki aaj yeh shuru hua hai aur yeh abhi ek mahtavporan baat hai ki ab brics ki ek sankalpana ek zamane mein atal bihari vajpayee ki ji sarkaar ke karyakaal mein hui thi baad mein yeh do hazaar paanch che ke aas paas yeh moth rup dharaan kar paya ,0
03:28 ,(ANCHOR), aur cheen ke saamne trivedi ji cheen ke saamne jinping ke saamne kyunki cheen ko toh pakistan aatankistan imran khan bada bhai maante hai na aur cheen ke saamne pakistan ko expose kiya gaya hai world stage par world level par  ,1
03:42 ,(SPEAKER 1), dekhiye main kehna chahunga ki cheen jisko pakistan apna humsaya manta hai jisko apna sarparasth manta hai woh cheen modi ji ki kutnitik dakshita ke aage  kaise asahay raha ki woh zameen aasman ek karke aaj aapaka jo vishe usse related teen sau satar pe ek line nahi la paya sankyuth rashtra mein aur toh aur chohdiye teen sau satar par organisation of islamic countries se koi support nahi mil payi aur toh aur chohdiye united arab emirat jo ki pakistan ka humsafar humrihana humpayna humraaz sabse khasam se khaas woh bajaye pakistan ka saath dene ki modi jo ko order afziyat de raha tha toh yeh darshata hai ki pakistan ko lekar chahe cheen ho athwa uske dost ho har taraf se aur yeh bhi aap dekh lijiye ki vigat chaar paanch varsho mein do hazaar chaudhah ki humari sarkar aane ke baad america ka rukh bhi jitna sakht hua hai pakistan ko lekar isse pehle yeh nahi tha toh ek bahut spasht antar modi sarkar aane ke baad ki humari videsh nitiyon bharat ke vaikativ sabhav mein dekh raha hai ,0
04:46 ,(ANCHOR), kuch log cheen pakistan ke bharose baithe hai aapne gupkar ka zikar kiya gupkar gang kyunki gang kehne par gussa aa gaya omar abdullah ko yeh pradhanmantri narendra modi ka jo statement hai aatankwad ko lekar hai pakistan ko lekar hai lekin yaha par kuch log pakistan aur cheen bharose hai lekin unko gang mat kahaiye omar abdullah ko gussa aaya  ,1
05:07 ,(SPEAKER 1), dekhiye main yeh kahna chahunga jo khule aam yeh kahe ki cheen aayega aur woh humari madad karega woh log aaj yeh aapati kar rahe hai ki gang na kehiye arre main yeh kehta hun kehna chaha rahun sahab jo aap keh rahe hai yani cheen aane ke main ek hypothetical baat keh raha hun agar bagal me seachang province hai na dekh lijiye kya ho raha hai wahan cheen ke under mein jo log padh gaye jahan par namaz padhne pe pratibandh majido par pratibandh khule aam roja rakhne pe pratibandh daari rakhne pe pratibandh mohammad naam rakhne pe pratibandh aur aapka dimaag itna fhir gaya ki aap ,0
05:47 ,(ANCHOR), nahi lekin trivedi ji kya tweet kiya woh dikha dun phir aap comment kar dijiyega omar abdullah ka tweet ho sakta hai aapne padha na ho omar abdullah kyunki amit shah ki taraf se jo kaha gaya gupkar gang aur congress yeh dekhiye yeh tweet omar abdullah ki taraf se kiya gaya hai woh keh rahe hai ki i can understand the frustration behind this attack by Hon'ble Home Minister. main grihmantri ki bakuhlahat ke piche ki wajah samajh sakta hun woh kahe rahe hai ki grihmantri ki bakuhlahat hai unko lag raha tha ki hum jo hai chunav ka boycott karenge unko yeh brief kiya gaya tha he had been briefed that People's Alliance was preparing to boycott elections unko yeh brief kiya gaya ki hum chunav ka virodh karenge yeh bjp ke liye aasan rasta ho jata lekin aisa nahi hua isi wajah se bakuhlahat mein gupkar gang keh rahe hai yeh amit shah aur omar abdullah ki taraf se yeh bhi kaha gaya ki gang mat kahiye yeh tweet omar abdullah ki taraf se kaha gaya ki gang mat kahiye yeh ek legitimate political alliance hai gupkar koi gang nahi hai yeh. aur pradhanmantri narendra modi ne kya kaha hai aatankwad ko lekar brics virtual summit mein woh suna dete hai ek baar uske baad trivedi ji jawaab lunga gang mat kahiye bahi  ,0
06:56 ,(NEWS), hume yeh sunichit karna hoga aatankwadiyo ko samarthan aur sahaeta dene wale desho ko bhi doshi thairaya jaaye aur iss samasya ka sanghathit tarike se muqabla kiya jaye hume khushi hai kee roos ki adhakashta ke duraan brics counter terrorism strategy ko antim roop de diya gaya hai  ,0
07:31 ,(ANCHOR), lekin amit shah ki taraf se kya kaha gaya hai ek baar woh aap ko dikha dete hai pradhanmantri narendra modi ki taraf se kya kaha gaya ki aatankwad duniya ki sabse badi samasya pradhanmantri narendra modi na sirf aatankwad balki aatankwad ka samarthan karne wale desho ka bhi virodh ho pradhanmantri narendra modi ki taraf se yeh kaha gaya lekin gupkar gang jo kaha gaya amit shah ki taraf se woh ek baar tweet dikha dijiye jo amit shah ki tarafe se jo statement diya gaya hai gupkar gang ko lekar the gupkar gang is going global! Gupkar gang shabdh jo istemaal kiya amit shah ne grihamantri ne uss apr gussa aaya omar abdullah ko ki gang mat kahiye unhone kaha ki gupkar gang global ho gaya hai yeh global gathbandhan ho gaya hai videshi takhtaon ka hastekshape yeh log chahte hai jammu kashmir mein yeh gupkar gang tirange ka apmaan karta hai amit shah kya sonia gandhi aur rahul gandhi gupkar gang ki inn harkato ka samarthan karte hai kyunki ddc chunav yani ki district development council ka chunav gupkar gang ke saath milkar ladh rahi hai congress stand clear karna chahiye congress party ko yeh tweet amit shah ki taraf se kiya gaya tha jawaab diya omar abdullah ne gang mat kahiye ab aap boliye sudhanshu trivedi ji gang mat kahiye bahi woh keh rahe hai legitimate political alliance hai aur yahan congress ne bhi ek jawaab diya aapko woh keh rahe hai ki modi sarkar ka aacharan jammu kashmir aur ladakh ko lekar kuch aisa jaise nau sau choohe kha kar billi haj ko chali woh keh rahe hai nau sau choohe kha kar bjp haj ko chali boliye sudhanshu trivedi ji  ,0
08:54 ,(SPEAKER 1), ji bilkul main jawaab deta hoon. dekhiye jinko gang kehne pe aapti hai toh main ek example ke saath bolta hun issmein teen pramukh partyian shamil hai ek party omar abdullah ji ki khud ki party jinke walid khud keh chuke hai ki cheen aa kar humko dhara teen sau satar se mukti de cheen se samarthan ki baat kar chuke hai dusri pdp jo kehti hai ki bharat ka jhanda nahi uthaenge aur teesri congress jiske jammu kashmir ke adyaksh saifuddin sog apni kitaab mein likh chuke hai ki jammu kashmir ko bharat se alag kar dena chahiye ab bataiye in teeno ko mila kar yadi grahmantri amit shah ji ne gang shabd ka prayog kiya hai toh bahut naram shabdh ka prayog kiya hai varna desh todne wale desh ko kashmir se alag karne wale jhanda naah uthane wale dushman desh se madaad lene wale ko kya kya nahi kaha jana chahiye  ,0
09:44 ,(ANCHOR), trivedi ji trivedi ji desh todne walon se tiranga naah uthane walon se apne bhi toh gathbandhan kiya tha na congress party ki taraf se randeep surjewala ne aap ko yaad dilaya hai  ,0
09:53 ,(SPEAKER 1), haan woh bhi  ,0
09:55 ,(ANCHOR), ki shri amit shah ji yeh bataye jis pdp ki woh aalochna kar rahe hai uske saath jammu kashmir mein bhajpa ne sarkar ka gathan kyu kiya aaj yeh desh virodhi ho gayi nau sau choohe kha kar billi haj ko chali trivedi ji  ,0
10:06 ,(SPEAKER 1), haan woh bhi ab batata hun kisne nau sau chohe khaye hai aur kon haj pe ja raha hai vaise haj subsidy ab bandh ho chuki woh ek alag viseh hai magar main yeh kehna chahta hun jo humne pdp ke saath alliance kiya toh main yeh bhi baat jimmedari se kehta hun pdp ke saath humari sarkar rehte huye humne huriyat se koi baat nahi ki number do huriyat ko koi baat nahi karne di pakistan ko number teen huriyat ko jo paisa aata tha pakistan se unke upar ed ke case darj huye number chaar nia ke mukdame aatankwad virodhi kanoon ke taihat yeh sab pdp sarkar ke jamaane mein hua aur mehbooba mufti ka ek baiyan bataiye jo us samay aisa khul aaya ho jaisa congress ke saath gathbandhan ke duraan congress ke mukhemantri bolte the ghulam nabi azad sahab yaha aaye the ki afzal guru ko agar fasi di jaegi toh kashmir ghati mein aag lag jayegi aur jab humare saath thi mehbooba mufti toh unhone kya bola tha ki jo bache ja rahe hai pathrav karne army ke canto doodh double roti nahi dene ja rahe unhe anjam ke liye taiyar rakhna chahiye aur humare ek neta ka baiyan bataiye teen sau satar ya penthis a humare stand mein koi dilution raha ho aur anth mein main kehta hun woh humari maha milavat thi humari ek galti thi aur main aur extend kar deta hun aman ji hume sirf pdp ke saath gathbandhan nahi kiya tamam virodhi dalon ke saath ke saath kahi baar gathbandhan kiya uttar pradesh mein bspa ke saath karnatak mein jds ke saath  ,0
11:33 ,(ANCHOR), toh congress bhi keh de galti rahe ha bahi aapne bhi galti ki  ,0
11:35 ,(SPEAKER 1), tamil nadu mein dmk ke saath suniye suniye  ,0
11:36 ,(ANCHOR), trivedi ji aapne galti kari aap yeh maan rahe hain mehbooba mufti ke saath haath milaya galti ki congress bhi keh de baad mein ki hume galti ki in logo ke saath haath milake congress bhi keh degi  ,0
11:45 ,(SPEAKER 1), nahi nahi mein jo kehna aman ji aman ji mera pura vakhya hone dijiye mera vakhya pura hone dijiye aapko utaar mil jaega  ,0
11:52 ,(ANCHOR), ji. ji boliye  ,0
11:54 ,(SPEAKER 1), humne jds ke saath karnatak mein kiya dmk ke saath ke tamil nadu mein kiya aur jdu se humara saidhantik maithbedh par ek baat  ,0
12:03 ,(ANCHOR), aap pdp ki tulna jdu jds se kar rahe hai aap mehbooba mufti ki party ki tulna nitish ki party se kar rahe hai kumaraswamy ki party se kar rahe hai  ,0
12:10 ,(SPEAKER 1), meri puri baat hone dijiye mein yeh nahi keh raha hun main yeh keh raha hun humse jinka ghor rajnitik mathbedh tha sabke ke saath gathbandhan kiya magar kabhi bhi apna mukhyamantri banane ke liye nahi kiya humne rahastra ki mukhya dhara mein unko lane ke liye kiya aur mehbooba mufti wala prayas buri tarike se vifal raha uske baad humne vaha bhi gathbandhan kiya ,0
12:29 ,(ANCHOR), rauf bhatt yeh hala ki congress ka reaction screen par randeep surjewala keh rahe hai bjp ne jammu kashmir jaleon se aatanki kyun chode the bahi yeh bata dijiye nau sau choohe kha kar billi haj ko chali woh keh rahe hai pathankot ki jaanch ke liye ISI ki team kyu aane di thi bahi randeep surjewala congress ka reaction daud ibrahim ki patni kiski ijajazat se pakistan gayi yeh bata dijiye bjp kya daud se sambandhon par maharashtra ke mantri ko nahi hataya gaya tha yeh bata de bjp aur masrat alam ko deshvirodhi naaron ki ijajazat kisne di thi yeh bata de bjp randeep surjewala jab gupkar gang se congress ke connection ko lekar sawaal puche gaye rauf bhatt sahab  ,0
13:01 ,(SPEAKER 2), ji ji aman ji  ,0
13:03 ,(ANCHOR), gang kyun naah kaha jaye bahi aap log tirange ka bahaiskar kare pakistan ki madad mange hum log gang bhi naah kahe aapko  ,1
13:10 ,(SPEAKER 2), jab collation hoti hai phir hum nationalist hote hain phir hum desh ke chahite hote hai jab alliance khatam ho jati hai phir hum desh drohi ho jaate hai phir hum anti-national ho jaate hai this is very unfortunate aap mujhe kahe aap abhi prime minister sahab ki speech ki baat kar rahe the aap mujhe bataye ground pe hai kya ground pe nepal se leke bhutan se leke jitne bhi humari countries hai neighbour countries woh sab humse naraz hai kya kaunsi foreign policy jo hai isolation mein toh hum chale gaye hum toh nikale the humare apne padosiyon padosiyon ko isolation mein dalne ke liye hum toh khud isolation mein chale chale gaye toh us pe baat kare na aap aap yaha humare logo pe baat kar rahe ho jinhone  kal tak yaha nationalism chalaya jo kal tak yaha chahite inke the aaj woh anti-national ho gaye aap mjhe batayein. ,0
14:04 ,(ANCHOR), rauf sahab rauf sahab kisi ne aapko anti-national nahi kaha lekin mera sawaal yeh hai rauf sahab ek minute suniye kisi ne aapko anti-national nahi kaha kisi ne desh virodhi nahi kaha lekin mera sawaal yeh hai kya aapki harkatein suniye na sir ek minute suniye rauf bhatt aap jawaab dijiyega aapki screen par hai kya aapki harkatein desh virodhi kehlana wali nahi hai agar aap kehenge tirange ko haath nahi lagayenge tirange ko hum haath nahi lagayenge bandook uthane ko jaiyaz therayengi mehbooba mufti toh desh virodh nahi toh kya hai yeh gang wali harkatein nahi hai toh kya hai  ,0
14:34 ,(SPEAKER 2), kisne hak diya tha humara special status hai woh humse chor darwaze se inhone humse cheina woh kis kanoon aur act ke taihat inhone humse cheina  ,0
14:44 ,(ANCHOR), saansad chor hota hai kya. saansad mein jo baithe hai woh chor hote hai kya farooq abdullah saansad hai unako chor keh rahe aap chor darwaza chor darwaza saansad ke jariye hataya gaya hai debate hui hai farooq abdullah ko chor keh rahe hai aap chor darwaza chor darwaza sir sansad ke jariye hataya gaya hai chor darwaza kaise  ,0
15:03 ,(SPEAKER 2), gair zamoori tarike se aapne cheina isme koi zamooriat nahi thi isme isme sab jo bhi hua woh gair zamoori tarike se kanooni tarike se hua  ,0
15:11 ,(ANCHOR), toh ab tiranga ab tiranga aap nahi raha hai chaliye thik hai  ,0
15:16 ,(SPEAKER 2), humara special status iss mulk ke kanoon aur aain ne hume diya tha aap hume bataye aap kashmirion ko toh jail daal rahe ho aap kashmiri ko toh mar rahe ho aap mujhe batao china ladakh mein baithi hai unko toh nikal nahi pa rahe aap pakistan ke saath koi  ,0
15:32 ,(ANCHOR), gardan todh di humare sainiko ne gardan todh di humare sainiko ne hadiyan todh di cheen ke sainiko ki thoda padha kariye zee news dekha kariye sir suniye na humane hadiyan todh di humane gardan ki hadiyan todh di cheen ke sainiko ki galwan mein sir thoda padha kariye na zee news dekha kariye zee news dekha kariye na galwan mein cheen ke sainiko gardan todh di koi nahi ghusa hua ladakh ke andar cheen khadher diya gaya hai,0
15:57 ,(SPEAKER 2), hamane dekha nahi hamane dekha hamare waha shaheed ho gaye. hamare jawaan shaheed ho gaye. ,0
16:00 ,(ANCHOR), main wohi keh raha hun na pehle dekhiye pehle dekhiye bitta sahab bitta sahab ms bitta uske baad yana mirchandani aur congress se bhi aaj humare saath mehmaan hai sana noorshah ji hai youth congress ke neta jammu kashmir congress ke lekin ms bitta aapko nazar aa raha hai bitta sahab gang mat kahaiye omar abdullah keh rahe hai gang mat kahaiye unko woh ek legitimate political alliance hai gupkar gathbandhan hai gang mat kahaiye bitta sahab ,0
16:23 ,(SPEAKER 3), main ek sawaal puchna chahta hun farooq abdullah aur omar abdullah se z plus suraksha mein rahte hain nsg main rehte hain nsg kinke paas hoti hai jinko bahut khatra paida hota hai aur jo rashtra ke liye ladhate hain ab mujhe yeh bataiye kya itne jawaan humare shaheed huye jammu kashmir ke andar hindu muslim sikh isayion ke tirange jhande ka baar baar apman kiya gaya usko jalaya gaya vande mataram nahi bolne diya jata tha mehbooba mufti kehti thi tiranga jhanda jis din teen 370 dhara hategi tiranga hoga toh yaha bahut badi aafat aa jayegi kya aaj pure jammu kashmir mein tirange jhande leharaiyen jaate hai kya aaj tirange jhande ka kya apman hota hai kya aag lagayi jati hai jawano ki shahdat hoti hai par jawano ki shahdat us waqt hoti hai jab 20 20 15 15 aatankwadi ko thok karke jawaan phir shahdat ka jaam peete hain arre yeh neta jammu kashmir ke neta arre ground toh ja kar puchiye yeh toh aag lagane wale hai yeh toh dukaandari chalane wale hain inko dukaandari chahiye rajneeti ki rajneeti ek dukaandari bana di aur jahan tak amit shah ka sawaal hai apna bjp se koi lena dena nahi hai yeh woh vyakti hai amit shah jo kehta hai woh karke dikhta hai aur jo teen sau satar dhara ka faisla ho chuka hai woh atal hai koi bhi mai ka laal aa jaye yeh idhar se idhar nahi ho sakta hume naya rasta apnana chahiye wahan political partyion ko punjab ki tarah logo ka vikas sadako ka vikas shiksha ka vikas nau jawaano ko nayi soch deni yeh humara maksad hona chahiye humari toh rajneeti rajneeti ka matlab kya  ,0
18:14 ,(ANCHOR), jinping layenge imran khan laayenge china lekar aayega teen sau satar woh keh rahe jinping layenge teen sau satar yeh global ho gaya hai ab gathbandhan amit shah keh rahe hai global ho gaya alliance  ,0
18:21 ,(SPEAKER 3), arre inki aisi ki taisi yeh narendra modi ke hote hue jo khada ho jaata hai china ke border pe aur defence minister rajnath singh chhaatee chaudee karke khade ho jaate bataiye hindustan ka kitne pradhanmantree rahe lal bahadur shastri ko chhodakar ke kya is tareeke se humare jawano ka hausla badane ke liye humari simaon ki ek ek inch ki raksha ke liye kya koi khada hua aur parso aapne dekha hoga diwali kahan manai. hindustan mein diwali nahi manai ,0
18:52 ,(ANCHOR), congress kyon haath mila rahee hai sir. sawaal yah nahi hai. sabko pata hai inaka agenda. ,0
18:58 ,(SPEAKER 3), diwali manai pakistan mein thok thok karke diwali manai yeh aaj ka hindustan hai yeh hai kya yeh rahastra ki baat karenge rajneeti ki baat karenge toh hindustan inake saath khada hai sari political partiyaan khadi hai agar aap apne rajnitik agende ki baat karte rahe yeh dukaandari ab chalne wali nahi hai ,0
19:09 ,(ANCHOR), inke saath congress kyu khadi hai bitta sahab mein yeh puch raha hun inke congress kyu khadi hai yana mirchandni yana mirchandani yeh log tirange ka bhaiskar karte hai yeh log kehte hai ki hum tirange ko nahi haath lagayenge mehbooba mufti kehti hai ki ab toh yuva bandook hi uthaega matlab gupkar gang mein shamil hone ke liye anti-national bio data bahut mazbot hona chehiye uski membership ke liye mere khayal se aur congress usme acha kar rahi muje lag raha hai  ,1
19:34 ,(SPEAKER 4), inko gang word se objection hai na hume objection hai ki india jaisi ek sanskari globally respected country ko bola jata hai  ki pakistan jaise rogue aur terrorist nation ke saath baitho aur dialogue karo kyu kare dialogue hume mila kya dialogue karke do hazaar solah january me mila humko pathankot attack phir september mein mila humko uri attack jabki do hazaar pandrah mein rajnath singh ne keh diya ki humari taraf se ek goli pehli baar nahi chalegi first goli humari taraf se nahi chalegi phir bhi hume sirf humari pith pe chura goupa gaya phir bhi yeh log kehte hain ki dialogue karo dialogue karo no doubt kya dono side pe log mare aur jo mare hai woh kashmiri hi hai no doubt about that wahan pe ghar jale hai wahan payi unle logo ki lashein giri hai log disability ho gayi unko zindagi bhar ki aankhon ki roshni gayi hai yeh saari chize ho rahi hai lekin kya yeh log kabhi aavam se kehte hai ki yeh sab pakistan janbuch karta hai aap sirf apne defence budget ko justify karne ke liye woh chahta hi nahi ki kashmiri mein kabhi sukun ho kya yeh sachai kabhi yeh gupkar gang aavam ko bataye ki baukhla toh yeh log gaye hai baukhla yeh gaye hai kyunki ek zamane mein kashmir ki gaddi pe baithne wale dono haathon se kashmir ko lutne wale hai aaj ddc post pe aath ya dus seaton ke liye chai ya aath seaton ke liye jhadap hadap jhadap ho rahi hai unke beech itni inki power khatam ho chuki hai isliye baukhala gaye hai kuch bhi bolte rehte hai kehte hai tiranga nahi uthayenge kehte hai blood bath hoga kashmir mein blood bath hoga kashmir mein phir yehi woh log the na yehi woh mehbooba mufti thi na jo kehti thi kya aath saal ka bacha chocolate lene gaya tha jo bechara pehle hi victim tha woh kya bahar chocolate lene gaya tha yehi woh lady thi itni hypocrits yeh is level aur yeh jo nau sau chohne khane ki baat nau sau chohe nahi nau sau crore ki baat kar rahe honge jo inhone luta hai kashmir se shayad nau sau crore hi hoga woh isliye nau sau figure unki mind aaya hundred crores ko jammu kashmir cricket association se hi hai phir jo hawala kya  ,0
21:25 ,(ANCHOR), phir congress inke saath kaise hai yana congress inke sabko pata hai inki hakikat sabko bata hai inka agenda congress ka haath gupkar gang ke saath kaise mujhe yeh nahi samajh aa raha  ,0
21:37 ,(SPEAKER 4), congress congress ka matlab hai scam aur nc ka matlab hai scam toh jab dono parties jinka ek hi maksad hai woh saath mein nahi honge kya congress ke waqt mein maine pehle bhi kahi baar aapki debates mein kaha hai kitne scams huye hai toh nc ke zamane ki wohi aapko gina rahi thi woh hawala scam jis mein haji yousuf ki maut huyi thi omar abdullah ghar mein aur yeh sab us hawala ki paiso ki wajah se toh scam pe scam scam pe scam  ,0
22:02 ,(ANCHOR), yana yeh isse aur bada hai aap sochiye yeh log cheen pakistan ki madad le rahe teen sau satar ki bahali ke liye yeh log kal ko turkey ki madad lenge teen sau satar ki bahali ke liye yeh log keh rahe hai ki hum tirange haath nahi lagayenge mere saath jammu kashmir congress ke neta sanam shah is waqt judh chuke hai sanam shah ji vaise anti-national resume bahut strong raha hoga tabhi gupkar gang ki membership mili hai nahi  ,1
22:23 ,(SPEAKER 5), thank you sir thank you so much main yeh baat karunga ki gale mein haar dala tha gala sajne ko par yeh zaalim nag ban baitha gala hi kaat khane ko humare jammu kashmir mein humare saath yeh hua hai ke abhi mere bade bhai keh rahe the ke humne aisi ki thaisi maari hai sabse pehle woh apne alfaaz vapas le ki aap ek national channel mein baith kar behuda baatein kar rahe ho woh aap isiliye kar rahe ho kyunki aap aaj frustrate ho chuke ho aaj aap mental setup pe ho kyunki aap koi chara nahi char raha gupkar jo alliance jammu kashmir mein hua hai yeh teeno partian milkar jine mein rihasat jammu kashmir ko tabah aur barbad kiya hai jinhone rihasat jammu kashmir ko khjal kiya hai aaj woh ikate ho kar agar election ladh rahe hai toh bhartiya janta party ko pet mein dard kis baat pe ho raha hai rahi baat abhi keh rahe the ji ki humne jo hai desh ke pradhanmantri ji ne is par baat ki hai  ,0
23:24 ,(ANCHOR), aap usme hai gupkar gang mein aap bhi hai congress bhi hai na sir ,0
23:25 ,(SPEAKER 5), yeh sir what do you mean by gupkar gang jo gang hai bhartiya janta party ke logo ki hai aur rss ke logo ki hai gang inko sir meri baat suno aap meri baat sune please sir main jammu kashmir ka nau jawan hun mein mein jammu kashmir ka nau jawan hun mere jaise nau jawano ki tashaon ke upar kedar ke mahal ban rahe hai mere nau jawano ki chaatiyon pe yaha goliyan maari ja rahi hai.,0
23:49 ,(ANCHOR), kaun maar raha hai goli?,0
23:49 ,(SPEAKER 5), aap kab tak rajneeti karoge aap jammu kashmir aap teen sau satar gaiyan ka doodh nikalte rahoge aap ,0
23:58 ,(ANCHOR), sanam ji chikiye nahi hai aaram se aaram se sanam ji chikte nahi aaram se aaram se aaram se baat kariye ji ji aaram se sanam ji sanam ji maine aapko maine aapko bulaya isliye taki aap bole aaram se aap ki awaaz jana jaroori hai aaram se aaram se kaun goli chala raha hai kaun goliyan maar raha hai waha par  ,0
24:14 ,(SPEAKER 5), sir aap mujhe itni baat bataye jab teen sau satar nahi tha china ladakh ke andar gusa tha  ,0
24:21 ,(ANCHOR), kaun maar raha kashmiriyon ko  ,0
24:22 ,(SPEAKER 5), jab teen sau satar nahi tha tuta sir china mein tha  ,0
24:27 ,(ANCHOR), aapane bola waha par goliyan chal rahi hai. kaun goliyan chala raha sir  ,0
24:34 ,(SPEAKER 5), sir kaun chala raha hai. yeh puche aap bhartiya janta party ke neta se aap puchiye chapan inch ke aap sir aap  ,0
24:43 ,(ANCHOR), aapane bola goliyan chal rahi hain yuvaon ko maara jaa raha hai. kaun goliyan chala raha hai aatanki aatanki aatanki nahi nahi nahi nahi sanam ji sanam ji sanam ji main samajh gaya aap kyun gupkar gang mein shamil hain main samajh gaya aapka anti-national bio data bilkul suit karta hai gupkar gang ki membership ke liye bas kaun goliyan mar raha hai wahan par sanam ji frame mein aaiye thoda sa aur bataiye kaun goliyan maar raha hai kaun maar raha kashmiriyon ko  ,1
25:06 ,(SPEAKER 5), desh ke pradhanmantri ji ne kaha tha teen sau satar ke baad mein militancy khatam kar dunga phir aap kyun sunte hain ki aaj kulgam mein pulwama mein har jagah  ,0
25:17 ,(ANCHOR), thik hain pakistan se bheje gaye aatankwadi kashmiriyon ko maar rahe hai yahi bol rahe aap  ,0
25:22 ,(SPEAKER 5), toh desh ke pradhanmantri chup ke kyun baithe ho woh chapan inch sina kyun nahi china ka jawaab nahi de raha woh chapan inch pakistan ko kyun nahi jawaab de raha  ,0
25:29 ,(ANCHOR), acha china mat paunch jaiye jinping se badi umeede hai aapko bas yeh bata dijiye tirange ke bhaiskar karne walon ke saath hai ya nahi hai gupkar gang ne jo tirange ka bhaiskar kiya galat kiya sahi kiya  ,0
25:42 ,(SPEAKER 5), sir aapko badi trump se badi umeede thi ab aapki umeede khatam ho gayi hai jo america ke naye rashtrapat jo america ke nayesadar bane hai  ,0
25:48 ,(ANCHOR), sir chodiye main elections par aap se puch lunga aapko kuch nahi pata kahan trump biden paunch rahe hai kuch nahi pata aapko chodiye udar mat jaiye apni politics pe rahiyena aapka jo sawaal hai maine wahi pucha mein wohi keh raha hun sushil pandit uske ke baad sudhanshu trivedi iftikar misgar bhi aa gaye ek comment sushil pandit ka ek comment sushil pandit ka sushil pandit sushil pandit mujhe yeh chiz nahi samajh mein aa rahi gupkar gang ka agenda pure desh ko pata hai tirange ko haath nahi lagayenge cheen pakistan se haath milayenge videshi tahakaton ki dakhal kashmir mein kashmir mudde ka aanthrashikaran congress ko nahi pata tha ,0
26:27 ,(SPEAKER 6), ji congress ko puri tarah pata hai congress ne apne do hazar unis ke manifesto mein pehli baar likh karke diya ki woh anuched teen sau satar ki raksha karenge use kisi ko choone bhi nahi denge congress national conference aur pdp ke teeno dal ghati mein kewal teen label hain label inko inki contract manufacturing ek hi factory hoti hai inke saare leader aur carder jo hai na woh ek hi zainiyat  ke hai inko sab ek hi gutti mein agar aap inke netaon ko taash ke paton ki tarah fait de kisi bhi dal mein fit ho jayenge is waqt congress mein ek tariq hameed kar raha hai woh teen saal pehle tak pdp mein the is waqt congress mein ek saifuddin soz hai woh kuch saal pehle tak national conference mein the aapko congress ke leader national conference aur pdp mein mil jaenge pdp ke leader bhi congress mil jaenge national conference ke leader bhi pdp mil jaenge yeh waha chalta rehta hai toh yeh sirf teen dukaane hai inme maal ek hi jagah se aata hai aur isliye inki soch bhi ek hai ab tak sirf natak chal raha tha yeh dusre ke khilaf election ladate the lekin kaam ek hi karte the roshni act jaisa kaam in sabki sarkaron ne mil ek saath kiya hai  ,0
27:53 ,(ANCHOR), lekin randeep surjewala ne jo statement jari kiya hai woh keh rahe hai ki hum gupkar alliance mein shamil nahi hai woh bas chunav ladenge ddc ka unke saath  ,0
27:59 ,(SPEAKER 6), nahi unke jo unke ghulam ahmed mir jo wahan par ja karke sign karte hai baithko mein bhag lete hai woh kaun hai woh toh congress ke pradesh adyaksh hai yeh kaise jhuth bol sakte hai ki saath denge  ,0
28:15 ,(ANCHOR), suna dijiye ga mir ko ek baar suna dijiye abhi jo naam liya hai sushil pandit ne ga mir  ,0
28:19 ,(SPEAKER 6), mehbooba mufti jo sarkar banane ja rahi thi woh jo unhone jo fax bheja tha governor malik ko woh toh keh rahi thi ki congress ka bhi support tha unko  ,0
28:26 ,(ANCHOR), congress ka support tha toh kya jhuth bol rahi hai congress kya gupkar gang mein congress bhi shamil hai gupkar gang jo amit shah kaha gupkar gang ga mir ko ek baar suna dijiye ga mir jo hai woh jammu kashmir congress ke bade neta hai ga mir suniye woh kya keh rahe the  ,0
28:43 ,(NEWS), yeh jo parties alliance mein aayi hai national conference pdp congress aur bhi jo dusre parties hai yeh sab milkar ke in ddc chanavo mein miljul ke hissa lenge logo ko appeal karenge aur un anasir ko harane ki koshish karenge jo zabardasti se rihasat par kahide kanoon bhi lad the aaye hai aur jinki policies jammu kashmir ke logo ke hith mein abhi tak dikhayi diye  ,0
29:09 ,(ANCHOR), jaisa randeep surjewala ko yeh sunana chahiye apne hi neta ko ga mir jo keh rahe hai ki hum saath saath hai hum gupkar gang ke saath hai lekin dekhiye gupkar ka matlab tirange ka bhaishkar kya congress saath agar congress party taal thok ke dekh rahi hai tamam sawaal unke liye gupkar ka matlab cheen pakistan se haath milana kya congress saath hai yeh sawaal bahi bahut wajib sawaal hai agar aap gupkar gang ke saath hai toh phir gupkar ka haath toh cheen pakistan ke saath hai kya aap cheen pakistan ke saath hai kya gupkar ka matlab toh kashmir ka antrakashiyekaran hai bahut dhyan se dekhiyega yeh graphics toh kya congress saath hai kya kashmir ke antrakashiyekaran mein kyunki gupkar gang chahta hai ki desh ke kanoon lagu hi naah kashmir mein kya congress party bhi rahul gandhi bhi yehi chahte hai kya algawad ko badhwa dena jo gupkar gang ki soch hai kya congress bhi yeh chahti hai kya aatank ke daur ki vapasi jo grihmantri amit shah keh rahe hai gupkar gang ka agenda kya rahul gandhi bhi yehi chahte hai sonia gandhi bhi yehi chahti hai congress yeh chahti hai kashmir ko cheen le jana gupkar gang chahta hai jo pakistan chahta hai kya congress party bhi yehi chahti hai kya sudhanshu trivedi lekin use pehle ek comment iftikar misgar uske baad sudhanshu trivedi iftikar misgar mere saath judh chuke hai iftikar misgar sahab membership ka aadhar kya hai matlab gupkar gang ki agar member bani hai congress party toh koi anti-national bio data hona chahiye jaise ab adhi ranjan choudhary kaha tha ki kashmir bharat ka hissa nahi hai sena civilians ko marti hai bahut hi anti-national strong bio data hona chahiye nahi misgar sahab  ,1
30:35 ,(SPEAKER 7), aman ji aman ji cv banayi jati hai yahi cv toh bhartiya janta party ne bhi jammu kashmir gusne ke liye banayi thi jab pdp ke saath milaya dekhiye a jahan tak gathbandhan ka sawaal hai gathbandhan aap desh ko yaha desh ki itni badi party ko itna serious nahi lena chahiye welcome karna chahiye agar constituition ke taihat gathbandhan chaar partyian kar rahi hai agar woh gang hai toh main kya kahu phir nda bhi toh phir nda toh gathbandhan hi hai na upa toh gathbandhan hi hai na agar yahan pe chaar tarah ki partyian gathbandhan karti hai election ladhti hai under the framework of indian constitution yeh kahan aur kyu kured raha hai is sarkar ko sahi se zahir ho jata hai ki sarkar dar rahi hai sarkar yahan chahti thi ki woh monopoly mein election ladhe unka yahan pe harif na ho jitne bhi log hai woh boycott pe aa jaye aur woh log aa jaye satta mein aise aise rajneeti karne se democracy democratic setup mulk ka kharab ho raha hai yeh sanjeeda masla hai aur sanjeeda masle ko sanjeedgi se sochna chahiye abhi mere dost pandit ji bol rahe the inka nature hai badlna arre is national conference ke saath bharatiya janta party nahi thi  ,0
32:06 ,(ANCHOR), maine puch liya woh sawaal maine puch liya misgar sahab woh sawaal puch liya bas ek chiz aapne samvadhanik tarike se banaya gathbandhan hai hindustan ke azad hindustan ke ithihas mein aaj tak kisi gathbandhan ne tirange ka bhaishkar kiya aaj tak kisi gathbandhan ne suniye meri baat suniye samvidhan ka naam lekar kya kisi gathbandhan ne samvidhan ki supari di dushman logo ko tirange ka bhaishkar kiya ho samvidhan ki supari di ho bataiye agar agar aisa hai toh main maafi manguga gang bolne pe  ,0
32:34 ,(SPEAKER 7), aman ji aman ji aman ji history gavah hai rss rss ne jitna mukhalif raha is jhande ka jitna mukhalif raha ,0
32:44 ,(ANCHOR), toh rss se prabhavit hai gupkar rss se sikh rah hai gupkar sudhandhu trivedi jawaab de sakte hai phir toh trivedi ji aap jawaab de dijiye  ,0
32:51 ,(SPEAKER 1), aap dekhiye main iftikar misgar sahab ne jo bola unki baat ka jawaab deta hun dekhiye yeh jo global is gang ko le jaane ki baat hai isme koi nayi baat nahi hai aman ji tihatar saal pehle bhi kashmir ke muddhe ko global platform pe kaun le gaya tha congress chor darwaze se do saal ke baad article 370 kisne add kiya tha congress ne unis sau chuvan mein baigar sansad ke patal par rakhe huye samvidhan sansodhan kar diya jo purnta asamvidhanik tha yeh kisne kiya congress ne toh fitarath wahi hai chaar pidhi badal gayi hai tihatar saal mein chuthi pidhi hai magar fitrath nahi badli wahi kashmir ka sadar e rihasat bana aur kashmir ka teen sau satar alag jhanda banao internationalization karo toh in chaaro mein bahut si fitrath common hai ek khavat hoti hai hindi mein ise shabad sa liya jaye iska bhav liya jaye ek khavat yeh hoti hai ki pani se pani mile mile kit se kit kit matlab kichad pani se pani mile mile kit se kit aur sadhu ko sadhu mile mile neech ko neech toh apni pragati ke anusar vaiakti apne sathion ka chayan kar leta congress ki koi dosh nahi hai aur saath antar kya teeno ke hi sashan kaal mein  ,0
34:02 ,(ANCHOR), nahi lekin lekin lekin inko abhi nahi roka gaya toh kal ko algaonwadiyon se zyaada khatarnak honge na ,1
34:04 ,(SPEAKER 1), arre suniye toh suniye toh teeno ke sashan kaal mein ek baat thi woh teen sau satar hatne ke baad nahi dekhi hai pakistan ke jhande dikhte the ab nahi dikhte iss ke jhande dikhte ab nahi dikhte bharat ka jhanda fehraiya jata tha ab nahi dikhta hai jumme ki namaz ke baad bidh dikhti thi aur ja kar kisi haithya dikhti thi ab nahi dikhti hai ab aatankwad  ,0
34:23 ,(ANCHOR), sushil pandit aur yana lekin sir mere liye aap jaante hai twitter par sawaal kya aa rahe hai  ,0
34:24 ,(SPEAKER 1), aaj sainko ke namaz e janaza mein janta aa ke khadi hoti hai  ,0
34:25 ,(ANCHOR), trivedi ji trivedi ji inko trivedi ji ek sushil pandit 30 second yana 30 second  ,0
34:31 ,(SPEAKER 1), nahi nahi aman ji ek line ek line aur keh doo waise hume is baat ke liye toh prasanta hai ki congress inke saath hai arre jiske saath gaye uska kaam tamam kar diya pichle election mein national conference saath the omar abdullah chal gaye akhilesh ke saath gaye  ,0
34:43 ,(ANCHOR), sushil pandit aur yana 30 -30 second pehle yana inko abhi nahi roka gaya toh yeh toh algawadiyon se zyaada khatarnak honge na inko azaadi bhi kyu hai jo tirange ka kare bhaishkar usko aisi azaadi kyu uske baad sushil pandit  ,1
34:57 ,(SPEAKER 4), not only tirange ka bhaishkar inhone saalo saal aavam ko barghalaya hai aavam ko kabhi sachai nahi batai sirf votes ke liye yeh kabhi yeh nahi batayenge ki wahan pe jo bjp government hai woh saat hazaar bunkers bana rahi hai logo ko bachna ke liye humare soldiers ja rahe hai lekin yeh kehenge ki pakistan ke saath baat kijiye yeh aise log hai jo votes ke liye kashmiriyon ko yeh dikhana chahte hai ki government unka khayal hi nahi rakhti government ko unka khayal hi nahi hai yeh aise log hai aur inka solution aap puch rahe ho toh bahut simple si baat hai jaise china ko koi farak hi nahi padha jab unhone sectionist law woh four point law laya hong kong mein unko farak hi nahi padha jisme inclusive yeh point tha ki koi bhi koi bhi bahar ki foreign alliance ke saath mil ke ya use karke desh ke khilaf koi baat bhi karega yeh law unhone hong kong mein laya yehi law bjp ko india mein aur kashmir mein khaas karke lana chahiye yeh meri  ,0
35:51 ,(ANCHOR), sushil pandit ji sushil pandit ji ek aakhri sawaal aap se log toh yeh puch rahe hai inako choda kisne andar the toh ache the yeh log andar the na ab tak thik the bahar aaye inko zeher ughalne ki azaadi kisne di koi saath gaanth hai kya yeh zeher ugle genge polarise hoga fayda udar bhi hoga  ,1
36:06 ,(SPEAKER 6), yeh aag barsate fir rahe hai zeher uglate fir rahe hai aman ji inko jab andar kiya tha bade gambhir aarop lage the in par mujhe toh umeed thi ki in par ek aarop patr aayega in par mahaviyog lagega yeh mukdme bukthenge yeh andar jaenge apne kiye ki sazah bukyhenge inko toh bin sarth riha kar diya aur dusri baat ek jo main kehna chah raha hun aapko in tasviro mein is gupkar gang mein ek shakal aur dikh rahi hogi uska naam sajad lone bjp ne apne khaate se isko cabinet minister banaya tha us gathbandhan sarkar mein aur sirf aisa hi nahi inko shyama prasad mukherjee purskar diya tha kam se kam in se vapis le lijiye dr. shyama prasad mukherjee ji aatma par rahem kijiye sajad lone jaise ko jo gupkar gang mein isi isi gang ka hissa hai aapne shyama prasad mukherjee purskar kya soch ke diya tha mana ke pradhanmantri ji ne sarvajanik roop se khed vaykat kiya hai usko maha milavat kaha hai lekin maha milavat ke jo purane jadh beej bache huye hai iski safayi kijiye aur kashmir mein sahi nitiyan lagu kijiye inko khula mat chodhiye yeh jihaad ka parcham liye bahar nikale hai bahar nikale hai yeh keval loktantra ki basha bolte hai yeh keval samvidhan ,0
37:23 ,(ANCHOR), sushil pandit ji yahi mar inko yahan nahi roka gaya toh yeh algawadiyon se zyaada khatarnak honge agar yeh wakehi global gathbandhan ho gaya gupkar gang ka desh ke rashtriya hiton ke khilaaf jo main keh raha hun quote unquote grihmantri amit shah ne kaha hai rashtriya hiton ke khilaaf antarashtriya global gathbandhan gupkar gang ka agar wakehi itna khatarnak hai toh inko azaadi kyu yeh sab karne ki log yahi sawaal puch rahe hai inko abhi nahi roka gaya toh yeh kal ko algawadiyon se zyaada khatarnak ho jaenge sukriya trivedi ji yana mirchandani iftikar misgar deri se jude sukriya aapka sushil pandit sanam shah ji aur pdp ke neta rauf bhatt ji aapka bhi bahut bahut sukriya humare saath judne ke liye ek chota break lekin use pehle aapko bata de quick reaction missile ek aur safal parikshan zameen se hawa mein mark karne wali missile ka safal parikshan quick reaction missile target ko davasat karne mein saksham hai aapko bata de raksha mantri rajnath singh ne drdo ko badhai hai odisha ke balasore se safal parikshan kiya gaya,1
