timeStamp,speaker,text,label
01:46 ,(anchor)," namaskar shyam ke 5 baj chuke hain aap jante hain waqt ho gya hai behens ka number show taal thok ke aapke saath mai hoon aman chopra. mazhab toh nhi sikhata gla katt katarta. koi dharm nhi sikhata gla kaatna toh fir kanpur mai sar tann se juda wale poster kyun? wo bhi islam ke naam par. likha gya hai gustaki usool sar tan se judda. hindustan mai yeh isis wali galla kat katarta kahan se aa gyi. desh samvidhan se chalega ya sariya se. pura mamla samjhiye. UP ke kanpur mai asad qwaisi ki party AIMIM ne dasna divya aarop. dekhiye poster ke upar likha hai AIMIM. isliye hum keh rhe hain AIMIM ka poster kyunki AIMIM ne dasna devi mandir ke mehent narsingha saraswati aur shia wakh board ke purv adhyaksh waseem rizvi ke khilaf sar tann se judda ka poster lgaya matlab sar katne ki appeal ya sar katta hua poster. aur isme harri patti mai AIMIM kanpur likha hai. niche dhardar hathiyar dikha kar yati nirsingh anad aur rizvi ka sar unke shareer se alag dikhaya gya hai hala ki mamla samne aane ke baad poster hta diya gya lekin sawal yeh hai ki kattarpan ke kamlesh model ko lekar samajh rhe hain na. kamplesh tiwari ka bhi glla kata gya tha wo bhi kattarpan ka ek model tha aur ab kattarpan ke isi model ko lekar agar inhone kuch galat kaha hai. dekhiye mai debate shuru karne se pehle hi saaf kar doon kisi ko bhi adhikar nhi hai dusre dharm ki bhavnao ko thes pohonchane ka. kisi ko koi adhikar nhi hai lekin unhine kuch galat kaha hai nhi kaha hai yeh court teh karega. hmara desh samvidhan se chalta hai, lok tantra se chalta hai. shariyas se nhi chalta hai. yahan galla kaat kattarta ki koi jagah nhi hai. yahan court teh karega. shariya se kuch teh nhi hoga. hum yeh hi sawal puchenge ki kya islam ke naam par galla katne ki baat sahi? hmare saath iss waqt sangeet raggi jo ki professor sangeet raggi hai DU mai wo mere sath live jud chuke hai. VHP se vinod bansal mere sath live judd chuke hain matlab muh par samvidhan dil mai katleyam hum toh yeh hi sawal puchenge na ki samvidhan sanvidhan chilaenge, glla kaat kattarta failaenge. subuhi khan lawyer hain samajik karyakarta hain, wo bhi mere saath iss waqt live judd chuki hain. abdul razza khan aap jante hain political analyst hai, congress ke bohot bade samarthak hai saeed aseem waqar sahab bhi mere saath judd chuke hain. owaisi ki party AIMIM ke pravakta hai aur maulana ali qadri bhi aap sabka bohot bohot swagat hai lekin sabse pehle maine aaj panel mai maulana ali qadri sahab ko isliye rkha hai kyunki islamic scholar hai. yeh humko behtar bta payenge kyunki dekhiye islam bhi iski ijazat nhi deta. islam bohot hi shanti priya aur sanshru dharm hai yeh hum sab jante hain. yeh kuch thekedar hai jo islam ko badnam karte hai isliye qadri sahab mere khyal se unko expose karenge. qadri sahab matlab islam mai glla kaat kattarta ki toh koi jagah nhi hai na. dharmik bhavane ahat hoti hai toh kya islam glla kaatne ki ijazat deta hai? ",0
04:58 ,(speaker 1)," dekhiye aman yeh baat badi hi clear hai ki hum hindustan mai rehte hain toh hamko hindustan ke samvidhan ke hisaab se chalne hai aur hmara jo apna court hai wo faisla karega usko szza dega jo kuch bhi faisla hoga court mai hoga. agar aap sharahi jaise abhi aap keh rhe the hindustan mai shariyat ka kanoon nhi chalega toh yakini baat hai, hindustan mai shariyat ka kanoon muslamano par chalega, hinduism ka kanoon hinduon ke mazhab par chalega lekin hmare desh mai jo kuch bhi hoga wo hmare samvidhan ke tehet hoga aur jahan tak ki glla kaatne ki poster ki baat hai toh uski aap sahi mana mai tehki karvaiye ki kisne wo poster lagaya tha. AIMIM ke upar bol dena ya inke upar bol dena yeh baat katai galat hai. hum yeh kehte hai ki gustaq eh rasul jo hota hai, azrue e shara ki baat kar rha hoon mai. hindustani kanoon ke hisaab ki baat nhi kar rha hoon. asrue e shara jo hai usko saza hai isme koi shaq nhi hai as per islamic law lekin hum hindustan mai rehte hain toh humko chahiye ki hum hindustani kanoon ka palan kre, apne adaalat par, apne samvidhan par apni puri aastha rkhe aur koshish kare ki jo koi bhi islam ke baare mai ya pegumbar islam ke baare mai galat tipani kiya hai usko hmare court se sakht se sakht sza dilayi jaye. ",0
06:41 ,(anchor)," toh galla kaat kattarta islam virodhi hai, gala kaatna islam virodhi hai aur jin logon ne poster lagaye hain, jo bhi inke gala kaatne ki baat kar rhe hain wo saare ke saare islam virodhi hai, theek?",0
06:55 ,(speaker 1)," dekhiye islam virodhi nhi kaha jaa sakega jo koi bh aisa poster lagaye hain toh unko aisa kaam nhi karna chahiye galla kaat do yeh kar do, iss kism ki baatein nhi karni chahiye.",0
07:09 ,(anchor), nhi nhi nhi islam virodhi nhi hai? jo galla kaatne ki baat kare wo islam virodhi nhi hai. toh kya islam ijazat deta hai? yeh aap do do baatein mat kariye na. jo glla kaatne ki baat karein wo islam virodhi haan ya na?,0
07:25 ,(speaker 1)," suniye aap mai aapko pehle keh chuka hoon as per islamic law, prophet mohammed salalam ki shan mai gustakhi karne wale ke liye islam mai sazza hai lekin hum hindustan mai rehte hain toh humko hindustani kanoon ka palan karna chahiye yahan par iss kism ki koi bhi aisi poster baazi nhi hona chahiye. islamic",0
07:48 ,(anchor), accha matlab islam ijazat deta hai dharmic bhavna ahat hone par gala kat ta ha.aap keh rhe hain ki islam ijazat iski deta hai. yeh samvidhan ki vajah se haath bandhe hain warna islam ijazat deta hai gala katne ki dharmic bhavnae ahat hone par. qadri sahab.,0
08:05 ,(speaker 1), suniye aap,0
08:05 ,(anchor)," mujhe clarification chahiye, mujhe nhi pta yeh sab. mai isliye aapko bulaya hai.",0
08:08 ,(speaker 1), suniye aap as per islamic law usko saza hai jo prophet ki shaan mai gustakhi karta hai jahan kahin bhi islami hukumat hai jitne arab countries hai wahan par wo hi hisaab se usko saza di jati hai lekin hmara hindustan mai apna constitution hai toh yahan ke hisaab se usko saza deni chahiye mai yeh keh rha hoon.,0
08:35 ,(anchor)," toh fir matlab toh fir iska matlab yeh log anti india hai , yeh log desh virodhi hai. yeh samvidhan virodhi toh hai hi, yeh lok tantra virodhi hai yeh bharat virdhi hai, yeh anti india forces hai. theek hai kyunki india mai toh india toh samvidhan se chalega abhi aapne bataya. ek minute ab sunn lijiye qadri sahab. dekhiye mujhe na samajhna bohot zarur tha. islam aapne btaya ki islam ijazat deta hai gala kaatne ki agar dharmik bhavnae ahat hoti hai lekin agar yeh log kyunki samvidhan ki vajah se aapke haath bandhe hue hain toh fir yeh samvidhan virodhi hai yeh log.",1
09:09 ,(speaker 1), maine gala kaatne ki baat nhi ki hai abhi tak . yeh baat aap boliye. maine kaha ki prophet ki shaan mai jo gistakhi karta hai uski saza as per shariya law hai lekin yahan par hindustan mai shariy law nhi lihaza yahan par implete nhi hoga. islamic mumalik jitne arab countries hai wahan par implete hoga. aap kisi ki bhavnao ko ahat karke apne channel par lakar kisiko ko bhi ger galat baat bolne par majboor nhi kar sakte.,0
09:39 ,(anchor)," yeh log bharat virodhi, yeh log samvidhan virodhi, yeh log kattar panti yeh log jo bharat mai shariya lana chah rhe hain gala kaat kattarta yeh isis model. ",1
09:50 ,(speaker 1), toh kya aap hindu rashtra bnana chah rhe hain? nhi aap kya karna chah rhe hain.,0
09:57 ,(anchor)," gala kattarta se hindu raaj nhi banega. aao issi liye gala katne, gala katne se hindu raaj nhi bnega. nhi issi liye gala kaate jaa rhe hain taaki hindu rashtra bne.",0
10:03 ,(speaker 1), kitno ke galle nhi kaate aap logon ne ram ji ke naam par. ,0
10:06 ,(anchor), kamlesh tiwari ka gala isliye kata tha? ,0
10:06 ,(speaker 1), ram ji ke naam par jai shri ram bol de toh marr deta hoon. jai shri ram bolde toh katal kar denge. kitne katal ho gye toh yeh kya lana chah rhe? hindu rashtra banan chah rhe. ,0
10:16 ,(achor)," kisi ne usko jayaz btaya? kisine bola ki dharm mai iski ijazat hai. aap bol rhe hain ki islam dharm mai gala kaatne ki ijazat hai. kisine bola hindu dharm mai uski ijazat hai, mujhe bataiye?",0
10:24 ,(speaker 1), nhi bola maine. galat sunne hai aap. ,0
10:28 ,(anchor)," aap bole hain ki haan islam dharm mai ijazat hai. islam dharm mai gustakh e raul ki ek hi sazza, sar tann se juda sar tann se judda. ",0
10:34 ,(speaker 1)," galat galat suniye suniye maine gla katne ki baat nhi ki sharai law mai jo szza hai uska zikr kiya, gla katne ka zulm agar aap bta diye toh fir zindagi bhar aapke channel par nhi aaunga. ya nahi toh fir debate chuka dunga. maine kabhi nhi kaha gala kaatne ki ijazat di gyi. ",0
10:51 ,(anchor), chaliye theek hai mai ab aage badh rha hoon . mai aseem waqar aapke pass aa rha hoon. toh matlab mujhe ek cheez acchi lagi toh fir aap bol dijiye aap channel par baithkar aaj aap qadri sahab aap channel par baithkar bol dijiye kyunki aap gala kaat kattarta ke virodhi kamlesh tiwari ka galla kaata gya galat. france mai teacher ka galla kaata gya galat mai aage badh jaunga. bol dijiye kamlesh tiwari ka gala kaata gya galat. ,0
11:13 ,(speaker 1), kamlesh tiwari ko . suniye suniye arre aap kamlesh tiwari ke itne bade bhakt hai aap aapse kahi debates mai sirf kamlesh tiwari ki hi maala japte rehte hain aap. arre kamlesh tiwari ko kisne maara kyun maara mujhe kya pta. kya vajah se usko maara kisne maara pehle wo toh tehkik rkhe aap. ,0
11:38 ,(anchor)," jis bhi vajah se maara, galla kaata galat. jis bhi vajah se maara galat kaata gala kaata galat. mai aapko chunauti de rha hoon aap nhi bolenge aap. mai aaj aapko chunauti de rha hoon aap bolke dikha dijiye jo kamlesh tiwari ka galla kaata galat hua.aap bol nhi sakte iss cheez ko kyunki aap logon muh mar samvidhan hota hai aur dil mai taliban hota hai. aap logon ke muh par smavidhan hota hai aur katleyam hota hai. ",1
12:06 ,(speaker 1), arre aap talibani hai. ,0
12:07 ,(anchor)," aap logon ke muh par samvidhan hota hai dil mai taliban , katleyam hota hai. ",1
12:12 ,(speaker 1), aap apni mansikta ko badliye aap.,0
12:13 ,(anchor), bol dijiye na kamlesh tiwari ka galat sarr kata gya. ,0
12:16 ,(speaker 1), aapki mansikta desh ko todne ki hai isko badliye aap. ,0
12:19 ,(anchor), islam iski ijazat nhi deta bol dijiye na. aap aapko pta hai khud expose kar rhe hain aap khud expose kar rhe hai apne aapko. abhi keh rhe the ki gala kaat kattarta ki ijazat nhi hai ab aap bol nhi paa rhe hain ki kamlesh tiwari ka galat gala kaata. ,0
12:36 ,(anchor), chaliye chaliye qadri sahab sirf itna chah rha tha mai ki aaj iski bhatsala ki jaye gala kaat kattarta ki lok tamtra mai samvidhan mai koi jagah nhi hai. aap yeh bol nhi sakte hain main chunauti de rha hoon kyunki aapke muh par samvidhan hai dil mai aapke katleyaam hai. aap bolenge mai challenge karta hoon ,1
12:55 ,(speaker 1), theek hai aman chopra mujhe yeh bta do  ,0
13:01 ,(anchor), pehle boliye kamlesh tiwari ka gala kaata gya galat. france ke teacher ka gala kaata gya galat. bolke dikhaiye aap. arre merese kya puch rhe hain aap bolkar dikhaiye na.,0
13:12 ,(speaker 1), arre tabr ansari ko marne wale kya insaan the. ,0
13:13 ,(anchor), mai bol rha hoon singh anand ne bhi kuch galat kra toh galat lekin court teh karega court teh krega. haan galat tabrez ansari se lekar akhlad se lekar sab galat lekin court teh karega lekin yeh shrar se teh nhi hoga ki aap yahan studio mai aa kar bol nhi sakte hain ki kamlesh tiwari ka gala kaata gya galat. ,0
13:34 ,(speaker 1), na na na hum khud keh rhe hain yeh baat toh hmare mulk ke samvidhan ke hisaab se yahan par  ,0
13:40 ,(anchor), boliye kamlesh tiwari ka gala kaata gya galat. narsingha anand ke gala kaatne ki baat galat.,0
13:45 ,(speaker 1), arre kamlesh tiwari ke bhakt aman chopra kamlesh tiwari ke bhakt aman chopra aap ,0
13:54 ,(anchor)," mai lok tantra ka bhakt hoon, samvidhan ka bhakt hoon court ka bhakt hoon. shariya ka bhakt nhi hoon aapki tarah.",1
13:58 ,(speaker 1), arre kamlesh tiwari ko kisne maara kyun maara mujhe kya pata.,0
14:05 ,(anchor)," boliye waseem rizvi ka gala kaatne ki baat galat, court teh krega. boliye narsingha anand ki galla katne ki baat galat, court teh krega. boliye na gala kaatne ki baat galat.",0
14:17 ,(speaker 1)," hum khule taur par jo keh rhe hain hum khule taur par yeh keh rhe hain ki yahan par jo kuch bhi szza hogi court dega aur hmare samvidhan ki aastha, samvidhan ki roshni mai faisla hoga chahe wasim rizvi ho chahe koi sadhu ho, koi bhi ho court ke faisle ka hum intezaar karenge. court ka faisla hona chahiye hum khud yeh kehte hain.",0
14:41 ,(anchor), theek hai. qadri sahab matlab kamlesh tiwari ka gala kaata gya galat tha. theek hai aage badh jaun. bol dijiye na ek baar.,0
14:51 ,(speaker 1), nhi nhi aap bolo wo baat aap bolo kamlesh tiwari ke bhakt aman chopra aap bolo.,0
14:58 ,(anchor)," aap gala katne ki bhatsna nhi kar rhe hain. yeh drama band kariye, yeh nautanki band kariye. secular hone ki samvidhan samvidhan yeh drama nautanki band kriye. aapke mann mai kya hai yeh maine bta diya. muh par samvidhan dil mai katleyaam. yeh gala kaat kattarta ke poshan karta hai . chodiye aap log. mai ek minute ab mai waqar sahab ke pass jaa rha hoon. jis bhi vajah se kaata ho vajah jaani hai aapko? accha mai baat rha hoon yeh poster nhi baat rhe. waqar sahab mai aapke pass aa rha hoon. ho gya sir. waqar sir report li aapne yeh AIMIM likha tha kanpur. yeh poster aapki party ke unit ke logon ne lagvaye hai ya nhi?",1
15:48 ,(speaker 2)," iss baat ki koi jankaari nhi ki yeh poster kisne lagwaya hai aur mai aapse itni guzarish kar rha hoon ki kanpur police se bhi, UP police se bhi ki UP police iss baat ki jaankari deki poster kisne lagvaye, yeh banner kisne lagvaye. mai ek baat vardhay kar doon aapke channel par ki all india ke jo asad owaisi sahab hindustan mai inse zyada samvidhan par yakin shayad hi kisiko ho. hum hindustan ke shehri hai, hindustan ke kanoon aur aain ko mante hain. hum na toh kisi bhi tarah ke hinsa ka samarthan karte hain, aur na hi hinsa karne wale ke sath lekin aap itni der se qadir sahab se baat kar rhe the. yeh keh dijiye yeh keh dijiye. mai aapse keh rha hoon ki hindustan ke samvidhan mai yeh pravidhan hai ki kisi bhi dharm ke khilaf vyaktigat tipani ki jaye ya pegumbar islam ke khilaf ya kisi guru gobind ke khilaf ya kisi ke khilaf ya bhagwan ke khilaf ya kisiki aukat ke khilaf agar tipri ki jaye toh bharat ka samvidhan yeh kehta hai ki uss aadmi  ko jail jana chahiye uske upar case lagna chahiye, uske upar fir darz hona chahiye. mai aapse keh rha hoon ki narsingha anand jaise criminal aadmi ko jail nhi jaana chahiye? kya UP ke mantri jo hai unhe nirdesh nhi jaari karna chahiye ki foran fir darj ho ki UP police ko chahiye ki fir darj kre. dusra sawal jo bada sawal mai aapse kar rha hoon aur pure hindustan ke tamaam channel se, tamaam leaders se mera sawal yeh hai ki jitne bhi islamic mumalik hai duniya mai inme se ek bhi country ka naam bataiye jahan par kisi bhi dharm ke autar ke khilaf, bhagwan ke khilaf , duru ke khilaf kisi tarah ki koi begrumati wala alfaz istemaal kiya gya ho. aap abhi france ki baat kar rhe the, iski baat kar rhe the, uski baat kar rhe the. mai keh rha hoon ke bhi country bataiye yahan par kisi nagrik ne ya kisi neta ne ya kisi ne kisi dharm ke khilaf koi tipni ki ho. ulta dubai mai toh mandir bnaya jaa rha hai. mai aapse puch rha hoon ki agar aapke pass jawab ho toh dijiye. mujhe bas ek naam bataiye mulk ka.",0
18:27 ,(anchor), mai bas toh verification chah rha tha bas aap se. nhi nhi waqar sahab ek clarification chah rha tha. ,0
18:37 ,(speaker 2)," ek mulk ka naam jahan par hindu bhaiye ke naame par kuch bola gya ho, hindu bhaiyo ke dharmik mamlo ke baare mai bola gya ho, koi unke jasbaaton ko nuksaan pohonchaya gya ho, thes pohonchai gyi ho mujhe bataiye. nhi pohonchaya gya sahab. hmare dharm mai yeh . ",0
18:51 ,(anchor)," nhi wo toh bharat mai hi hai. wo toh mata sita se lekar prabhu ram ka mazzak udaya jaata hai. ganesh ji ki sund ka mazzak uthaya jaat hai. wo toh aaye din hota hai. wo toh bharat mai hi hota hai. mai kisi aur mulk mai hi kahan jaun jab bharat mai sabse zyada mazzak udaya jata hai prabhu ram ka, mata sita ka, ganesh ji ki sund ka for granted hai hindu toh. chaliye chodiye uss debate ko mai udhar nhi jaa rha hoon lekin waqar sahab mai sirf ek clarification chah rha tha. aapne kaha yeh poster aapka nhi hai. yeh AIMIM ka poster nhi hai. chaliye maine maan liya sir kyunki mere pass koi tathya nhi sirf poster ke upar koi likha hua hai AIMIM. aapne bat diya ki yeh nhi hai lekin sir MP ke balaghat mai bhi police ne narsinghanand ke aise hi poster ko lekar 4 logo ko giraftaar kiya tha toh AIMIM ke zilla prabhari nasim khan. mai naam bhi aapko bata rha hoon aap report le lijiyega. AIMIM ke zilla prabhari hai nazim khan, unhone jin 4 logon ko giraftaar kiya, unke khilaf virodh pradarshan kiya aur kaha ki pure muslim samuday ki bhavnao ko ahat karne ke khilaf karvai karne ke bajaye hamare samuday ke 4 sadasyon ke khilaf karwai ki jaa rhi hai. AIMIM ke zilla prabhari hai waqar sahab report le lijiyega. ho sakta na pata ho, nazim khan. ",0
20:01 ,(speaker 2), nhi yeh kahan ka zikr hai. ,0
20:03 ,(anchor), yeh MP ke balaghat. MP ke balaghat. ,0
20:09 ,(speaker 2)," suniye suniye sir. MP mai hmari abhi koi bhi committee nhi hai. rashtiye asad owaisi sahab ne pichle 8 mahine pehle MP ki puri ki puri unit ko including pradesh adhyaksh bhang kar diya. na wahan koi pradesh adhyaksh hai, na zilla adhyaksh hai, na koi prabhari hai , na koi ward adhyaksh hai, na koi shaher adhyaksh hai, na koi mahamantri hai, na koi sachiv hai. ",0
20:40 ,(anchor), kanpur mai hai ya kanpur wali ko bhi bhang kar diya hai? ,0
20:43 ,(speaker 2), mai toh aapse keh rha hoon ki police se puchiye ki kaun log hain. aapke waqar se behtaar hai ki UP ki kanpur police bataiyegi ki kaun log hain wo. mai bhi janna chata hoon kimkaun log hai. ,0
20:58 ,(anchor)," aapke poster nhi hai, theek hai. zaruri tha waqar sahab clarify karna. acchi baat hai aapne clarify kar diya. yeh kuch log aapko badnaam kar rhe hain. ",0
21:09 ,(speaker 2), inki giraftaari honi chahiye. ,0
21:10 ,(anchor), bilkul theek hai kuch log aapko badnaam kar rhe hain na waqar sahab aapki party ka naam ka istemaal kar rhe hain. yeh clarification hona zaruri tha. vinod bansal aur uske baad sangeet raggi aapke pass aaunga. pehle vinod bansal BHP se hain. ,0
21:22 ,(speaker 1)," suniye sir, suniye sir, suniye sir ek baat mai barobar karva doon ",0
21:28 ,(anchor), haan boliye boliye waqar sahb boliye. ,0
21:31 ,(speaker 2), aise gundo ko singhanand type ke gundo ko bolne ki azaadi di jaegi aur iss tarah ke dharmik hamle karne ki azaadi di jaegi tab tak hmare hindustan ke aman aur chaen ko khatra bna rhega.hindustan ke aman chain ko khatra bna rhega. ,0
21:51 ,(anchor)," bilkul theek keh rha hain aap, mai aapke saath hoon waqar sahab mai aapke saath hoon. mai aapke saath hoon waqar sahab, kisi ki haisaiyat ya kisi ki himmat nhi honi chahiye , kisi ki dharmik bhavnae thes pohonchane ki . na narsinghanand ki na wasim rizvim ki, na kisi ki aur na hi munafar faruhi jaise lagon ki jitna gussa inn parr aata hai na aapko, itna hi gussa tab bhi aapko aana chahiye jab prabhu ram ka mazaak udaya jaata hai. mata sita ka mazzak udaya jaata hai, ganesh ji ki sund ka mazzak udaya jaata hai. bhagwan devi devtao ka mazzak udaya jaata hai. itna gussa aapko tab bhi aana chahiye sir jaise mujhe aaj gussa aa rha hai inhone mazzak udaya haan yeh galat kiya lekin court teh karega. aapko itna hi gussa unn par bhi aana chahiye. aap meri bhi awaaz ke saath awaaz milayega ki aaj ke baad koi prabhu ram ya mata sita ya ganesh ji ki sund ka mazzak udayega toh waqar sahab jis tarah inke saath khade hain mere saath unke khilaf bhi khade honge. ab bolenge vinod bansal, uske baad mai aage badhunga. ",1
22:51 ,(speaker 2), Ji mai hamesha apne desh ke saath khada hounga,0
