timeStamp,speaker,text,label
00:23 ,(ANCHOR), namaskar shaam ke paanch baje hai main hun aapke saath aman chopra taal thok ka waqt hai aur aapko bata de chudah farvari ko jo hua sava teen baje usne poore desh ko andar tak hila kar rakh diya poore desh ka vakiye pulwama hamle ke baad se khoon kol raha hai sena ka khoon kol raha hai poore desh ka khoon kol rah hai har taraf se kaha ja raha ki is baar karara jawaab diya jayega pradhanmantri bhi saaf kar chuke hai ki ab baatcheet ka waqt ab nikal chuka hai lekin dekhiye ek zubaan mein abhi bhi rashtr nahi bol raha hai mehbooba mufti ka bayan taal thok ke mein sabse pehle main aapko batana chahunga kyunki dukh bhi hota hai gussa bhi aata hai dukh bhi hota hai ki aise bhi log humare beech mein mehbooba mufti ne kaha hai ki jo badle ki baat kar rahe hai jo jung ki baat kar rahe hai woh bewakoof hai anpadh hai ab samjhiye is cheez ko yeh shahdat ka apman hai abhi aap samjhiye jawano ki chittao ki aag abhi thandi bhi nahi padi jo aapne kal woh tasveere dekhi hongi jo major dhondiyal unki patni wahan par woh roo rahi thi matlab unke aasu abhi sukhe bhi nahi honge yeh seedhe seedhe shahdat ka apman desh virodhi bayan matlab kehna kya rahi hai mehbooba mufti ki jo badle ki baat kar raha hai jo jung ki baat kar raha hai jo keh raha ki kadi karwaayi honi chaiye woh bewakoof hai matlab poora desh bewakoof hai poora desh anpad hai mehbooba mufti ke hisaab se kya sena ko bewakoof sena ko anpadh kehne ki koshish kar rahi hai mehbooba mufti aap kuhd teh kijiye kaun bada bewakoof anpadh woh bewakoof anpadh hai jo sena par sawaal utha raha hai jo shahdat ka apman kar raha hai ya woh zyaada bada bewakoof hai jo badle ki baat kar raha hai jo keh raha ki pakistan ko karara jawaab diya jaana chaiye agar mehbooba mufti ki hisaab se woh saara saare bewakoof anpadh toh poora desh bewakoof aur shayad aise sabse pehle pakistan se pehle in samjhdaro ko samjhane aur unko nibatane ki jaroorat suniye kya kaha mehbooba mufti ne  ,1
02:22 ,(NEWS), main mera yeh manna hai ki jung to do mein se koi mulk kisi ko referred nahi kar sakta hai kyunki aaj kal ke jamaane mein yeh jo jung ki baat hai yeh anpadh aur gwaar log kar sakte hai aur dono milk jo hai nuclear powers hai aur dono mulko ke paas jab dialogue ka raasta hai masle ko hal karne ka toh main samjhi hun ki yeh jung ka sawaal paida hi nahi hota  ,0
02:50 ,(ANCHOR), matlab vakiye gussa aata hai aap sochiye is bayan ko sun kar pakistan has raha hoga hum par pakistan keh raha hoga ki kal ki jo geedhad bhapki thi pakistan ki woh isiliye thi ki ki mere kahi log aapke yahan par hai mehbooba mufti jaise logo ke dam par pakistan geedhad bhapki deta hai mere saath sabse pehle main debate aaj shuru kar raha hun koi sawaal nahi kyunki vaaki khoon kolta hai is tarah ke bayano ko dekh kar sabse pehle ashok mehta retired major general mere saath hai defence expert ashok mehta ji kya kehna chaah rahi hai mehbooba mufti matlab jo badle ki baat kar raha hai jo karwayi ki baat kar raha hai woh bewakoof hai poora desh bewakoof hai kya ashok mehta ji  ,1
03:22 ,(SPEAKER 1), nahi badla toh jaroor lene ki jaroorat hai isme koi sakh nahi hai woh mehbooba ji jo baat kar rahi hai jung ke baare mein yudh ke baare mein usse main sehmat hun ki hum ko jawaabi karwayi aveshe karni chahiye lekin yudh ke baad bare mein zara thande dimaag se aage badhna chaiye inko pehli baat toh yeh samjhni chaiye ki pulwama woh unka gadh hai aur pulwama kashmir poore kashmir mein ab chaar district reh gaye hai kashmir mein jahan par hot bed of insurgency jisko kaha jaata hai toh inko aisi statement dene se pehle unko yeh bata bolna chaiye tha ki unhone kya kiya hai pulwama mein jo unki constituency hai wahan se aatankwad ko ki jad ko nikalne ke liye kyunki pulwama ka jo hamla hua hai jo ladka jo kashmiri ladka daar abdul daar woh vahi vahi kahi gaon hai hai toh unko uske baare mein baat kyu kaha  ,0
05:01 ,(ANCHOR), woh toh patarbaazo ko bhadkane ka kaam karti hai woh toh kehti hai bhataku bacha kehti hai agp jaini agp jaini mujhe ek cheez bataiye abhi bhi matlab thande dimaag se main toh kahunga agar abhi bhi khoon nahi kol raha toh khoon nahi paani hai woh toh agar chaalis jawano ki shadat ke baad bhi khoon nahi kol raha hai agar karwayi ki baat nahi ki jaa rahi hai toh phir toh bewakoof hi sahi hai hum log hum log saare bewakoof hai koi dikat nahi hai phir aise samjhdar aise sanjhdar pakistan ko mubarak  ,1
05:24 ,(SPEAKER 2), aman dekhiye thoda sa samjhne ki jaroorat hai time dijiye dekhiye mehbooba ji kya bolti hai power mein jab hoti hai kuch bolti hai jab power ke bahar hoti hai kuch aur bolti hai toh unki baat ke upar mein zyaada hemiyat nahi deni chaiye humme apna maansik chit jo hai unki baato  ,0
05:40 ,(ANCHOR), nahi sir yeh shahdat ka apman hai agp jaini sahab  ,1
05:44 ,(SPEAKER 2), general sahab ne baat kari thande dimaag ki unhone baat kari ke ladai jo hai woh bewakoofo ka aur yeh kaha hai dekhiye dono ke beech ki main ek baat kehta hun  ,0
05:51 ,(ANCHOR), toh pheshet mein bewakoofi ki thi  ,0
05:55 ,(SPEAKER 2), suniye suniye suniye wahi main kaha raha hun thoda sa zara samay do kyunki yeh ek bahut gambhir baat hai aaj ke din humare desh mein ladai ladai ladai ladai kar do surgical strike kar do ladai kar do samjhne ki baat hai baithe hai itne yahan pe aavam ke log ek national security ka paradime hota hai ek national security ek state ki policy hoti hai jisme ladai fauj woh last option hota hai woh dsh la brahamashtr hota hai jab ki saare asthar fekh diye jaate hai nakaam hote hai tab yeh brahamashtr feka jaata hai aur baaki asthar kya hai diplomatic political economic tees second aur dijiye diplomatic mein kya humne apni embassy vapaas bulayi kya ambassdor ko bola vapaas aao kya humne subha sehab aur  ya woh basit jo bhi tha usko bola saat baje subah se pehle get lost pehli flight nahi toh pakistan bandh karo embassy nahi politically humne kya acha hum duniya mein bol rahe hai isolate isolate isolate arre kya isolate pakistan vahi sab kuch kar raha hai political pe aaiye political pe hum doosre desho ko request kar rahe hai aap declare karo pakistan ko as a terrorist state paanch sau thertalis bujhivni haath khade karke parliament mein baithe ho saare opposition wale bhi sahara denge usme aur bolo we the people of india declare pakistan as a bloody terrorist state aur publish kar do new york times london times sydney times china times har jagah nahi kar rahe woh politicalise se economic le lijiye heeng maanga rahe hai cheeni bhej rahe hai arre kyu heeng maanga rahe ho bhai itna heeng aata hai agar wagah border pe jao bees kilometer muskh aati hai heeng ki agar hum heeng nahi maangaye pakistan mein log heeng kha kha hi mar jayenge saara political bandh karo yeh bambai mein taj mein jaana bandh karo cricket match bandh karo  ,0
07:36 ,(ANCHOR), shashank ji shashank ji shashank ji aap former  ,0
07:38 ,(SPEAKER 2), uske baad ladai ki bhais karo  ,0
07:40 ,(ANCHOR), aap aap former foreign secretary hai videsh sachiv rahe hai yeh toh saare parameters hai yeh to aarthik naakebandhi ya gala ghotna hua ek tarike se aarthik morche par lekin isse isse kya isse kya woh aatanki bhejna bandh kar dega main yeh keh raha hun main keh raha hun agp jaini sahab ki baat ka poora samman lekin iss iss baat se thoda alahda meri rai hai ki chaalis jawano ki shahdat ke baad bhi agar brahamastr bahi chhoda jayega to hum kya intezaar kar rahe hai chaar sau ki sadat ho hum kya intezaar kar rahe hai sir sir hum kya sir chaalis ki shahdat ho gayi hum chaar sau ka intezaar kar rahe hai hum chaar sau ka intezaar kar rahe hai shashank ji shashank ji  ,1
08:17 ,(SPEAKER 2), agar sarkar yeh faisla leti hai ki brahamastr fekhna hai toh feko  ,0
08:19 ,(ANCHOR), thik hai shashank ji  ,0
08:20 ,(SPEAKER 3), yeh baat sochne ki hai ki hum logo ne paksitan ki to baat samjh li pakistan humesha se chahta hai ki bharat mein agar aatankwad failayega toh bharat ek dum se jo hai sab mulko ke paas jayega aue woh mulk bharat ko samjhayenge ki pakistan se dosti kar lo jo pakistan maang raha hai chalo poora nahi toh aadha de do to ek prakar se yeh pakistan ki ek tarah se niyat ban chuki hai purane jaamne se aur isi pe chalta raha hai woh yeh bhool chuka hai ki ab chahe saare desho ne paksitan ki asliyat pechaan li hai ki yeh sabko budho banta hai paise khata hai sabse sabko apni zameene bechta hai ya zameene girvi rakhva deta hai aur use cheen leta hai  ,0
08:56  ,(SPEAKER 2), gadhe bhi bechta hai gadhe bhi bechta hai  ,0
08:58 ,(SPEAKER 3), ab woh bhi bechna shuru kar diya hai caare bhi bhechi hai apne ghode bhi bech diye hai  ,0
09:02 ,(ANCHOR), sabr ka baandh kab toothega sir ki brahamastr kab chalega sir  ,0
09:06 ,(SPEAKER 3), ek naya cheez jo hai hum shuru kar rahe hai manmohan singh ji ke samay par yeh maana gaya tha ki bahi dekhiye pakistan ne hum se kaha ki unke paas bhi aatankwad failta hai unke bhi chaalis pachaas hazaar log jo hai mar chuke hai aatankwad mein  ,0
09:18 ,(ANCHOR), hmm victim card  ,1
09:18 ,(SPEAKER 3), ki usse zyaada pakistan sena khud hi maar diye ho woh aatankwadi to alag se maar rahe the is prakar se manmohan singh ne kaha chalo thik hai aatankwad aur baatcheet dono jaari rahegi to pakistan ko doosra yeh pahlu mil gaya ki bhi agar pehle toh jo hai antarrashrtiye satr par bharat ke upar agar hamla kara jaaye khoon baheya jaaye to sab desh hai unko manayenge ki bhi pakistan ko de do thoda sa kuch to khush ho jayega doosra unhone kaha ki bharat jab manega ki chalo baatcheet bhi jaari rakho aur khoon bhawa bahate raho ab jab ho hai modi ji ne jab se yeh bandh kara hai masla to pakistan ke samjh mein nahi aa raha hai ki kis raste pe hum chalenge toh woh kab koshish kar rahe hai aur mehbooba mufti ji ne jo kaha hai aur imran khan ne jo kaha hai woh ek prakar se isi disha mein hai ki hamla hoga hum hamle ka jawaab denge aur sidhe hum jo hai nuclear  ,0
10:04 ,(ANCHOR), shehnawaz hussain main aap ke paas aa raha hun usse pehle vikas gupta mehbooba mufti ke bayan se aap to itefaq rakhenge kyunki aap sabse zyaada samjhdaar logo mein se ek hai jo chahte hai shanti honi chaiye hum saare bewakoof hai aap log samjhdar hai  ,1
10:14 ,(SPEAKER 4), aman matlab aaj bajpa se yeh sawaal puchna chaiye tha aapko jo teen saal tak ussi pdp ke saath gathbandhan mein sarkar banayi aur woh sawaal aaj aap vipaksh se puch rahe hai  ,0
10:26 ,(ANCHOR), nahi main main keh raha hun main aapse puch raha hun ab yeh yaad karne ka din hai sir aaj to ek zubaan mein bolna chaiye na sir aaj to ek zubaan mein boliye ki pakistan pakistan pe karwayi honi chaiye shanti path shanti ke kabootar baatcheet sir abhi bhi  ,1
10:41 ,(SPEAKER 4), aman bhraspativaar ko jis din yeh haadsa hua jimmedr vipaksh ki tarah desh ka har naagrik aur jimmedar vipaksh ne kah hi hum armed forces ke saath khade hai aur jo bhi desh ki sarkar nirnay legi hum uska samarthan karenge aap isse zyaada kya karenge desh ki sarkar hi nirnay legi yahan studio mein baith ke yahan janta ki awaaz se nahi hoga  ,0
10:58 ,(ANCHOR), main aapko dus congress netao ke bayan bata dun ki abhi baatcheet honi chaiye baatcheet honi chaiye baatcheet honi chaiye  ,0
11:06 ,(SPEAKER 4), aman ki yeh nirnay nahi lenge ki kab pradhanmantri ne bhi kaha hai ki sena yeh nirnay legi ki kab kis waqt timing hogi kis tarah se attack kiya jayega yeh vivek yeh vivek sena ke generals ka hoga aur is baat ka poora desh samarthan  ,0
11:21 ,(ANCHOR), sir sena ke vivek par mere khayal se chhod dena chaiye na shehnawaz hussain sahab ab kal imran khan ki geedhad bhapki humne dekhi thi imran khan keh rahe the ki bhi shanti baatcheet shanti saboot dijiye hum karwayi karenge matlab woh shanti chahte hai woh samjhdar hai aap log hum log ya bjp ya poora desh agar karwayi ki baat kar raha hai to bewakoof hai hum log to aap toh bewakoof ki shredni sabse upar ho jaynge mere khayal se mehbooba mufti ki bhasha mein shehnawaz hussain sahab  ,1
11:53 ,(SPEAKER 5), dekhiye bhartiye bewakoof hai yeh koi keh nahi sakta bhartiye akalmand hai aur humari akal se hi woh dare huye hai pakistani aur woh jo pakistan prasthi ki baat karne wale logo ko bhi dar isliye hi lag raha hai ke humari khamooshi unko dara rahi hai unko yeh lag raha hai ki bharat chup baithne wala nahi hai pradhanmantri ji ne jo kaha main usse aage badhkar kuch nahi kehna chahta main kehna chahta hun ki desh ko sena pe bharosa hai sarkar par bharosa hai vipaksh ne bhi kaha hai ki usse sarkar aur sena pe bharosa hai to sarkar aur sena faisla karegi aur yeh sahi hai ki koi baatcheet toh pehle bhi nahi ho rahi thi humne pehle kaha tha ki dhamkao ki goonj mein baatcheet nahi hogi toh baatcheet to pehle se bandh hai humara jo pakshi hai jo baatcheet hai woh bhi nahi huyi status tha woh hataya aur jo cabinet committee and security ne uss din jo jo kadam uthane the woh uthaye desh ko bataya hai  ,0
12:58 ,(ANCHOR), thik  ,0
13:01 ,(SPEAKER 5), ab desh ko poora bharosa karna chahiye aur main yeh maanta hun pakistan ki koi geedh bapki mein hum aane wale nahi hai ab mehbooba mufti ko bhi is tarah ki salah dene ki koi jaroorat nahi hai  ,0
13:11 ,(ANCHOR), thik hai rehmani sahab  ,0
13:14 ,(SPEAKER 5), jawano ko sahi dhara mein laane mein kamyab nahi huyi hai jabke humne unse samjhuta karke unko mauka diya tha woh mauka chook  ,0
13:20 ,(ANCHOR), thik  ,0
13:23 ,(SPEAKER 5), aur woh mauka chukne ke baad woh is tarah ka bayan de rahi hai woh galat hai yudh ka faisla hum yahan par baithkar nahi kar sakte lekin badla karwayi aur jitne aasu bhartiyo ne rohe hai utne aasu usse usse zyaada aasu pakistan ko roona padhega  ,0
13:41 ,(ANCHOR), lekin sir ek zubaan mein toh bolna padhega na main keh raha hun shehnawaz hussain sahab woh keh rahe hai sena teh karegi kab kahan kaise kya karwayi sena teh karegi wahi hum doosri zubaan mein yeh bhi keh de ki jo jung chahte hai woh bewakoof anpadh hai shanti baat karne wale samjhdar hai pakistan ko ek aur mauka dena chahiye yeh yeh bhi toh sena ka shahdat ka apman hai na main to woh keh raha hun abhi abhi chitta ki aag thandi bhi nahi padi hogi na dr tasleem ahmed rehmani sahab rehmani sahab  ,1
14:08 ,(SPEAKER 5), pakistan ko koi mauka dene ki jaroorat nahi hai  ,0
14:10 ,(ANCHOR), aap samjhdar ya bewakoof sir kyunki hum toh bewakoof hai sir sun rahe hai to main toh sabse bada bewakoof hoon rehmani sahab samjhdar ya bewakoof hai sir  ,1
14:21 ,(SPEAKER 5), pakistan mein dekha jaata hai jo pakistani dekh rahe honge unko pata lag raha hoga  ,0
14:28 ,(SPEAKER 6), shahnawaz ji shahnawaz ji apni sijalat ko chupane ki koshish mein kam bole toh phir main bolo  ,0
14:32 ,(ANCHOR), boliye boliye rehmani sahab boliye  ,0
14:35 ,(SPEAKER 6), ab main beech mein bolunga toh yeh sirf sihakyat karne lagenge dekhiye hum kamjoor hote hone ka kamjoor hone ka toh koi sawaal nahi hai lekin bada masla yeh hai ke humko bewakoof banaya ja raha hai aur hum bewakoof ban rahe hai yeh sarkar seh saal aaj guzar seh din guzar gaye aaj poore aur seh din mein humko khaali jhumle suna rahi hai aur jhumle suna suna ke bahut bol bol ke ke sab tasli rakhiye tasli rakhiye aap kahi yeh bahut hi josh ke saath kehte hai hum toh baat nahi karte hum toh baat nahi karte paanch saal se aapne baat bandh kar rakhi hai aapne surgical strike kar liya aur uske baad se aap saare statistics utha ke dekh lijiye jitne in paanch saal mein is baat na karne wali sarkar ke zamane mein humare jawan shahid huye pichle paanch saalo se pichle paanch saal mein utne nahi huye surgical strike ke baad se aath sau ceasefire ke vioaltion huye aur sarkar apni kamar thap thpati hai abhi aapne jo hai kaha ke hum kab se keh rahe hai ki inko most favoured nation ka status inka withdraw kijiye army ko jo aap huriyat ko de rahe hai cover usko withdraw kijiye kabse kaha aaj humare itne jawan shahid ho gaye uske baad kehne pe withdraw kiya aur woh bhi jo inhone huriyat ka jo cover withdraw kiya hai woh selective hai jo hardcore huriyat ke sepratist hai unka security cover abhi tak aaj ki taarik bhi  ,0
15:55 ,(ANCHOR), rehmani sahab  ,0
15:56 ,(SPEAKER 6), withdraw nahi kiya hai jo moderate huriyat ke leader hai  ,0
15:59 ,(ANCHOR), rehmani sahab mere sawaal ka jawaab to de dijiye sir sir main bewakoof aap samjhdar ya bewakoof mehbooba mufti ki mehbooba mufti ki paribhasha ke hisaab se sir main bewakoof hun sir kyunki main pakistan par karwayi chahta hun har deshwasi chahta hai aap kya hai sir  ,1
16:17 ,(SPEAKER 6), nahi hum majboor hai maine shuru mein hi kaha hum majboor hai apni sarkar ke haatho majboor hai kyunki sarkar woh sarkar hai jo jhumle bol ke narrative develop karti hai lekin sarkar action nahi karti aur action karti bhi dikhayi bas deti rehti hai action kuch karti nahi iskiye humne kaha ke surgical strike ke baad se leke ab tak humare saat sau jawan shahid huye hai yeh jhumla bolte hai ke hum ek kesh ke badle mein dus sar lake aayenge laaiye saat hazaar sar kahan hai kal kisi ne kaha janab saat hazaar mat laiye saat sau hi laake de dijiye yeh jo jhumle baazia hai yeh aap narrative develop kar rahe hai pichle seh din se studios mein baith ke karwayi ke naam par aap keh rahe hai intezaar kijiye sabr kijiye aapne ab tak na aapke yahan se jo high commissioner hai pakistan ka na woh bandh kiya na aapne jo inke humare sifarti talukaat hai na aapne woh bandh kiye  ,0
17:03 ,(ANCHOR), shahnawaz hussain  ,0
17:05 ,(SPEAKER 6), sab kuch as a it is chal raha hai  ,0
17:05 ,(ANCHOR), shahnawaz hussain ashok mehta ji main aapke ke paas aata hun shahnawaz hussain shanawaz hussain  ,0
17:13 ,(SPEAKER 5), mujhe mr rehmani se aapne poora samay diya aapne inko poora samay diya inhone ek baar paksitan ki mazhamat nahi ki ek baar pakistan ke pradhanmantri khilaf nahi bola inhone ek baar bhi pakistan aur aatankwadiyon ke khilaf nahi bola sirf apni sarkar ko blame kiya aapko hindustan ke pradhanmantri ki baat jisse pakistan thr thr kaap raha hai aapko jhumla lagta hai imran khan ki aur pakistaniyo ki neend haram hai woh jhumla lagta hai yeh log har baat pe siyasat karte hai aise log television par aa kar kya sandesh dena chahte hai rehmani sahab aaj ka din appne pradhanmantri ki baat ko jhumla kehne ka din nahi hai aaj ka din pradhanmantri ki baat ko labhdyak kehne ka din hai uske saath khade rehne ka din hai  ,0
18:00 ,(SPEAKER 6), dekhiye  ,0
18:00 ,(SPEAKER 5), aaj aap siyasat mat kijiye aap log congress ke samarthak hai bahut bade aap log yahan par independent rai bana ke aa jaate hai aur alag alag baat karte hai poora desh dekh raha hai  ,0
18:09 ,(ANCHOR), thik thik thik mujhe yahan par ashok mehta ke paas jaa raha hun usse pehle thirty second john dayal pehle john dayal john dayal pakistan saboot maang raha hai john dayal john dayal pakistan saboot maang raha saboot de ya taboot de saboot ya surgery john dayal dekhiye thik hai thik hai ek minute rehmani sahab rehmani sahab ek ek karke tasleem ahmed rehmani ek minute shahnawaz hussain ek minute ek ek karke bolenge overlap nahi hoga audio john dayal saboot de ya taboot de saboot ya surgical strike kya kare sir vishwas kare pakistan par ek aur mauka dena chaiye pakistan ko kya kare sir  ,0
18:52 ,(SPEAKER 7), dekhiye poore main imran khan ko maine suna aur ussi waqt ditkara mere khayal hai saari opposition parties ne pradhanmantri ko pradhanmantri ke through fauj ko yeh adhikar diya hai ke samay ke hissab se jo unko maafik hai woh kare toh woh to baat hai aapki taraf jo karna hai fauj karegi usko studios mein discuss karne ki jaroorat nahi hai magar ek baat main kahunga  ,0
19:18 ,(ANCHOR), aapko kya lagta hai pakistan pakistan ko saboot de ya taboot bas yeh bata dijiye na aapko kya lagta hai john dayal sahab maine isliye aapko bola hai taaki main aapki rai jaan sako  ,0
19:29 ,(SPEAKER 7), nahi nahi nahi hum pakistan ko koi saboot dene ki jaroorat nahi hai magar aaj pradhanmantri ke paas unhone ek mauka gawa diya jab saudi arabia ka rajkumar humare yahan aaya jo parso pakistan mein imran khan ki japi le raha tha sawa billion dollars de raha tha aur pulwama ka kahi naamo nishan jikar nahi hua aaj usse kya pradhanmantri ji ne baat ki thik se usko bola ke pakistan ke kaano baitho nahi pakistan ko hum aisa sabak sikhayenge ke woh kabhi bhul nahi payega yeh aaj agar humne saudi arabia ko bataya kyunki aaj pakistan pe agar koi ankush laga sakta hai toh saudi arabia uske baad chin aur uske baad america saudi arabia se hi paisa aata hai saudi arabia ke paiso se hi haithyar aate hai jo haath ke haath terroristo ke paas jaate hai saudi arabia se hi ideology aati hai yeh sab cheeze agar saudi arabia ko aapne aaj bata diya ki uske paas chabbi hai ,0
20:30 ,(ANCHOR), john dayal sahab saudi ke prince se gale milne par itna dard hua acha laga kyunki aapko pakistan ko sabak sikhna hai saudi ke prince se gale milne par itna dard hua jab bajwa ko gale lagaya tha congress ke neta ne tab itna dard nahi hua tha aapko kya bada matlab bajwa ko gale lagna zyaada bada apradh ya saudi ke prince ko gale lagna zyaada bada apradh hai tab toh tab toh maun dharan kar lete hai aap log jab hum log awaaz uthate hai ke bajwa ko gale laga lo toh koi dikat nahi hai saudi ke prince ko gale laga liya toh haahaakar  ,1
21:01 ,(SPEAKER 7), woh toh agla sa mla hai ,0
21:04 ,(ANCHOR), sir mantri hai punjab sarkar mein mantri hai punjab sarkar mein unke khiaf aap nahi bole tab aapne maun dharn kar liya tha tab koi dikat nahi ho rahi thi agp jaini  ,1
21:15 ,(SPEAKER 5), aman aman dekhiye  ,0
21:19 ,(SPEAKER 7), aap modi ji ko hi aap modi jo gaali mat dijiye modi ji ko sandook saath mila ke unko gaali mat dijiye aap pradhanmantri hai bharat desh ke unke baare mein aisa  ,0
21:29 ,(ANCHOR), main keh raha hun sir bajwa jab bajwa gale jab bajwa ko gale lagaya tha tab aap ko dard nahi hua tha tab aapne maun dharn kar liya tha yahan gale laga liya aapko dard ho gaya sir ek minute agp jaine main aapke paas aa raha hun shahnawaz hussain john dayal rehmani sahab main aapke paas aa raha hun  ,1
21:45 ,(SPEAKER 2), choti choti baat jald jaldi se saboot aur taboot ki baat ho rahi hai dekhiye saboot dene ki koi avasakta nahi hai kya pehle pakistan ko saboot nahi diye bambai ke baad uri ke baad pathankot ke baad un sabooto ka unhone kya kiya poothe ke poothe dosier ke dosier kya kiya aaj ek times of india mein bahut ek acha isko zoom kariye bahut ek acha ek cartoon nikla hai pakistan saboot maang raha hai chota sa imran khan baitha hai aur uske piche ek bhoot azhar masood khada hai kala bhoot itna bada uske piche hi khada hai yeh saboot hai jaish e mohammad ne khud is baat ka kabool kiya hai ki humne kiya jaish e mohammad ka headquarter kahan hai bhawalpur mein bhawalpur kahan hai pakistan mein to saboot ki baat to bhool jaiye ab rahi taboot ki baat shayad main apni baat aapko pehli baar mein main thik se samjha nahi paya dekhiye mera manna hai yeh galat hoga kehna ke force decide karegi ke ladai karni hai nahi karni hai aur kab karni hai nahi sahab yeh political decision hai fauj rai de sakti hai samay aur time hum apne time mein choosing karenge jagah hum apne time mein choose karenge lekin yeh ab political army hai duniya ki sabse badi aur sabse only apolitical army hai hum rai denge ek second aur toh yeh political decision hoga ladai jagda aur agar aap taboot aaj chahte hai toh prime minister sahab declare kar de war main aapko hundred percent victory hai  ,0
23:11 ,(ANCHOR), khuli chuth toh di gayi hai na sena hi toh teh sena ko toh khuli chuth di gayi na sir ashok mehta ji  ,0
23:17 ,(SPEAKER 1), studio mein baithkar thoda zyaada josh badh jaata hai logo ka aur ladai aur peace and war ke mamle mein bade thande dimaag se aage ka kaam kar main jis tarike se humare pradhanmantri ne mujhe thoda time dijiye  ,0
23:36 ,(ANCHOR), boliye sir boliye ab boliye  ,0
23:37 ,(SPEAKER 1), kyunki mere khayalat thode doosre hai kyunki chillane se gussa karne se is masle ka hal nahi hoga yeh masla tees saal se nahi satar saal se chal raha hai aur har baar har baar do hazaar ek do hazaar aath uri pathankot hum studio mein aise aa ke baith jaate hai aur wohi baat hoti hai koi nayi baat nahi hoti mujhe bataiye kya nayi baat kar rahe hai hum jawaabi hamla hona chahiye saboot hona chahiye aar paar ki ladai honi chahiye humne aaj tak kiya kya hai so main aapko do teen baate batana chahta hun sabse pehle baat humme fikar karni chaiye humare kashmir ki ab kashmir mein sabse pehle baar improvised explosive device pandrah saal ke baad enter hua hai jammu aur kashmir valley mein number do baat ek local ladka pulwama ka suicide bomber bana hai pehli martba hindustan mein agap aap usko chhod de rajiv gandhi ke human bomber ko toh yeh pehli baar aapko kashmir humko iski chinta karni  ,0
25:13 ,(ANCHOR), ilaaj kya hai sir main wohi toh main main woh samjhna chaha raha hun sir  ,0
25:17 ,(SPEAKER 1), wahi baat toh humko kashmir ka control inter yeh masla ek internal hai aur ek external hai aur jab tak apna ghar thik nahi rahega chillane se  ,0
25:32 ,(ANCHOR), mehbooba mufti jaise log pdp jaise log farooq abdullah jaise log alagwadi ho gaya ashtin ke saath gaddar  ,1
25:39 ,(SPEAKER 4), yahi internal baat hoti hai  ,0
25:43 ,(ANCHOR), algavwad to shanti ke doot hai sir algavwadi toh shanti ke doot hai yeh algavwadi mir wais umar farooq sayed ali shah gilani mai kehta hun sir main algavwadiyo ke khilaf ashok mehta ji ashok mehta ji main aapka poora samman karta hun sir main bata raha hun aapko aaj agar main ek minute sir jo aaj agar ek minute vikas ji main aapka samman karta hun sir lekin main challenge ke saath keh raha hun main algavwadiyon ke khilaf kuch bolunga yahan dard hoga main aatankwadiyo ke khilaf kuch bolunga main patharbaazo ke khilaf kuch bolunga yahan dard hoga main mehbooba mufti ke khilaf bolunga inko dard hoga sir yeh bahut khatarnak log hai sir main bata raha hun aapko yeh soch yeh virus hai main agar aaj bolta hun na ki patharbaazo ko kuchalo manavadhikar ka rona rone wale aa jaate hai main agar bolunga yahan par baithkar ki mehbooba mufti jaise logo ko tikhane ya phir inko karwayi karne ki jaroorat hai yahan dard hota hai inko andar ke dushman huriyat ke algavwadi aasthi ke saap hai sir  ,1
26:36 ,(SPEAKER 4), inke saath teen saal sarkar kyu banayi  ,0
26:37 ,(SPEAKER 1), meri mujhe apni baat poori karne dijiye ,0
26:38 ,(ANCHOR), boliye sir  ,0
26:41 ,(SPEAKER 1), toh chuki humara india kyunki humara internal focus sirf counter terror pe raha hai koi political outreach pe nahi raha hai yeh pichle paanch saal mein pichle dus saal mein ab humari halat aisi ho gayi hai ki pakistan ne apni strategy jo hai usme tabdli woh laaye hai aur yeh tabdli jo hum dekh rahe hai yeh improvised explosive device ki hai yeh yeh yeh suicide bomber ki hai aur jo political situation hai abhi jis tarike se do hazaar aath ya do hazaar ek jaise woh parliament pe hamla hua chubis ghante ke andar unka deputy foreign secretary us ka yahan aa gaya ab us ki taraf se koi ,0
27:37 ,(ANCHOR), shashank ji internal matlab kya main sahi samjh raha hun jo ashok mehta ji samjha rahe hai internal matlab woh jo gaddar hai na desh ke internal matlab jo yahan zyaada mehbooba mufti jaise log aasthin ke saap  ,0
27:47 ,(SPEAKER 1), sab arre yaar sab gaddar nahi hai ,0
27:51 ,(ANCHOR), sir main algavwadiyo ko bol sakta hun ya nahi ,0
27:52 ,(SPEAKER 1), bilkul ,0
27:52 ,(ANCHOR), bol sakta hun na sir main bol sakta hun mir wais umar farooq sayed ali shah gilani bilal loon yeh saare gaddar hai ,1
27:58 ,(SPEAKER 1), agar aapke state ke governor aap dekhiye kashmir main fauji hun maine baasat saal ki ladai ladhi hai paisat saal ki ladai ladhi hai eikatr saal ki ladai ladhi hai maine ladai dekhi hai  ,0
28:12 ,(ANCHOR), shashank ji internal matlab kya  ,0
28:15 ,(SPEAKER 1), aur aap log jo halla karte ho yudh ke baare mein aapne yudh nahi dekha hai aapne aatankwad dekha hai aatankwad aur yudh mein bahut antar hai  ,0
28:26 ,(ANCHOR), thik hai shashank ji  ,0
28:27 ,(SPEAKER 3), nahi dekhiye baat yeh hai ki jo andruni haalat hai usme jab tak mufti sahab the saath mein aur vajpayee ji us samay baat chali thi kashmiriat ki insaaniyat ki aur shanti ki ussi taraf ja rahe the toh kahi saari baate aisi kari gayi ki jab military convoys move kar rahe hai paramilitary convoys move kar rahe hai to civilians traffic ko unhone allow kar diya ki ab jo hai haalat badlte ja rahe hai hum shanti ki taraf ja rahe hai  ,0
28:55 ,(SPEAKER 2), healing touch  ,0
28:55 ,(SPEAKER 3), ab healing ab woh mamla doosri taraf ja raha hai toh yeh tarike se main yeh kahunga ki vikas ji jo keh rahe hai yeh khaali ek political party ka woh nahi hai kamjoori party ki kamjoori har ek ki isliye hai ki sab dikhna chahte hai ki hum successful rahe hai humne jo hai dil palat diye hai ,0
29:12 ,(ANCHOR), mujhe internal ka matlab samjhaiye sir pehle aap  ,0
29:13 ,(SPEAKER 3), toh usme jo hai humare khayal se  ,0
29:14 ,(ANCHOR), shashank ji mujhe internal internal ka matlab main jo samjh pa raha hun main internal ka matlab internal threat jo hai external sena niptegi bahut behtareen tarike se nipat rahi hai  ,0
29:23 ,(SPEAKER 3), external pakistan ,0
29:24 ,(ANCHOR), haan external pakistan seema main samjh gaya ,0
29:28 ,(SPEAKER 3), internal kashmir ke andar ,0
29:29 ,(ANCHOR), internal kashmir ke andar jo algavwadi hai na jo gaddar hai na uni ki baat kar rahe hai na ya jo kamal hassan jaise log jo kehte hai kashmir mein jannat sanghreh hona chaiye yeh wohi hai na yehi gaddar hai na yeh log ,1
29:41 ,(SPEAKER 1), aur aapke meghaalya ke governor kya kehte hai  ,0
29:44 ,(ANCHOR), party chodiye na main kehta hun sir jo marji  ,0
29:46 ,(SPEAKER 1), arre agar agar agar agar isliye to kashmir ka internal haalat aise ho raha hai  ,0
29:53 ,(ANCHOR), toh in pehle aasthin ke saapo yeh jo hai na sir gaddar in par karwayi karni chahiye na mere khayal se  ,1
29:58 ,(SPEAKER 2), toh humare army ke inhequid yeh bolte hai enemy within do kism ke dushman hote hai ek sarhad ke paar wala aur ek sarhad ke andar wala sarhad ke paar wale se toh nipat lenge sarhad ke andar wala woh algavwadi woh suggestionist woh anti national ,0
30:12 ,(ANCHOR), thik  ,0
30:12 ,(SPEAKER 3)," jo,log state ko kamjoor karne ki koshish kar rahe hai jo humare jo hum aage badhna chahte hai woh unnati nahi hone dena chahte hai woh kehte hai pathar fekhne se hi kaam chal jayega hum padh likh ke kya karna hai to ek tarike se woh unke khilaf kaam kar rahe hai jo bache padh likh kar aage badhna chahte hai padh likh kar poore desh ko aage badhna chahte hai toh aaveshak yeh hai ",0
30:33 ,(ANCHOR), thik shanawaz hussain aapke paas aa raha hun usse pehle vikas gupta kyu dard hua tha jab maine algavwadiyo ko gaali di thi kyu dard hua  ,0
30:39 ,(SPEAKER 4), nahi aman dekhiye aap do cheezo ko bhuliye mat jo internal dikate hai aaj humme apne borders ko secure karna hai aaur aapne teen sau satar ko apne election manifesto mein rakhna tha usse toh aapne piche kar diya aur jisko aap aaj algavwadi party keh rahe hai pdp ,0
30:57 ,(ANCHOR), woh internal ki baat kar rahe hai main internal mein nahi main ashok mehta ne internal ki baat kari main woh bjp jawaab degi sir woh woh bjp jawaab degi mujhe ek cheez bataiye internal  ,0
31:09 ,(SPEAKER 4), desh aapke saath khada hai toh aap usse jo aap yeh dekhiye  ,0
31:12 ,(ANCHOR), sir main ek sawaal aapse puchunga suniye na sir sawaal suniye unhone internal ki baat kari internal threat aise log bhi hai jo kehte hai sena se civilians ko maar rahi hai ghulam nabi azad  internal threat aise log bhi hai jo kehte hai kashmiri azaadi chahte hai saifuddin soz internal aise log bhi hai navjot singh sidhu jaise jo bajwa ko gale lagate hai ja kar bajwa ko aur pak adhikirit kashmir ke rashtrpati ke saath bagal mein baith ke unko legitimacy dete hai ek tarike se yeh zyaada bada danger hai na sir  ,1
31:38 ,(SPEAKER 4), dekhiye aap jo symbolic aur optic  ,0
31:40 ,(ANCHOR), yeh symbolic hai yeh symbolic yeh symbolic hai ,0
31:44 ,(SPEAKER 4), jo asli museebat hai kashmir mein aap yeh ,0
31:46 ,(ANCHOR), sena civilians ko maar rahi hai nahi maar rahi na to phir ghulam nabi to ghulam nabi azad kaun ghulam nabi azad kaun yeh internal threat hai na sir thik hai shehnawaz hussain shehnawaz hussain thik shehnawaz hussain uske baad main aapke paas aa raha hun dr rehmani aapke paas aur john dayal aapke paas pehle shehnawaz hussain yeh zyaada bada dushman zyaada bada khatra sir internal jiska jikar ashok mehta ji kar rahe the  ,1
32:14 ,(SPEAKER 5), dekhiye dekhiye aaj dushvari yeh ho gayi hai ke kuch log ji jagde ke baad jab aaj yeh maul ban gaya hai ki desh karwayi chahta hai desh badla chahta hai to kuch log alag alag ka paath padha rahe hai main maanta hun ke aaj siyasat to din nahi hai hum logo ke liye hum logo ke liye ikate ekajut hokar pakistan ko sabak sikhaaya jayewoh sikhaya jaaye lekin kuch log jo nayi nayi baate kar rahe hai naya naya paath padha rahe hai pakistan se to nibhtenge inke bayano se kaise nibhte yeh inke tanj se kaise nibhte aise log jo hindustan ke pradhanmantri ke bayan ko jhumla keh rahe hai inse kaise nibhte aapko maloom hai main chaar paanch din baad aapke tv par aaya hun main bhagalpur mein tha mere yahan bhagalpur ka ek ladka shahid hua aur shahid ratan thakur uske shahdat mein uske sanskar mein shahdat ke baad main gaya tha maine gaon gaon mein dekha hai jo aap dilli mein dekhte ho gaon gaon mein log roz ek nahi roz yeh chahte hai ki koi na koi iska hal hona chaiye to thoda bharosa rakhna chaiye main nahi keh raha ab main television pe nahi announce kar sakta yeh announce karne ka adhikar desh ke pradhanmantri ko hai ki yudh karna hai ki nahi karna hai lekin itna jaroor keh sakta hun ki jitna aman ji aapke dil mein gussa hai utna gussa is desh ke har naagrik mein hai utna gussa pradhanmantri ke man mein bhi hai jahan tak saudi arab ke crown prince jo yahan par aaye hai jab pradhanmantri narendra modi ji bhi gaye the unko poora samman diya tha yeh do desho ke rishte hai aapke beech main foreign secretary sahab poorv foreign secretary baithe hai unko maloom hona chaiye ki jis tarah ki baat john dayal ne ki john dayal pata nahi saudi arab se nafrat karte hai ya modi ji se karte hai yeh inko batana padega kyunki john dayal ki bhi ek alag tarah ki politics hai woh rome ko kabhi kahi baar blame kam karte hai woh saudi arab ke crown prince yahan aaye unse inko koi problem hai saudi arab ka fund kar raha hai aur kya nahi kar raha hai yeh alag matter hai humare paas agar proof honge to saudi arab ko bhi denge lekin hum yeh mante hai saudi arab ke prince yahan humare mehman bankar aaye hai aur bharat ka yeh farz hai ki apne mehmano ki izat karna is par sawaal uthane ka haq john dayal sahab ko nahi hai ,0
34:34 ,(ANCHOR), lekin agar woh mehmaan pakistan ki aat agar woh mehmaan pakistan ki aatank virodhi niti ki tareef karta hai agar woh mehmaan pakistan ko bees billion dollar deta hai aur woh mehmaan agar woh mehmaan bharat ki koshisho par pahita lagta hai pakistan ka samarthan kar ke tab bhi  ,0
34:54 ,(SPEAKER 5), saudi arab ne bharat ke saath kaha hai ki woh aatankwad ke khilaf poori ladai mein bharat ke saath hai abhi kaha hai joint statement mein jo aapne dikhya hai isliye main maanta hun diplomatic taur par poori duniya mein alag talag pakistan ko karenge aur jo humare jawaano ki shahdat huyi hai uska badla layenge zyaada din tak yeh ,0
35:11 ,(ANCHOR), thik hai john dayal sahab john dayal sahab john dayal sahab john dayal sahab yudh karna sena ke haath mein hai woh sena teh karegi kab kya kaise lekin sena ka apman ya shahdat ka apman karna toh humare haath mein hai ya nahi na sir woh toh nahi karna chaiye na kam se kam yeh keh ke ki hum bewakoof woh samjhdar pakistan samjhdar  ,1
35:31 ,(SPEAKER 7), dekhiye nahi nahi nahi saara desh fauj ke saath hai usme koi shak nahi hai magar pakistan jo himakat karta hai usko takhat kahan se aati hai kyunki woh jaanta hai ke america chin aur saudi arabia  ,0
35:49 ,(ANCHOR), uske log bharat mein hai woh yeh jaanta hai  ,1
35:51 ,(SPEAKER 7), pakistan yeh jaanta hai pakistan yeh jaanta hai  ,0
35:52 ,(ANCHOR), woh yeh bhi jaanta hai ki mere kahi log pehle apne logo se nipat le bharat fir mere se nipatega  ,1
35:58 ,(SPEAKER 7), pakistan yeh bhi jaanta hai nahi nahi pakistan ke aap bharat ke andar desh virodhi koi tatav nahi hai aisa mera manna hai ,0
36:11 ,(ANCHOR), acha yeh desh virodhi bayan nahi hai kya matlab desh virodhi tatav nahi afzal guru ko aatanki manna desh virodhi nahi hai maqbool bhatt ko aatanki nahi mana desh virodhi nahi hai hai na sir burhaan waani ko aatankwadi nahi manna desh virodhi nahi hai yeh sab desh virodh thodi na hai desh virodh to sena kar rahi hai afazal guru ko aatanki nahi manna desh virodh nahi hai main aapko sir dus dus dus logo se bulwa dunga abhi abhi is panel mein ho sakta hai koi na mane afzal guru ko aatanki aapko trailer dikha hun main trailer dikhta hun main aapko rehmani sahab afzal guru aatanki hai trailer dekhiye chaliye ab aap aap keh rahe hai na desh virodhi main panel mein hai main bata hun dr rehmani sahab inko bataiye afzal guru aatankwadi aatankwadi kehte hai kitne galat hai hum log bataiye inko afzal guru ko aatanki hai ya nahi hai  ,1
37:01 ,(SPEAKER 7), afzal guru ko congress ne faasi di thi ,0
37:03 ,(ANCHOR), ek minute sir sun lijiye ab aapko pata lag jayega main galat ya dr rehmani hum log aatankwadi kehte hai hum log galat hai na afzal guru aatankwadi thodi na hai  ,0
37:11 ,(SPEAKER 6), agar aap yeh koi election agar aap koi election ki election  ,0
37:16 ,(ANCHOR), john dayal ek minute ek minute bolne dijiye unko ek minute john dayal ek minute bolne dijiye john dayal ek minute dr rehmani sirf haan bolenge screen par  ,0
37:23 ,(SPEAKER 7), nahi nahi yeh aapne sawaal nahi nahi sawaal aapka galat hai ,0
37:26 ,(ANCHOR), john dayal ek minute ab aap pakde jaa rahe hai ek minute aap shant rahiye ab aap ab aap dekhiye abhi aap aap dekhiye andar kitne dushman hai dr rehmani afzal guru aatankwadi hai ya nahi hai  ,1
37:37 ,(SPEAKER 7), main kaise pakda jaunga ,0
37:37 ,(ANCHOR), pakde gaye na sir ab aap keh rehe the na desh mein koi desh virodhi nahi hai desh mein koi desh virohi nahi hai na abhi batata hun  ,1
37:42 ,(SPEAKER 5), afzal ko aatankwadi kyu nahi maante ,0
37:44 ,(SPEAKER 7), nahi hai bharat varsh ke andar,0
37:46 ,(ANCHOR), dr rehmani sabka audio bandh dr rehmani sirf aapka audio on air afzal guru aatankwadi hai ya nahi hai  ,0
37:55 ,(SPEAKER 7), afzal guru ko congress ne faasi di ,0
37:56 ,(ANCHOR), ek minute kisne faasi di pehle aatankwadi bol raha hun main sir party chhodiye na congress bjp desh ki baat kar raha hun main desh ki baat kar raha hun dr rehmani afzal guru aatankwadi hai ya nahi hai freeze ho gaya hai mujhe bataya ja raha hai chaliye john dayal sahab ab aap bata dijiye afzal guru aatankwadi hai ya nahi hai  ,0
38:14 ,(SPEAKER 7), afzal guru ko aatankwad ke liye faasi di hai ,0
38:15 ,(SPEAKER 5), mr john dayal aap galat hai mr john dayal aap galat hai congressne faasi nahi diya desh ke nyaypalika ne faasi diya mr john dayal aap correct kijiye apne aapko aap galat bol rahe hai congress ne faasi nahi di bahrat ki nyaypalika ne di faasi aap galat bol rahe hai ,0
38:37 ,(ANCHOR), thik ab ek minute dr rehmani meri awaaz agar aap tak paunch rahi hai ek minute john dayal aapka audio bandh hai sir please poore samman ke saath samjhiye meri baat ko ek minute dr rehmani dr rehmani awaaz aa rahi hai afzal guru aatankwadi hai ya nahi hai sir bas itna bata dijiye mere ko ,0
38:54 ,(SPEAKER 6), mujhe awaaz aa rahi hai  ,0
38:56 ,(ANCHOR), ji sir afzal guru aatanki hai ya nahi hai  ,0
38:59 ,(SPEAKER 6), nahi mujhe yeh mujhe mujhe bas aap itna bata dijiye  ,0
39:01 ,(ANCHOR), nahi bolenge sir aap nahi bolenge sir main challenge karta hun aapko sir  ,1
39:04 ,(SPEAKER 6), aap suniye aap mujhe bas itna bata dijiye kya aap pulwama attack ke shaido ke baare mein baat kar rahe hai ya aap baat ko idhar udhar ghuma rahe hai ,0
39:10 ,(ANCHOR), main sir aap national media par aapko challenge karta hun aap afzal guru ko boliye aatanki afzal guru aap nahi bolenge sir nahi bolenge sir woh aapko gussa nahi aata isliye khoon nahi kolta hai aise log hai aisa kariye ek minute thirty second ka timer chaliye dr rehmani ke liye sabka audio bandh hai dr rehmani mera sawaal aap se yeh hai kya afzal guru aatankwadi hai ya nahi hai thirty second haan ya na  ,1
39:41 ,(SPEAKER 6), isko violate kar rahe ,0
39:41 ,(ANCHOR), afzal guru aatanki hai ya nahi hai  ,0
39:42 ,(SPEAKER 6), aap aap is aap is debate main aap tathagat ko aatankwadi manenge tathagat rai ko aap aatankwadi manege jinhone ,0
39:50 ,(ANCHOR), yeh dekhiye yeh dekhiye yeh dekhiye  ,0
39:53 ,(SPEAKER 6), yahan par khana rangi aani chaiye ek do baar mehmaan ke liye inko aatankwadi manenge aap unko aap unko  ,0
39:58 ,(ANCHOR), acha woh majboori mein aatanki tha bechara bana diya gaya bechare ko  ,1
40:01 ,(SPEAKER 6), kijiye debate kijiye debate  ,0
40:02 ,(ANCHOR), ho gaya john dayal mil gaya saboot  ,0
40:05 ,(SPEAKER 6), aap boliye na aap boliye na tathagat rai ke baare mein aapka opinion kya hai aapko unko internal aap unko internal dushman mante hai ya nahi mante hai ,0
40:13 ,(ANCHOR), sir aapko aatanki kehne mein itni sharm itna time lag raha hai sir hairangi hai sir ashok mehta ji main isliye sir keh raha hun kahi aise log hai sir afzal guru ko aantaki nahi mante hai  ,1
40:23 ,(SPEAKER 6), yeh jo hamla pulwama mein hua hai jaish e mohammad ne kabool kiya woh kahan hai ,0
40:30 ,(ANCHOR), sir kya nationalist kya nationalist sir ek minute ashok mehta ji main timer chahunga aapke liye ek minute kya nationalist sir yeh jo hamla hua hai pulwama woh keh rahe hai afzal guru ka badla hai aur aap aatankwadi nahi keh sakte afzal guru ko sir rehmani sahab kahan hai aap kis taraf khade hai desh ke aap afzal guru ko aatankwadi nahi keh sakte hai ,1
40:52 ,(SPEAKER 6), aman chopra ji kahan hai aap kahan hai aap aap dantewada ke jo episode tha ,0
40:58 ,(ANCHOR), nahi bolenge aap nahi bolenge yeh nahi bolenge woh  ,1
41:03 ,(SPEAKER 6), aaj bhi humare crpf ke log hai aap discriminate kare hai  ,0
41:06 ,(ANCHOR), afzal guru aatanki hai ya nahi afzal guru aatanki hai ya nahi jabaan ladhka rahi hai  ,0
41:14 ,(SPEAKER 6), in chawlis logo ka khoon kam arre chhodiye aap afzal guru ko bahut saare logo ko ,0
41:20 ,(ANCHOR), aatankwadi bol dijiye sir nahi sir  ,1
41:27 ,(SPEAKER 5), yeh manne wale nahi hai yeh toh afzal guru ko yeh nahi manenge ek waqt dantewada jaa rahe hai ,0
41:39 ,(ANCHOR), chaliye thik hai ek minute jaldi se jaldi se acha ek khabar main aapko bata deta hun aasif ali zardari poorv rashtrpati pakistan unki taraf se kaha gaya hai pulwama aatanki hamle ko lekar pakistan bharat ki madad kare hamle ko lekar bharat ka sahyog karna chahiye kyunki pakistan ab duniya mein alag thalag padh gaya hai aasif ali zardari yeh keh rahe hai ashok mehta ji khatam kariye jaldi se aap boliye sir  ,0
41:56 ,(SPEAKER 1), mere vichaar mein jo masla jis masle se humne isko shuru kiya tha badle ke baare mein hum aapko sabko gussa hai pradhanmantri ne kaha hai ki we have to exact price iska badla lena hai toh iska badla ab liya jayega kaise liya jayega badla avshe liya jayega aur lekin mamla wahan khatam nahi hona chahiye kyunki seh mahine ke baad phir hum isi table ke baithe honge wohi badle ki baat karenge so isliye iske do ya teen pehlu hai pehla pehlu hai ki abhi iska badla liya jaye saath sahab ek policy ab banni chaiye ek strategy banni chaiye ki jo proxy war tees saal se chal rahi hai iska khatma kaise karna ,0
42:59 ,(ANCHOR), kaise karna hoga lekin ashok mehta ji aapne shurvat mein bahut achi baat kahi thi aapne mere ko ek break lena hai apna kaha external aur internal main baar baar kehta hun external sena niptegi bahut behtareen tarike se nipat rahi hai sau ghante ke andar ab badla poora hua teen aatankio ko dher kiya gaya lekin internal jo rehmani jaise log hai inka kya kare jo afzal guru ko aantki nahi maante sir,1
