timeStamp,speaker,text,label
00:00 ,(ANCHOR), bhar chuke hain. paanch raphaal vimaan kal abu dhabi se bhaarat pahunchenge. aur usee ko lekar yah shreeraam ke desh mein jo raphaal ka svaagat kiya ja raha dekhie prabhu shree raam bhoomi poojan toh hai yah badee khabar hai lekin kal desh mein raphaal ka grah pravesh hai padhaaro mhaare desh yah sab bhee log twitter par likh rahe hain gajab ka utsaah hai. josh high hai raam ke desh mein raphaal ka svaagat hai. aur usee ko lekar is vakt kee badee tasveer aap utsaah hai ki raphaal ko lekar. aur aaj se pehle sambhavata kabhee nahin hua hai aisa. kee shree ram ke desh mein raphaal ka aisa swagat aur ek hathiyaar kee deal ko lekar. fighter jet kee deal ko lekar raphaal kee grah pravesh ko lekar is tarah ka ghantiyaan baj rahee hai damaru bajae ja rahe hain. raphaal aa gaya cheen aur paakistaan par chha gaya. chaliye ek bahut bada panel mere saath hai. mere saath sambit paatra bjp ke rashtriya pravakta hai. mere paas bsp se vinod kumar bansal aapako nazar aa rahe. mahatanpooree mahamandelishwar swami mahatanpooree ji bahut bahut shukriya samay nikaalne ke liye. shiv sena se kamalesh rai hain lekin is par sabse pehle asad owaisi kya soch rahe hain jo unka bayaan hai. asad owaisi sahab pradhaanamantree ka bhoomee poojan mein shaamil hona unke sanvidhaanik patt kee shapat ka ulanghan hoga. kaise. yah bata deejie kaise. ,1
01:28 ,(SPEAKER 1), pradhaanamantree ka aur unakee sarakaar ka koee mazhab nahin hota kya pradhaanamantree kee sarakaar ka narendra modi government ka koee majahab hai. nahin ho sakata isalie nahin ho sakata kyonki sanvidhaan mein yah kaha gaya ki bhaarat ka koee majahab nahin hoga bhaarat tamaam majaahid ko maanega unako bhee bhaarat maanega jo khuda ko alah ko nahin maanate to pradhaanamantree ne sanvidhaan par oath liya hai aur sanvidhaan mein likha gaya hai kee secularism is mulkh ke basic structure ka hissa hai aur yah koee economic policy nahin hai ke main paanch so hajaar ke note band kar diya toh secularism ko bhee band kar doonga nahin jab tak ambedakar ka banaya hua sanvidhaan rahega. secularism is desh ka basic structure ka hissa rahega. agar pradhaanmantree jaana chaahate hain to voh yah kahde desh ko kee main apanee indivijual capacity mein mein ja raha hoon isase koee rok nahin sakata kyonki freedom of religion hai. unakee unakee kaibinet ke mantiryon ko hai. aur vah kahde kee main individual capacity mein jaa raha hoon aur iska koi live telecast tv par na ho. kisee ko aapatti nahin hogee. ,0
02:35 ,(ANCHOR), nahin lekin aap matalab aap to prabhu raam ko musalamaan bhaee to imam-e-hind kahate hain raam to sabake hain hindoo kabhee musalamaan ke bhee yaa to aap prabhu raam ko imam-e-hind nahin maanate agar vah imam-e-hind hain to phir vahan jaane se secularism kaise khatare mein aa jaega owaisi sahab. ram to imam-e-hind hain na. ,0
02:57 ,(SPEAKER 1), isiliye hai kyonkee yah desh sirf ram ka nahin hai. yah desh ram ka bhi hai yah desh allah ke maananon wala ka bhee hai. yah desh gurunanak ke maanane valon ka bhee hai. yah desh eesa masih ko manane valon ka mulkh hai. yah desh gautam buddh ko manane valon ka mulkh hai. yah desh hajaron khudaon ko log manane valon ka mulkh hai. yah desh unko bhee manane valon ka mulkh hai jo khuda allah ko nahin maanate. kya yah desh ek hee majahab ek hi khuda ka ek allah ka hai ek bhagwaan ka hai. nahin hai na. yah desh sabako maanta hai yah desh kee taakat aur khoobasooratee to yahi hai. ab is taakat aur khoobasooratee ko bachae rakhana sabase pahalee jimmedaaree pradhaanamantree par aaj hotee hai iseelie pradhaanamantree kee jimmedaaree hai ki jab unhonne baaba saahab ambedakar ke sanvidhaan par oath liya hai. aur secularism is mulkh ka basic structure ka hissa hai. vah kisee ek belief ko promote na karen. na kisee ko superimpose karen. isiliye hum kah rahe hain kee.,0
03:55 ,(ANCHOR), owaisi sahab aapkee aapkee aapatti kya hai. owaisi sahab aapkee aapatti kya hai. pradhaanamantree narendra modi ke jaane par aapjkee aapatti hai. shilaneyas se to aap khush hai na. aakhir kaar intejaar khatam hua shilaneyas hone jaa raha hai usse to aap khush hai na. shilaneyas hone jaa raha hai bhoomee poojan hone jaa raha hai ram mandir ka usse to khush hai na aap. ,0
04:11 ,(SPEAKER 1), hamne kaha tha kee ham supreme court ke faisale se satisfied nahin hai. yakeenan yah hamare mulkh ke constitution mein hamaree aakharee court of appeal hai isake baad toh koi appeal nahin hai. supreme court ka judgement hai. magar yahan par mai yah kahna jarooree samajhata hoon ke adm jabalpur ka jab case aaya tha yahee supreme court ne adm jabalpur ka case liya tha aur chaalees saal baad isi supreme court ne kaha adm jabalpur galat tha. isi supreme court ke ek mayanaj bade kaabil justice j s verma ne kaha tha ki supreme court is supreme but not infallible. yah bhee baat bilkul sahee hai kee agar supreme court shilanayes kee ijaajat nahin deta aur jo log supreme court se vaada kie the ke baabaree masjid ko haath nahin lagayenge unhone supreme court ko dhoka diya jhooth kah kar shilanayas jo permission mila tha supreme court se baad mein usko shaheed kar diya. agar vahaan par che december ko masjid saheed nahin hotee to kya aaj vahaan par function hota. hamaara maanana yah hai ki tervee december kee raat mein choron kee tarah bujdalee mein aakar vahaan par masjid ke andar moortiyaan rakhee gaee aur us vakt ek collector k k naayar ne apanee duty ko nahin nibhaya masjid ko kuphal daal diya vahaan par hindu pooja shuru kee aur yahin k k nayyar baad mein jan sankayim gaya taale khole gae rajeev gandhi prime minister hai aadhe ghante mein aake banaega.,0
05:27 ,(ANCHOR), owaisi sahab aap vivaadit dhaancha kahiye na usko. ,1
05:30 ,(SPEAKER 1), musalmaanon kee baat nahin sunee jaati.,0
05:33 ,(ANCHOR), mister owaisi sahab vivaadit dhaancha. vivaadit dhaancha. ram mandir ko daha ke. ram mandir ko daha ke banaya gya vivaadit dhaancha usko kahiye na mere khayaal se. sambit paatra mere khayaal se react karna chah rahe hai. uske baad owaisi sahab main aapake paas aa raha hoon. sambit. pradhaan mantree narendra modi personal capacity mein jae to koee dikkat nahin hai. pradhaanamantree ko nahin jaana chaahie isse secular fabric disturb hota hai. aur prabhu ram se secularism ko khatara hai owaisi sahab. sambit. ,1
05:59 ,(SPEAKER 2), dekhiye aman jee agar mujhe pata hota kee owaissi sahab bhee is debate mein bhaag le rahe hain to shayad main is debate mein nahin aata. kyonke maine ek nirane liya hai kee is prakaar ke logon se debate nahin karna hai jo desh ko todana chahte hai. aur jo jinna jaisa vyavahaar karte hai. main inako pahalee inko new jinna kahata tha matalab naya jinna magar aaj se main inako ek naya naam deta aur bilkul respectfully deta hoon jinna aur inamen sirph farak itanee hai ki jinna kee daadhee nahin thee aur unakee daadhee hai. yah daadhee vaale jinna hai jo hindustaan ko baantana chaahate hain aur haan inaka naya naam aaj se daadhee vaala jinna hai. ab main kuchh main unase koee savaal nahin poochhoonga aur main directly unase koee gufatagoo nahin chaahata hoon. because yah log hinduism ko gaalee dete hain aur unake saath main bilkul bhee koee debate nahin chaahata hoon. ,0
06:41 ,(ANCHOR), yah unake savaalon ka javaab to denge na. unake savaalon ka javaab to denge na.,0
06:43 ,(SPEAKER 2), magar savaal main desh ke liye puch raha hoon. yah humein seekhayenge secularism.,0
06:46 ,(ANCHOR), kee personal capacity mein nhi personal capacity mein jaana chahiye unako. ,0
06:49 ,(SPEAKER 2), vo denge par mera directly unase directly koee savaal javaab mat karvaiye.,0
06:50 ,(ANCHOR), nahin savaal javaab nahin kara raha hoon. unake savaal main aapse le leta hoon. nahin nahin unhone jo savaal pucha kee individual capacity mein jaa rahe hai kyonkee tv par prasaaran na ho. modi banakar jae pradhaanamantree ban kar na jaayein. yah to aap javaab de sakate hain na unakee aapattiyon ka. boliye aap sambit. ,0
07:08 ,(SPEAKER 1), matlab yah. nahin pradhaanamantree individual capacity kaise ho jayega pradhaanamantree to apne ghar ke andar bhee pradhaanamantree rahega mandir ke prangan ke andar vo koee pradhaanamantree hona band toh nahin ho jayenge. vo vahan bhee pradhaanmantree rahenge. dekhiye bada ashcharya ka vishe hai inke liye jo secularism ka definition hai vo kya hai inke liye ram mandir ka silaneyas agar kar diya jaye. pradhaanmantree karde toh secularism khatare mein aa jaata hai. agar bharat maata kee jai yah owaissi sahab hai na bhaarat maata ki. kya kaha tha agar khanjar bhee laga doge khanjar bhee laga doge. toh bhee main bharat maata kee jai nahin kahunga. bhaarat maata kee jai kah denge toh secularism khatare mein aa jayega. vande maataram agar galti se gaa denge yah mananiye saansad hai yah daadhee vaale jinna to secularism khatare mein aa jaega. jana gana mana gaane mein abhee caa mein pahalee baar inhone jana gana mana gaya varana jana gana mana gaane mein bhee secularism khatare mein aata hai kyonki bhaarat bhaagy vidhaata hai isiliye islaam khatare mein aa jaata hai aur to aur azan mein agar loudspeaker tez bajata hai aur koee ladakee jaakar kahatee hai ki please zara sound kam kar deejie ghar mein koee bimaar hai to secularism khatare mein aa jaata hai. raphayal ke oopar aap agar teeka lagake nariyal phod dete hai to inaka secularism khatare mein aa jaata hai. magar inka secularism tab khatare mein nahin aata hai jab  bakaayada pradhaanamantree topee pehen kar iftaar party manata hai. nehru se lekar sonia gandhi rahul gandhi tak aap dekhiye kitane log iftaar party mein aaye hain. uss samein secularism ka kuch nahin hota. inaka secularism tab khatare mein nahin aata hai jab pradhaanmantree bakaayada ajamer shareeph par chaadar bheechata hai aur vah live telecast kiya jaata hai uss samein secularism khatare mein nahin aata hai unaka secularism tab khatare mein nahin aata hai jab seeta raam mandir jo ayodhya mein maujood hai vah apane mandir ke praangan ke andar praangan ke andar iftaar party manaatee hai aur yah log wahan iftaar karane jaate hain us samein secularism khatare mein nahin aa jaata hai. inaka secularism tab khatare mein nahin aata hai jab yahi owaissi sahab ke party ke log kahate hai aur yah kahate hain pandrah karod versus so karod inaka secularism tab khatare mein nahin aata hai jab yah kahate hai pandarah minute ke liye police hataa do phir dekho hinduon ka ham ka ka hasan karte hai. inka secularism tab khatare mein nahin aata hai jab yah kahate hai tasleema nasleem ka gardan kaat denge. 2007 mein kaha tha gardan kaat denge tab inakee secularism kahaan jaatee hai. dekhie yah daadhi vaale jinna sahab jo baithe hain na yah hindustaan ko hindu muslim kee line par baatana chaahate hain aur main kah raha hoon kal se kah raha hoon yahaan poojan ho raha hai aur vahaan dilo-dimaag mein soojan hai. hone deejie inake dilo-dimaag mein soojan. shuroo se hee soojan tha inka ham shilaanyaas karenge aur poore hindustaan mein kayede kanoon ke sath diwali bhee manayenge corona kee niyamon ka paalan karate huye. diya bhee jalayenge.,0
09:47 ,(ANCHOR), asad owaissi sahab asad owaissi sahab asad owaissi sahab pradhaanamantree narendra modi bhoomee poojab mein jaa rahe hain to unaki sanvidhaanik shapat ka ulanghan hai. pradhaanamantree kartaarapur bhee gaye the. karataarpur corridor ke liye bhee pradhaanmantree narendra modi gaye the jab matha teka tha unhone besahib gurudwara mein tab sanvidhaan khatare mein nahin aaya. abu dhabi kee sheikh zayad masjid gaye the solah august 2015\. tab sanvidhaan khatare mein nahin aaya tha. indore kee setanvee masjid gaye the pradhaanamantree narendra modi masjid jaate hain tab nahin khatare mein aata. colombo kee church gaye the shaam ko tirupati mandir bhee gaye the. singapore kee chiliya masjid gaye the indonesia kee masjid gaye the. karataarpur gaye the. tab sanvidhaan khatare mein nahin aata sir. pradhaanamantree to har jagah jaate hain masjid bhee jaate mandir mein jaate hain khatara mandir se hee. karataarapur bhee to gaye the na. owaissi sahab.,0
10:38 ,(SPEAKER 1),mera mera maanana yah hai kee bharat desh ka koee majahab nahin hai bhaarat ke desh mein kisi kee bhee sarkaar hogee wo sarkaar ka koee majahab nahee ho sakata aur main yah kah raha hoon ki sarakaar ko kisee bhee mazahab kee maamlaat mein religious rituals mein na involve hona hai na usako support karana hai na paise dena hai ab savaal uthata hai ki. iftaar party iftaar party arre bhaee kya bhaarat ka musalamaan koee iftaar paartee ka mohataaj hai. are thookate hai ham aisi iftaar party par. agar main satarah atharah ghante roza rahata hoon to kya main aapakee iftaar party ka mohataaj hoon. nahin. main allah ka mohataaj tha aur rahoonga. main isalie roz rakhata hoon kyonkee allah ne kaha hai kee shukar adaa karo aur unn logon ka khayaal karo bhooke payase rah kar jo bhookh se tadapate hain. toh iftaar party band kariye na har religious function mein government of india aur state government ho usaka koee role nahin hona chahie. ,0
11:37 ,(ANCHOR), nahin sir maine savaal aapase karataarpur ko lekar poocha tha. pradhaanamantree narendra modi karataarapur corridor ke udghaatan ke samay bhee ber saahib guradvaara gae the abu dhabi kee shez zaad masjid bhee gae the tab sanvidhaan khatare mein nahin aaya tha savaal mera yah hai. savaal taaliye mat na owaissi sahab. ,1
11:51 ,(SPEAKER 1), modi jee jab karataarpur gaye the toh kahaan gaye the pakistan ke karataarapur mein wahan par guru naanak kee jo birth place hai usako khol diya gaya. kya asadudin owaisi ne uss par objection keeya. modi jee jab foreign tour par jaate hain to desh ke pradhaanamantree ban kar jaate hain modi jee buddhist temple mein bhee gae modi jee vahaan par nepaal kee mashahoor mandir mein gae modi jee uae ke mandir ke inaugeration mein gae modi jee uae kee mushoor masjid mein bhee gaye. to pradhaanamantree hai vah yah baabaree masjid ka yah jo masala hai yah pichhale kaee saalon se is masale kee vajah se bhaarat mein maasoom logon kee jaanen gaee. kya modi jee inakaar kar sakate hain ki bjp aur rss ne hee is raam janm sthaan ke masale ko uthaaya. 1966 mein vishv hindu parishad banee gaee kya usase pahale yah masalah tha nahin tha kya paalamapur ke resolution se pahale raam janmabhoomi ka masala tha nahin tha. isiliye toh hum kah rah hain. kee aaj jin logon par baabaree masjid kee shahaadat ka demolition ka criminal case chal raha hai aap unako daavat de rahe hain ,0
13:01 ,(ANCHOR), sir mereko toh yah nahin samajh aa raha aap aap aap owaisi sahab owaisi sahab. pradhaanamantree narendra modi raam mandir bhoomi poojan mein ja rahe hain to secularism khatare mein hai yahee pradhaanamantree narendra modi masjid mein bhee jaate hain jab abu dhabi kee masjid ka maine zikar kiya. sambit aap yah karana chaah rahe hai. sambit jaldi se. sambit. ,0
13:20 ,(SPEAKER 2), dekhie ek baat main kah doon kisee cheej mein apologetic nahin hona hai inase savaal javaab kyon poochha ja raha hai daadee vaale jinna sahab se. main bataata hoon inhonne kaha ki jaane chalee gaee jaane chalee gaee rss walon ne bjp ne logon ko maar daala main savaal poochhata hoon yaakoob meman ke lie khade hone vaale log aatankavaadee ke lie court ko 3:00 baje khulavaane vaale log apane constituency hyderabad mein isis ke jab 9 log pakade gae the unake lie legal aid dene vaale log. jo aatankavaadiyon ka samarthan karate hain vah yahan kis munh se jaanoo kee baat kar rahe hain number ek. number do isase pahale inhonne bahut galat baat kahee thee maafi maangani chahie inako. inhone kaha tha ki supreme court fallible ho sakata hai hum supreme court ke nirnay se bhee santusht nahin hai. to theek hai konsa sariya court yah toh sariya kanoon chahate the. yah to triple talaak par bhee inhone bhayankar bhayankar baaten kahee thee. yah supreme court kaun hota hai ham kaise talaak denge ham kaise nikaah karenge. yah hamaaree baat hai yah to keval sariya ko chhodakar is desh mein kisee ko nahin maanate hai yah supreme court ko nahin maanate hain aur dekhie pm bjp ke nahin hote prime minister poora desh ka hota hai isalie jab narendra modi jee shilaanyaas karane ja rahe hain vo bjp shilaanyaas nahin kar rahee hai desh ka desh kee aastha mein desh ke pradhaanamantree ka haath rahega aur desh ke pradhaanamantree shilaanyaas kar rahe hain. dekhiye owaisi sahab yahan baithe hain main directly unase baat nahin karoonga. magar aman jee main aap se das second lekar unaka hee ek bhaashan 2012 ka sunata hoon yah kitana grinha karte hain raam se. suniye inhone kya kaha tha. ayodhaya ke teen mukhayaat aise hain jahan ke pandit pujaaree kahate hain raam yahaan paida hue to chalo inakee aastha sahee hai to raam ka baap dasharath aur raam kee maan kahaan paida huee thee kahaan kee rahane vaalee hai usakee maa vah hariyana kee rahane vaalee aur vahaan ke log kahate hain hindu tahajeeb ke hisaab se ek aurat apane pahale bachche ko janane ke lie apane maayake ko aatee hai us tareeke se vah to hariyana aaee hogee kahaan par aaee hariyana mein. dasharath kee beevee raam kee maa ka naam kaushalya tha hariyana mein aaj bhee kaushalyaapuram naamak jagah hai jahaan ke log kahate hain ki kaushalya ne raam ko vahaan jaana ab mera savaal hai ki aakhir mein raam kee maa kahaan kahaan gaee thee kahaan janee raam ko yahaan jaana vahaan jaana kidhar hue. are baaba ham bhee jaan hum bhee jaanana chaahate hain agar aapako lagata hai musalamaanon mein jubaan nahin hai to mere paas jubaan hai inake bhaee akabaruddin owaisi ka yah bhaashan hai. aapako kya lagata hai yah hamase pyaar karate hain. yah ganga jamunee tahajeeb chahte hai. ,0
15:53 ,(ANCHOR), yahan par agar pradhaanamantree narendra modi kee soch se vaakif nahin rakhate to nahin nahin owaisi sahab mere zehan mein savaal aata hai matalab ya fir toh aap nehru kee soch ke saath mein hain. jinhone sommanath mandir ka na sirf virodh kiya balki vo sommanath mandir nahin gaye. jo nehru kee taraf se keeya ya toh aap nehru vaali soch ke saath hai. jinhone sommanath mandir ke jironodhar ka na sirf virodh keeya balkee vo nahin gaye to vo secular rahe. ya toh aap nehru vaali soch ke saath hain. owaisi sahab. ,1
16:18 ,(SPEAKER 1), aap sommanath mandir kee baat kar rahe. aap zee tv kyon nahin uss baat ko chalata kee mahatama gandhi ne k m munshi ko kya kaha tha. chaliye na. mahatama gandhi ne k m munshi ko kya kaha tha chaliye. main kisi soch ke saath nahin hoon mai sanvidhaan ke saath tha aur sanvidhaan ke saath rahunga. aur jo sanvidhaan kee baat karate hai usaka basic takaaja yah hai ki desh ka koee majahab nahin hai is desh ka koee majahab nahin rahega yah desh sab majahab ko maanata hai aur jo bhee is desh ka pradhaanamantree hoga jo bhee is desh ka chief minister hoga vah kisee ek majahab ka zaroor ho sakata hai magar vah apane majahab ko. apane religious belief ko poore desh par impose nahin kar sakata kyonki sanvidhaan isakee ijaajat nahin deta. ,0
17:03 ,(ANCHOR), vinod kumaar bansal vhp se. aa raha hoo sambit main aapake paas aa raha hoon. aur swami mahatanpooree mahamandelishwar aap dono ka ek ek comment sabse pahele swami mahatanpooree jee aap muskura bhee rahe hai. kya sanvidhaan khatare mein aa jayega. prabhu ram ke vahan modi jaayenge to modi jaenge to modi communal ho jaenge seculas state ke pm ko nahin jaana chaahie. yah saare objections hain asad owaisi saahab ke aur all over matalab yah to hai kee modi ram ke khilaaph sab mile huye hain. main to yah bhee kah raha hoon swami mahatanpooree jee. ,0
17:27 ,(SPEAKER 3), main main keval. mera keval ek mool prashan hai kee bharat ke pradhaanamantreeon uss pradhaanmantree ka naam bata diya jae jo apane jeevan kaal mein kisee dhaarmik sthal par na gaya ho doosara mera yah bhee kahana hai ki kya sanvidhaan yah kahata hai ki dharm tathakatit dharamikta sidha ke naam par ham jab pad par hoon to apane dharm ka ham avlambad nahin kar sakate kataye hee nahin kahta. main to balakee badee baat kah raha hoon. kee ab samay aa gaya hai 1976 mein jo dharam nishpekshita jodi gayi cheeanve sansodan ke roop mein. us par poornataya vichaar kar aur main kataye hee maanane ko nahin taiyaar hoon ki bhaarat ka koee dharm nahin hai. raashtra dharm hai aur yah unaka hai jo is dhartee se judate hain. jo is dharti se nahin jude hain unaka koee dharm nahin ho sakata aur rahee narendra modi jee ke jaane ke pradhaanamantree ke roop mein ja rahe hain unaka poora desh svaagat karega. ,0
18:27 ,(ANCHOR), vinod kumar bansal jee pareshaanee kis chij kee hai. raam ne kya bigaada hai prabhu raam ne inn logon ka kya bigaada hai. dikkat kya h inako ram se kyon peeche pad gaye hain saare prabhu ram ke. saare peeche pade huye hain. ,1
18:36 ,(SPEAKER 4), dekhie dekhie aapako yaad hoga aman jee jab k k mohammad khudai jo kar rahe the excavation jo ram janam bhoomee ka ho raha tha vo uss murdan vyakti ne of india ke ek mahatvapoorn batao unhone kya kaha tha kee agar yah secular lobby kaangresee aur kaumee na hote to raam mandir kabhee ka ban gaya hota. inake kaaran hee jo hai raam mandir banane mein itana vilamb hua itana itanee saaree samasyaen jhelanee padee aur aaj aaj jo inhonne jo supreme court mein inake nahin chalee jab dharatee par nahin chalee jihaadiyon ne saara ke saare saare prapanch rach liye vah nahin hai unake saare fail ho gaye tab usake baad mein aap sirph aur sirph ek bachee hai ki poojan par kis tarah se viraam lagaane kee koshish kee jaye. yah vah log hain jis thaalee mein khaate hain usee mein chhed karate hain baat baat baat baar-baar jo hai na yah sanvidhaan kee duhaee dete hain aur lekin kaanoon ko nahin maanate yah baar-baar nayaye vyavstha kee duhaee dete hain lekin savochyay nyayale ke 5 judgeon kee jo bench ne.,0
19:36 ,(ANCHOR), theek sir. main aapake paas aa raha hoon. haala kee raam mandir ka model baar-baar ham aapako dikha rahe kitana bhavy kitana viraat kitana vishaal hoga. yah raam mandir ka model baar-baar jiska humane pahele bhee zikar keeya kee teen shikhar kee jagah paanch shikhar honge. chaaron dishaon mein mukhy dvaar hoga yah raam mandir ka model baar-baar ham screen par dikha rahe hain. sayeedasa mekaar all india mayim se pravakta ab hamaare saath live jud chuke hain. vakaar sahab prabhu raam se sanvidhaan ko kaisa khatra.,0
20:00 ,(SPEAKER 5), prahu raam se kisee ko khatara nahin hai. prabhu raam ko hindustaan ke pratee. aur vo main samajhata hoon hindu dharam mein jo mariyaada puroshottam raam kee jagah hai vo kisee kee nahin hai. samajhdaar aap sab hai lekin aap samajhane kee baat nahin kar rahe hain. modi jee duniya bha mein sabhee dharmik sthal par jaayein lekin baabaree masjid jahaan par banee thee vahan par abhee ek fadma pending hai vo hai demolition of baabaree masjid. vo mukkadama abhee bhee chal raha hai baabaree masjid ko giraye jaane ka. jab tak ke yah mukadama final nahin hota hai yah vivaadit rahega. pradhaanmantree jee ne sanvidhaan kee ek shapat lee vo kisee bhee aisi jagah par nahin jaa sakte hain jahan sanvidhaan ke hisaab se vivaad. aapane baith kar abhee itani baatein kee owaisi sahab ne kitani shaaleenta se javab diya. bansal sahab ne abhee ek baat hee kahke zikar kiya. bansal sahab aap supreme court ko maante hain main bhee maanta hoon usse supreme court mein justice govoyee sahab ne jo phaisala diya usmein saaph saaph yah kaha kee is baat ka kahee koee pramaan nahin mila hai kee mandir ko girakar masjid ka graamar kiya gaya. maan lijiye is baat ko. isi sarvochaya nayale ne apne yah baat kahee. ,0
21:26 ,(SPEAKER 4), trust mandir banega. vo kyon bhool jaate ho. aur yah bataiye kee sampoorn bhaara kee bhaavanaon t ka pratyanet karane vale bhaarat ka pradhaanamantree hai kee nahin. aaj desh kee bhavana kya kahti hai. sampooran bhaarat kee bhaavana yah kahtee hai kee.,0
21:37 ,(ANCHOR), chodiye na waqar sahab. yah bahut puraanee debate hai mere khayaal se. yah bahut puraanee debate hai yah yah. nahin debate bahut puraanee hai masjid ke neeche vo to vivaadit dhaancha hai vaise to vivaadit dhaancha hai. usko to baabaree masjid kahna hee nahin chahiye vaise toh vivaadit dhaancha hai. yah aap bhee jaante hai waqar sahab. ,1
21:56 ,(SPEAKER 5), supreme court ke justice ko bolde to maamala yaheen khatam kardiya vivaadit ka. unhonne to saaph saaph kaha diya kee iss baat ka kahee koee praman hee nahin hai. kee mandir ko todakar mandir ko gira kar masjid banayee gayi hai. abhi chila raha hai yah. yah chilaane lag gaye. ,0
22:13 ,(SPEAKER 4), uske liye aap sarkaar se usakee ghoshana karein. ,0
22:17 ,(ANCHOR), ek minute ek minute vinod bansal sahab. vinod bansal ek ek karke bolate hai. vinod bansal. sambit patra bhee wait kar rahe hain ek ek karke bolenge. kamalesh rai bhee hai. ek ek karke. thirty second waqar sahab. haa theek main aa raha hoon aapake paas. sambit main aapake paas aa raha hoon. thirty second waqar sahab. thirty second. ,0
22:27 ,(SPEAKER 5), sir yah maamala vivaadit vivaadit jo aap kah rahe hain. vivaadit dhaancha vivaadit dhaancha supreme court mein jab phaisala aaya justice gogoi ne toh maamala hee khatam kar diya. unhone toh insaaph kar diya kee that is not vivaadit. ,0
22:40 ,(ANCHOR), masjid ke neeche avashesh mile mandir ke vah to court ke phaisale mein hai na waqar saahab. ab mandir todakar banaaya gaya dhaancha kya masjid ho sakatee hai. yah toh ho hee nahin sakata. aap jaanate hai is cheej ko. vo bahut pooranee debate hai. ab usmein nahin laut sakte ab. aa chuka hai phaisala mandir ban raha hai raamjan bhoomee hai. aap jaanate hai vo khatm ho chukee hai debate. aapake kahane se kuch farak nahin padega. modi jee to vahan jaa rahe hain. beral aap apanee keench jaroor mita sakte hain. aa raha hoon waqar sahab. sambit paatra javaab dena chaah rahe hain usake baad. sambit. sambit. sambit. sambit. sambit. sambit. usake baad kamalesh rai main aapake paas aa raha hoon. ,1
23:16 ,(SPEAKER 2), dekhie do teen baatein hain. pahale to pahale to yahaan jo jeena saahab baithe hain unhonne baar-baar kaha ki majahab nahin hota hai koee desh ka aur koee bhee openly pradhaanamantree ho ya koee bhee constitutional post mein jo vyakti ho vah apane majahab ko pradarshit nahin kar sakata hai. main aaj savaal poochh raha hoon sabhee janata se aur aapase poochh raha hoon kyonki main unase directly baat nahin karata hoon. aap bataie yah to topee pahan kar jaate hain yah to saansad hain inhonne saansad ka oath liya hua hai. jab aap achakan pahan ke aur topee pahan ke aap parliament mein jaate hain aur apane majahab ko pradarshit karate hain to poora secularism jinda rahta hai. aur vah ganga jamunee ban jaata hai aur ham tilak laga len ham shilaanyaas kar de to ham kitane gande log ban jaate hain haina aur doosaree baat hai mainne vyaktigat roop se dekha hai koee laanshan nahin laga raha hoon. jab samay ho achchhee baat hai apanee aastha ko maanana chaahie parliament ke andar ho ya zee news mein ho ya kisee bhee sthaan par ho jab namaaj ka samay hota hai yahee owaisi saahab vahee namaaj padhana shuroo kar dete hain us samay to koee nahin poochhata hai aap to parliamenterian hai aap parliament ke corridor mein kaise namaaj padh rahe hain. us samay to vyaktigat ho jaata hai are aapaka vyaktigat dharm hai aap apane ghar mein manaante aap parliament ke corridor mein kaise namaaj padhane lagate hain aap kaheen par bhee namaaj padhane lagate hain. uss samein sab theek ho jaata hai. magar agar hamne pooja kar diya oh hoo poora hindustaan mein paraleh aa jaega secularism  khatm ho jaega islaam khatare mein aa jaega yoon hee man inako daadhee vaala jinna nahin bolata hoon. yah poora jinna ke avataar hai inka ekamaatr lakshy hai apane raajnet. aur dekhiye muslim bhaee bhee aaj khushee poore hindustaan mein mandir ban raha hai yah mutthee bhar jo tv par aa rahe hain in ko chhodakar baakee saare musalamaan bhaee khush hai. ,0
24:54 ,(ANCHOR), nahin nahin agar aise secularism khatare mein aata hai to. ,0
24:57 ,(SPEAKER 2), yah daadi vaale jinna apanee raajaneeti ke kaaran yaha praleh chaahate hain. ,0
24:58 ,(ANCHOR), nahin to phir aise to owaisi sahab raajeev gandhi bhee phir communal the kya unhonne taala khulvaaya. unhonne shilaanyaas karaaya to rajiv gandhi ko bhee aap communal maanate hain kya ya vo shrenee mein rakhate hain rajiv gandhi ko unhonne taala khulava. shrilaniyaas kee ijaajat dee thee rajiv gandhi.,0
25:17 ,(SPEAKER 1), yakeenan balake main to kahoonga ki poore bhaarat desh mein jitane congress ke daphtar hain un tamaam congress ke daphtaron se bhee mathee uthaakar bhee jaie. kyonki aap hee kee vajah se baabaree masjid shaheed huee jab baabaree masjid mein moortiyaan rakhee gaee aapakee sarakaar kee thee aapaka cheif minister tha jab taale khole gae aapaka prime minister tha jab masjid shaheed huee aapaka prime minister narasimha raav tha aur narasimha raav is saajish mein mulavis hai. narasimha raav kee saajish kee vajah se hee usakee aankh kee vajah se hee yah baabaree masjid shaheed huye. to yakeenan main yah maanata hoon congress party bhee isamein baraabar kee mulavis hai bjp rss ke saath.,0
26:00 ,(ANCHOR), sambit sambit jaldi se. usake baad kamalesh rai main aapake paas aa raha hoon. sambit jaldee se. fir toh rajiv gandhi ko bhee communal kah rahe hai na vo. ,1
26:04 ,(SPEAKER 2), dekhie kitanee hai kitanee dogale hain yah log dekhie jara dikhe narasimha raav rajeev gandhi congress vo theek hai yah jo congress ke khilaaph to matalab khair vah to anti raam hai vaise congress. magar yah congress ko gaalee de rahe hain aur das saal congress ke saath yah saathgaanth mein the. yah upa ke sarakaar mein the. upa one aur upa two. 2013 mein jaakar inhone vaapas liya tha. 2010 se lekar 2004 se lekar 2013 tak aap congress ke saath saathgaanth vaadi sarkaar chala rahe the. aur yahan aake secularism ka paath padha rahe hain. maine yon hee inako daadi vaala jinna nahin kaha hai. pooree tarah se abhi khaanch mein aaye hai. aur pakade gaye hai. aur dossaree baat main yahan par poochata hoon inhone jhooth kaha kee ambedkar sahab ne secularism likha tha constitution mein. yah saara secularism aur socialist yah dono shabd ambedkar sahab ne preamble mein nahin likha tha. yah add kiye gaye the baad mein kyonkee ambedkar sahab ka spashta maanana tha ke bhaarat ke rag rag mein secularism basata hai. vo selective secularism mein vishvaas nahin karate the. aur yah saare log including daadi vaale jinna yah saare selective secularist.,0
27:09 ,(ANCHOR), kamlesh rai shiv sena se. kamlesh rai bhee ab toh aap log bhee secular ho gaye hain. aap logon ne bhee jo hai hindutv kee tilaanjali de dee hai satta kee vajah se aur aap log bhee poojan kee maang kare hai na sir mere khyaal se agar main galat nahin hoon. aap log bhee kah rahe hain ki e-poojan hona chaahie bhoomi poojan. kamlesh rai.,0
27:29 ,(SPEAKER 6), aap sahee kah rahe hain aap ko ek cheej bataana chaah raha hoon ki sau karod janata mein. bhagavaan raam aadarsh purush hain aur sau karod janata is desh kee un ko maanatee hai shivasena unn so karod hinduon ka netritva karate aaee hai baala sahab udhor sahab donon karate hain baala udyog sahab khud jaana chaah rahe the lekin aaj pradhaanamantree jee ne hee lockdown shuroo mein hee kiya tha corona ke vajah se. aur uss lockdown kee vajah se agar ek gareeb aadamee dava lene jaata hai to aapki police raste mein khada hokar us ko peetati hai. aur is desh ke mukiya is desh ke neta is desh ke pradhaanamantree jo ham sabake pradhaanamantree hain agar vahaan jaenge mandir ke poojan mein bhoomee poojan mein to 100 karod to hindu jaana chaahenge vah jaane kya aap sabko allow karenge jaane ke liye.,0
28:20 ,(ANCHOR), nahin yah cheej kee kheench to nahin hai. yah yah. ,0
28:23 ,(SPEAKER 6), agar nahin karenge to vo so karod janata kee bhavana unn so karod janata kee bhavanaon ko dekhte huye iss poojan ka aayojan karana chahie.,0
28:28 ,(ANCHOR), agar main agar main theek. agar main theek samajh raha hoon. agar main theek samajh raha hoon. uddhav thakre ko bulaya nahin jaa raha hai isiliye aap log kheej utaar rahe hain prabhu raam se. ,0
28:40 ,(SPEAKER 6), bhagwaan raam uddhav sahab ko bulana nahin bulavein. mandir mein. ,0
28:45 ,(ANCHOR), nahin nahin invitation mein bhoomi poojan mein nahin bulaaya uddhav thaakare ko aap jaanate hain. ,0
28:48 ,(SPEAKER 6), so karod hinduon ke aadarsh hain aur unke aadarsh pe kabhi bhee koee darashan karane jaa sakta hai. koee rok nahin sakta. koee bulave nahin bulave. usse hamaaree aasatha par hamaare vishvaas par bhagavaan raam ke prati shraddha par koee asar nahin padega. ,0
29:04 ,(ANCHOR), mujhe hairaangee hai shiv senik ho kar ram mandir hindutv kee sabase badee brand ambassador aur tamaam cheejen raam mandir ko lekar sabase prakhar aavaash shivasainik kah rahein hain kee poojan hona chaahie. matalab hairaangee hai kee hai bhp ke kaaryakaaree adhyaksh aalok kumaar jee bhee is vakt mere paas mere saath jud gaye hain. main aapake paas aaoonga sir. sambit jaldi se react kar lijiye usake baad waqar sahab aa raha hoon. oobaasee mat leejie aa raha hoon sir aapake paas. sambit paatra. ,1
29:26 ,(SPEAKER 2), pahale to main ham sab ke bade aur ham sab ke aadaraneey aalok jee ko pranaam karata hoon. aur main das second hee loonga. dekhie jahan tak shivasena ka savaal hai yah e-secularist ban gae hain e-secularist. aur main tamaam hindoon se kahoonga kee aaj jara sabhee log jara inko e-shraap deejie matalab keval sharaab dena hai twitter par hee shraap de dijiye. e-shraaph matalab arre haye lagegee aapako. baalaasaaheb thaakare hindoo hrday samraat soochie unakee aatma ke oopar aap kya kar rahe hain hindoo hrday samraat ke bachche is prakaar se aap aap keval satta kee lolupata ke lie keval sinhaasan bachae rakhane ke lie mukhyamantree banane ke lie aap khilavaad kar rahe hain. hamaaree aashaon ke saath main jyaada nahin kahoonga maananeey aalok jee hain vah kahenge magar main sab se demand karoonga ki e-shrap bhejie jara yah shivasena ke oopar. yah pooree tarah se sonia sena ban gayee hai.,0
30:17 ,(ANCHOR), aalok kumar jee. e-pooja honee chahie aalok kumar jee. e-pooja honee chahie yah shiv senik maang kar rahe hain. shiv sena yah maang kar rahee hai. e-pooja aalok kumar jee. ,0
30:28 ,(SPEAKER 7), jee mujhe dukh hai kee yah savaal aise vyaktee kee or se aaya jo jo shiv sena ek samein par hindutv ka prateek thee. ki usko balasahab thaakare aise vyakti ka netritv tha vo yah savaal karen. kaisa patan hai bhoomi poojan ka arth hai ki jahaan par aap bhoomi banaana chaah bhoomi par bhavan banaana chaah rahe khudaee karana chaah rahe. prithvi maata ko pranaam karie unaka aasheervaad leejie unase shama maangakar anumati leejie kee hum yahan neev khodenge. yah kaam to vahaan upasthit hokar ho sakata hai delhi se isako karenge to vah keval ahankaar aur dambaav hoga. aur supreme court samet sab log is koshish mein hain ki bhaarat ka pravaah khandit nahin ho. jagannaath mandir mein rathayaatra ko band karane ka aadesh supreme court ne diya 2 din mein punarvichaar karake kaha nahin to log bhaagnalayay jisase unaka jeevan surakshit rahe aur yaatra nikaalane kee rasm ko poora karo. jammu kashmeer kee sarakaar ko vichaar karana tha ki amaranaath yaatra chalegee ki nahin chalegee governor ne jaa karke desh kee or se pooja kee. pooree rasmein kee gayee. log nahin aa rahe isiliye hamane bhee vachan diya kee health kee chinta karate hue corona ke baare mein dee gayee advisories ka paalan karate hue. vahan par maidaan mein kul 200 log baith sakte hain. hum 200 ka kaaryakram karengee. ,0
32:11 ,(ANCHOR), ek aur aapatti hai aalok kumar jee kee dooradarshan par live prasaaran bhee nahin hona chaahie. usase secularism national integrity khatare mein aa jaegee agar bhoomi poojan ka seedha prasaaran dooradarshan par kiya gaya. yah left ke saansad kee taraph se chitthee bhee likhee gaee hai prakaash jaavadekar jee ko. to seedha prasaaran hoga to dharmanirapekshata aur national integrity raashtreey akhandata khatare mein aaegee. aalok kumaar jee. ,0
32:32 ,(SPEAKER 7), public broadcaster ko public interest kee cheej kyon nahin dikhaana chahie. aakhir har saal dashere par bade log jaate hai raavan ko maan mardan karane ke lie to television dikhaata hai dooradarshan bhee dikhaata hai janmaashtamee hotee hai to vrndaavan bihaaree ke yahaan kya ho raha hai yah dikhaata hai. eid ka kaaryakram dikhaata hai mahaaveer jayantee aur buddh poornima par vishesh kaaryakramon ka aayojan karata hai. isase bada kaun sa kaaryakram hoga kee. ,0
33:09 ,(ANCHOR), lekin lekin sabase badee aapatti aalok kumaar jee sabse badee aapatti yahi hai ki prabhu raam se secularism khatare mein. chaahe dooradarshan mein broadcast se ho. chaahe modi jee ke jaane se ho. prabhu raam se secularism khatare mein hai jo raam kee baat karega vo communal kah layega.,1
33:27 ,(SPEAKER 7), main dharma nirapekshata kee us paribhaasha se sahamat nahin hoon jo kahatee hai ki raajaneeti mein dharm ka sthaan nahin hoga. sab dharmon ka svaagat sab dharmon ka celebration mere lie dharma nirapekshata ka arth hai ki raajy. kisee vishesh dharm ko sveekaar nahin karen jaise pakistan ke constitution ke article one  mein hai ki vah islamic raashtr hai. aisa bhaarat raashtr isakee sarakaar kisee dharm ko prashranay nahin degee sab ka svaagat karegee to yah jo celebration of religions hai isse  dharma nirapekshata poosht hotee hai.,0
34:09 ,(ANCHOR), lekin kya modee jee ko matalab yah bhee aapatti hai ki pradhaanamantree ko nahin jaana chaahie. bas ek aakharee savaal mujhe pata hai aapako jaana hai. ek aakharee savaal ki kya pradhaanamantree narendra modi ko nahin jaana chaahie as a matalab seculas state ke pm ke taur par unako nahin jaana chaahie. modi jee ko nahin jaana chaahie dhaarmik kaaryakram mein shaamil nahin hona chaahie unako. yah aapatti owaisi saahab kee bhee hai aur waqar sahab bhee hamare sath live hain unakee bhee. ,0
34:31 ,(SPEAKER 7), yah mujhe nahin pata hai. kyonki main jo sanvidhaan ko samajhata hoon. supreme court ke paanch judgon ne sarva sammat phaisala diya kee yah bhoomi raam lala kee hai aur kaha ki ek trust banao jo mandir banae. trust ban gaya mandir banana hai. poore desh kee bhaavanaen kee mandir bane poore vishv ke sath samaaj kee bhaavanaen kee mandir bane. aur musalamaanon ko alag jameen de kar ke unhonne sveekaar bhee kar lie. to main samajhata hoon ki pradhaanamantree ko ek bhakt ke naate bhee jaana chaahie aur sampoorn bhaarat kee ichchha ka pratinidhitv karate hue pradhaanamantree ke naate bhee jaana chaahie. ,0
35:19 ,(ANCHOR), waqar sahab. bahut bahut shukriya aalok kumar jee aapane samay nikaala zee news ke lie. bahut bahut shukriya. boliye sayeed aasam waqar sahab hona na kuchh hai nahin aapko pata hai aap log apanee kheench mita rahe hain ya toh. ,1
35:27 ,(SPEAKER 5), nahin ham apanee kheenj nahin mita rahe hain aap ham par jabardastee thop rahe hain. aap sattah ka duroopyog kar rahe hai. main channel par baith kar main aalok jee chale gaye. main unhee se kah raha hoon main aapase phir kah raha hoon jo nyaayaalay ne aadesh diya usako gor se padhiye. maaninye sarvochiye nyaaylaya ne yah baat kahee kee san 1221 se lekar san 1528 eesavee tak uss jameen ke oopar koee mandir ke saboot nahin mille. unhone kaha kee is baat ka koee saboot nahin mila hai kee mandir ko todakar masjid ka nirmaan kiya gaya to aapake donon daave khaareej ho gae. itana to vo is par vivaadit tha na musalmaanon ne usse avaid tareeke se todakar uss par masjid banayee thee. aur na hee musalmaanon ne vahan par mandir ke oopar kabja kara tha.,0
36:24 ,(ANCHOR), waqar sahab ek cheej bataiye na. waqar sahab. ,0
36:25 ,(SPEAKER 5), sir maine jab padha hai. agar main galat bol raha hoon to aap jo chor kee sajaa meri sajaa sir. ,0
36:31 ,(ANCHOR), nahin main main kuchh aur bol raha hoon. waqar sahab. main bahut main kuchh aur bol raha hoon waqar sahab. aap sochiye rone ka koee fayeda hai. rone se koee fayda hai. shubh muhoort hai adanga jaroor daalana hai. khalal rone se kya fayeda kuchh nahin ho sakta. bhavay ram mandir ka model dikhaun main aapako. kya fayeda rone se. ,1
36:47 ,(SPEAKER 4), inaka thoda bhuddhi shudh kariye. ,0
36:52 ,(ANCHOR), chalie theek hai. ,0
36:55 ,(SPEAKER 5), vo vivaadik sthal nahin tha vo masjid thee. ,0
36:55 ,(ANCHOR), acha theek hai vinod bansal usake baad sanvit main aa raha hoon. maartanpooree jee svaamee maartanpooree main aapake paas bhee aa raha hoon. pahele vinod bansal usake baad svaamee maartanpooree aur sambit paatra phir main aapake paas aaoonga. boliye vinod bansal boliye vo beech mein nahin bolenge ek ek karke bolenge. boliye vinod bansal jee. ,0
37:09 ,(SPEAKER 4), aman jee mera yah kahana yah hai dekhiye kuchh log aise hain jo kee apanee us baabar vaadee soch se bahar nikal hee nahin paa rahe. unakee majabooree hai  kee agar hamane baabarvaadee soch se baabaree se aur baabar ke us dhaanche se agar apne aapko nahin joda to hamara itihaas khatare mein pad jayega. hamara secularism khatare mein pad jaayega hamara sampradaye khatare mein pad jaaega. hamara jihaad khatare mein pad jaage aakhir kaar us jihaad ka kya hoga. unn musalmaan vote bank ka kya hoga jiske jiske kaaran aap abhee tak musalamaanon ko lootate chale aa rahe the. musalmaanon ko khaate chale aa rahe the. aap mujhe bataiye aakhir kaar jo baabaree chalee gayee baabar chala gaya baabar kee soch chali gayee. aur desh ne sankalp liya ke baabar ke naam ka is desh ke andar koee bhee ek chhota sa monument bhee nahin hoga. yah hamaara sankalp hai aur sankalp kee siddhi ham krt sankalpi hait. chaahe kitana hee jor lagale. aaj chaahe bale hee raam mandir ka virodh kitanee hee karlein raam drohee kahalaayenge.,0
37:57 ,(ANCHOR), nahin mere khayaal se pata hai isako kaise. svaamee martanpuree jee ,0
38:01 ,(SPEAKER 4), deep jalenge chaahe dil jalein. ,0
38:02 ,(ANCHOR), svaamee martanpuree jee. ,0
38:04 ,(SPEAKER 4), chaahe dil jalein lekin deep jalenge.,0
38:04 ,(ANCHOR), bilkul. svaamee martanpuree jee matalab isako kya is tareeke se matalab vaalmeeki raamaayan mein bhee ek kiradaar hai manthra jab prabhu raam ka raajatilak hone vaala tha usane bhee adanga lagaaya tha manthra ne. aur phir vo adanga lag gaya tha aur phir prabhu raam ko jaana pada tha vanavaas. yah manthra roop hee kuchh log hain jo adanga lagaana chaah rahe hain kya shubh muhoort mein. ,1
38:24 ,(SPEAKER 3), dekhiye aisa hai main yah maanata hoon ki aaj bhaarat ke bheetar aur bhaarat ke baahar jo aasuree shaktiyaan bhaarat ke viruddh khadee ho rahee hain yah raam ka praakrtik raam ka mandir usake vinaash ke lie saamane aa raha hai. jis dharma nirapekshata kee baat ho rahee hai. mujhe koee vo dharam nirapekshata nahin maan sakta jo hindu dharam kee upeksha kare. hindu bahudesh hai yah hinduon ka bahut bada bahut badee sankhya hai. yahaan ke raam kee upeksha karake aap dharam nirpekshata sthaapit karana chaahate hai. to aisi dharam nirpekshata saabit nahin ho saktee. main baar baar yah kah raha hoon kee phirase sanvidhaan par baat karake dharm nirpekshata ke is kalank ko bhee spasht karana chaahie samaapt karana chaahie. ,0
39:09 ,(ANCHOR), theek hai. sambit usake baad waqar sahab aapako bhee time dunga jaroor. sambit paatra jaldi se. sambit. karanlijiye aa raha hoon. sambit. ,0
39:16 ,(SPEAKER 2), dekhie main main aapako spasht kar doon yah koee lambee chaudee kahaanee nahin hai yah shilaanyaas versus satyaanaash hai. yah shilaanyaas ho raha hai kuchh logon ka satyaanaash ho raha hai. dekhiye mujhe to samajh mein nahin aa raha hai abhee abhee ek pravakta yahaan bata raha tha ki supreme court kee judgement jara padh kar aaie. yah kya mangal yah yah sab kaan-vaan mein lagakar yah mangal grah se utar kar aaye hain. matalab yah saara kuchh ho gaya poora raamaayan khatm ho gaya yah abhee bata rahe hain ki supreme court ka judgement padhiye. arre bhaiya supreme court ne kaaha hai vaheen ram jee ka janam hua tha. vaheen mandir banega. vahin mandir ka sthaan tha. khudayee bhee ho gayee usake neeche shivling bhee nikal gaya aur na jaane kitane kitane bade-bade kalaakrtiyaan usake neeche se nikalee. aap bol rahe hain abhee supreme court ka judgement padho matalab mujhe to kuchh samajh mein nahin aa raha hai. aur yah shivasena vaale baithe hain. yah aankhon mein rangeen chashma pahan kar baithane se duniya rangeen rangeen dikhatee hai. abhee inake mukhyamantree ka yahee haalat hai e-chashma pahan kar baithe hue hain unako lag raha hai chirakaal tak yahee mukhyamantree rahenge aur dekhie logon ne already e-shraap dena shuroo kar diya hai. e-shraap matalab matalab online shraap de rahe hain sab log. sab log online shraap de rahe hain.,0
40:22 ,(SPEAKER 6), aap log ahankaar mein baithe hain. bharateeye janata party ke jitane neta hai ahaankaar choor ho chuke hai. ,0
40:27 ,(SPEAKER 2), ahankaar. shiranayaas hoga bhaiya aap isako ahankaar kahte rahiye. shiranayaas to hoga hee hoga mandir to banega hee banega. aap log rote rahiye. aap log jaake aap log jaake na ncp ke saath aur congress ke saath chaatee peeth kar roiye. dhaadhee vaale jinna ke saath bhee baith ke roiye aap log kuchh nahin hone vaala usse. mandir to vahin banega. aur bhavya mandir banega. ,0
40:47 ,(SPEAKER 6), aap log bina matalab kee baate karate rahte hai aur chaahate hain ke aap jo kahe vahee sach hai. ,0
40:50 ,(SPEAKER 2), main toh aaj shamma maangata hoon. daadasahab jee aap jahan bhee honge inako shamma kariye matalab sochiye jara yah kaise ho gaye hain. ,0
40:57 ,(SPEAKER 6), sabase pahele shiv sainik vahan gaye the. sabase pahele shiv sainik vahan gaye the. ,0
41:01 ,(ANCHOR), kamalesh jee kal raat ko yah ncp kee taraph se bakareed kee relaxation ko lekar baithak nahin kee gaee kya. aap log kamalesh rai jee aap aap e-poojan kee baat kar rahe hain. yahan par paabandheeon kee baat kar rahe hain. kal hee ncp kee taraph se bakaree eid pe relaxation ko lekar bethak kee gaee na. yah to dohare maapadand hai na bakaree eid ko lekar relaxation dee jae vah aapakee sarakaar us par vichaar kar rahee hai lekin raam mandir bhoomi poojan e-poojan hona chaahie yahee hota hai aap jab shiv sena secular se. ,1
41:28 ,(SPEAKER 6), sabako yahee kaha jaa raha hai.,0
41:29 ,(ANCHOR), vo dekhete hain sir ncp bhee hai aapake sarakaar mein vahee to kah raha hoon vo dekhte hai nahin hota hai hota nahin hota hee. ,0
41:35 ,(SPEAKER 6), sarakaar ne kaaha hai kee lockdown ka paalan karein kyonkee yah yah cheejen maananee pradhaanmantaree. ,0
41:39 ,(ANCHOR), bhoomee poojan se hee hoga lockdown ka violation. bhoomee poojan se hee corona badhega. aap logon kee analogee khatarnaak hai. shukreeya kamalesh rai vinod kumaar bansal sambit paatra svaamee maatranpuree jee aapaka aur sayeed aseem waqar sahab. aapaka bhee bahut bahut shukriya taal thok ke aap sabhee dekh rahe the. aur abase thodee der baad taal thok ke special edition hai. aaj shreeraam par seema paar se saajish/ thode se break mein.,1
