timeStamp,speaker,text,label
21:46 ,(speaker 2)," mai apko bta doon sunne di jie, meri baat suniye, dekhiye . state government ka kaam hai prabandhan aur mai aap sabko bta doon aur bohot atmavishwas ke sath mai kehti hoon. mai angel administrative service mai 25 saal thi aur mai jaanti hoon mai odissa se thi. yeh state government ka kaam hai, rajyo ka kaam hai prabandhan aur agar kahin black marketing hoti hai toh wo dehi hai. agar remisdisvir 50000 rupay mai maharashtra mai bik rha tha jisko.",0
22:15 ,(anchor)," toh wo hi toh mamta bannerjee keh rhi hai. aap logon ne toh palla jhad liya. app logon toh palla jhad liya. corona ke case pone 3 lakh pahunche. aap log backseat par aa gye,driving seat par states hai ab. driving seat par ab states aa gye hai na. kuldeep kumar aur uske baad sanjay ji. aap tmc, pehle kuldeep kumar AAP se. kuldeep ji, aapko lagta hai ki aapko bhi mamta bannerjee ya congress party ki tarah isme koi khot nazar aati hai? kendra ki nyi vaccination policy mai. kuldeep ji, uske baad sanjeet ji.",1
22:47 ,(speaker 3)," dekhiye aman ji mujhe aisa lagta hai ki mamta ji aur congress kya sochte hain wo unka vichar hai. dekhiye mujhe lagta hai ki koi bhi sarkar, koi bhi rajya ki sarkar, agar kisi policy ke upar apna koi aitraaz jatati hai aur koi kamiya lagti hai toh sarkar ko sochna chahiye agar unko lagta hai ki unke diye hue sujhav theek hai, janta ke hitt mai hai toh nischit roop se unko applicable rakhna chahiye, unko theek karna chahiye, unko aage badhna chahiye lekin mai aapke channel ke madhyam se ek baat kehna chahunga ki aaj hum sab logon ko rajneeti se upar uthkar rajneet dweep se upar uthkar hum sab logon ko logon ki jaan bachane ke liye iss mahamari se apne rajyo ko bachane ke liye, apne desh ko bachane ke liye, logon ko accha ilaaj mil paye, logon ko acche bed uplabdh ho paye, logon ki unki mazdoor jo pilayan kar rhe hai unke liye kaam ho paye. hum sabko milke iske upar kaam karna chahiye aur nischit roop se aaj dilli ki sarkar jo dilli ki government hai jisne pichle 5 saalon mai health ke sector mai  bohot kaam kiya hai aur aaj dilli ko dekhenge toh sabse zyada case agar kahin par hai toh dilli ke andar hai lekin dilli sarkar jis tareeke se mananiye CM kejriwal ji, hmare deputy CM manish sisodia ji. ",0
23:52 ,(anchor)," nhi, vaccine procurement mai rajyo ko zyada adhikar diye gye hain, aap uska swagat karte hain. rajyo ko zyada adhikar aap swagat karte hain uska. ",0
24:05 ,(speaker 3)," chahe wo kendra sarkar ho, chahe wo rajya sarkar ho, sabke sehyog ke madhyam se hi hum log aage badhkar janta ki seva kar sakte hain aur nischit roop se hume aage badhna chahiye.  ",0
24:10 ,(anchor), nhi nhi ,0
24:12 ,(speaker 3), hum logon ne kuch sujhav diye the ki 18 saal ke  ,0
24:15 ,(anchor)," theek theek. kuldeep ji, kuldeep ji. rajyo ko jo zyada adhikar diye gye hain vaccine procurement ke. swagat karte hain? rajyo ko zyada adhikar vaccine procurement 50% , khush hai aap? ",0
24:24 ,(speaker 3)," dekhiye, meri baat suniye, mai wohi keh rha hoon ki jo bhi janta ke hitt mai jo policy ha hum log hmesha unka samarthan karte hain chahe wo koi bhi policy ho. hum logon ne demand ki thi ki ab aap 18 saal ke waqti ko vaccine lagaiye. ",0
24:36 ,(anchor)," kya yeh janta ke hitt mai hai ya nhi hai? arre aap beech ki line kyun le rhe hain? hum taal thok ke ya idhar ya udhar. aap btaiye na, yeh beech ki line mat lijiye na kuldeep ji. aapko party ne btaya nhi hai kya ki kya line hai? state ko 50% procurement.",0
24:49 ,(speaker 3), aman ji mai aapka sawal nhi sunn paya. aap dobara apna sawal repeat kijiye. aman ji aap sawal dobara repeat kijiye.,0
24:55 ,(anchor)," mai dobara aapse sawal puchta hoon. rajyo ko 50% vaccine rajye khareed payenge, company se direct procurement. rajyo ka zyada adhikar diye gye hain. yeh policy hai, nyi policy aur khule bazar mai vaccine bikegi, yeh do faisle. acche faisle hain? khush hai aap? ",0
25:15 ,(speaker 3), kisi bhi aapda se nipatne ke liye rajya sarkar ko jitne adhikar diye jayein uska hum samarthan karte hain. rajye sarkar ke pass adhikar hone chahiye lekin kam se kam se hum kendra sarkar se jo bhi supply ki demand karte hai. kendra sarkar hmare supply ki demand ko pura kare. hum ek ek waqti ko vaccinate karenge aur iss mahamari se nikalne ka kaam karenge yeh baat hmare CM kejriwal ji shurat se kehte aaye hain ki hum harr waqti ko vaccine lagana chahte hai. ,0
25:42 ,(anchor)," aap samarthan karte hai, swagat karte hai. theek hai acchi baat hai kuldeep ji. jabardasti ka virodh nhi hai na. virodh ke naam par virodh nhi hai na, acchi baat hai nhi na. bohot acchi cheez hai na kuldeep ji yeh.  ",0
25:52 ,(speaker 3)," bilkul, aman ji mai nischit roop se keh rha hoon ki hume janta ",0
25:55 ,(anchor)," zabardasti ka rajneeti rona dhona nhi hai na corona par aap virodh ke naam par virodh nhi kar rhe, aap keh rhe hain accha faisla hai chaliye theek hai. accha faisla hai sanjay ji, sanjay ji, sanjay ji, aapko khokhla kyun lag rha hai mamta bannerjee ko new vaccination policy khokhli kyun lag rhi hai. unki jo chithi hai aur unki jo chithi hai usme shabd likha hua hai hollow. ",0
26:18 ,(speaker 4)," actually, yeh vaccination jab shuru hua, prarambhik charno mai shuru hua. ek rajasthani kahavat hai ghar ka pooth kuwar ar dole pado shah ka pila. yeh kahavat ka arth aap dekhiyega, sochiyega. iska kahavat ka arth yeh hai ki aap ghar ke jo log hain unki paryapt vyavastha karte nhi ho aur bahar ke  logon ke liye aap matha pacchi karte rehte ho. pratham charan ki vaccine se yeh hi sabak desh aur duniya ne dekha . jab hmare 130-135 crore wali abadi ke desh mai vaccination ka kaam prarambh hi hua tha toh lagbhag 6-7 crore dose jo hai videsh bhej di gyi. isse desh mai jo vyavastha thi, hum jitne logon ko de pate wo hum de nhi paye aur rajya sarkare jo shuru se demand kar rhi thi jo shuru se kendra sarkar se appeal kar rhi thi ab jab vaccination ki samasya utpan ho gyi aur uss samay pratham corona ki covid 19 ke prakop jab kamm aane shuru ho gye toh kendra sarkar ne yeh iske prati thoda dheela raviya apna liya. yadi wo position nhi hoti toh aaj jo second phase mai case bdh gyi mai. gujrat mai chahe surat ho chahe ahmedabad ho ya MP mai indore , chahe UP mai lucknow ho, varanasi ho. yeh sab jagah jo hum vibish ka hum dekh rhe hain. hum isse bach sakte the. kahin na kahin kendra sarkar ki yeh zimmedaari banti. ",0
27:38 ,(anchor)," aapke wale bharat ke nakshe mai sirf BJP shasit rajye hai kya? aapne 5 naame liye, 5 bjp shasan hai. aapke wala bharat ke nakshe mai kya sirf bjp shasit rajya hai kya? kyun aapko maharashtra nhi dikha? ",0
27:50 ,(speaker 4), maine yeh naam kyun liye mai btata hoon. maine kyun naam liye mai btata hoon ,0
27:54 ,(anchor)," rajasthan nhi dikha, bengal nhi dikha. ",0
27:55 ,(speaker 4), nhi maharashtra bhi hai ,0
27:56 ,(anchor), nhi dilli nhi dikha. ,0
27:58 ,(speaker 4)," inn jagaho mai PM ji ke raj hai, PM ke party ke shasan wale rajya hai aur aman ji ek baat aap btaiye akhir kya vajah ho gyi kaun si vyavastha mai kami reh gyi ki surat mai itne zyada sankhya mai chale gye, marr gye? aur surat aur samshan ghat ki chinmita jall gyi. ",0
28:17 ,(anchor)," theek hai ab wo gujrat sarkar niptegi. aapko zyada adhikar diye gye hain, aap khush hain?  ",0
28:23 ,(speaker 4), aaj mai varanasi ki report dekh rha tha. varansi mai kya position hai abhi aap anuman nhi lga sakte. mahanavastha trahi trahi kar rhi hai aur hum lachar baithe hain. yeh sab baatein mehez yeh bhajpa wale rajyo ki baat nhi hai. ,0
28:36 ,(anchor)," chaliye ab aap lachar nhi baith payenge, ab aapko zyada adhikar diye gye hain ab aap lachar nhi baith payenge toh ab aap khush hai? ",1
28:42 ,(speaker 4), nhi yeh yeh der aaye durust aaye wale kendra sarkar ka. ab kendra sarkar ko yeh sunischit karna chahiye ki vaccine ki proper supply ho aur kisi bhi mamle. ,0
28:54 ,(anchor)," aap keh rhe hain durust aaye, mamta bannerjee keh rhi hai khokhle hain. aap TMC ke pravakta hai na. aap TMC se hai na.",0
29:03 ,(speaker 4)," abhi tak kendra sarkar ka jo achran rha hai usko dekhte hue khokhla kehna hi uchit hai. fir bhi kal jab kendra sarkar ne decision liya hai hum kahin na kahin bolte hain ki der aaye, durust aaye. ab yeh sahi tab sabit hoga jab kendra sarkar vaccine ki lagatar supply sunischit karegi aur saari vyavasthao ko zimmedaari se nibhayegi. ",0
29:22 ,(anchor)," sanjay ji, aap TMC se hai na? aap TMC se haina sanjay ji. mamta bannerjee ki party kyunki mamta bannerjee ki chithi mere samne hai. mamta bannerjee ki chithi jo hai wo mere samne hai unhone jo likha hai agar wo mai padh doon. usme toh likha gya hai,""the government has announced the much delayed universal vaccine policy which appears to be hollow, without substance, and regretable show of evasion of responsibility"".yeh mamta bannerjee ki chithi, aap keh rhe hain swagat karte hain der aaye durust aaye. mamta bannerjee keh rhi hai der bhi aaye aur durust bhi nhi aaye.",0
29:57 ,(speaker 4), suniye yeh jo ab tak ke jo aacharan hai uss par sahi likha hai. ek ek shabd uska sahi hai. ek ek shabd aane wale samay mai jab samiksha karega toh uchit payega. isme kahin koi atishogya nhi hai. ,0
30:07 ,(anchor)," nhi nhi aap confuse kar rhe hain. jo aapko zyada adhikar diye gye hain, usse aap khush hai? samjhaeye mamta bannerjee ko, mereko aap zyada samajhdar lag rhe hain unse. unko samjhaiye na thoda.",1
30:20 ,(speaker 4)," arre kya baat aman ji, do tarfa mat kheliye, maine aapko badi hi spachthta se yeh btaya hai ki kendra sarkar ki.",0
30:26 ,(anchor)," nhi nhi mujhe aapki baat par zyada , aap bol rhe hain badiya faisla hai. rajyo ko zyada adhikar acche diye gye. khule bazar mai vaccine badhiya. 18 saal se upar vaccine badhiya. aap keh rhe hain accha swagat der aaye durust aaye. mamta bannerjee keh rhi hain khokhla bakwas.",0
30:41 ,(speaker 4)," woh ek dum sahi hai aur maine jo kaha hai wo sahi tab hoga jab kendra sarkar proper vyavasthae karengi aur ab jo ghoshna ki hai wo yatharth ke jati utaregi, tab hoga warna kendra sarkar fir 15 din baar palti maar jayegi toh decision sahi kaise hoga? aur kendra sarkar ka jo rviya rha hai, wo bhi 19th ke pratham charan ke baad case aane kam ho gye kendra sarkar mai dur darshita ka abhaavta tha yadi uss samay suchak nirnay liye jate uss samay.",0
31:13 ,(speaker 3), aman ji case ki policy kya hai wo keh toh btade pehle. ,0
31:13 ,(anchor)," chaliye theek hai, ab mai kuldeep ji ke pass ek minute jaa rha hoon wo kuch bolna chah rhe hain. sanjay ji theek hai. thoda samjhaeyega mamta bannerjee ko didi ko party ke netao ko. aapse samajhne ke baad, aap thoda behtar bta rhe hain ki zyada adhikar diye hain rajya ke liye accha hai. wo kuch aur keh rhi hain, app kuch aur keh rhe hain. aap party ke pravakta hai. samajhayega thoda, acchi baat hai. kuldeep ji ab aap boliye fir mudit agrawal ji mai aapke pass aa rha hoon. aprajita sarangi mai aapke pass bhi aaunga. ",1
31:43 ,(speaker 3)," aman ji, inki distribution ki policy hai kya? inka system hai kya? yeh bhi abhi inhone clear nhi kiya hai. kam se kam yeh kendra sarkar ko abhi clear bhi  karna chahiye ki inki policy aage rehne wali kya hai, inka system kis tarah se aage kaam karega kyunki yeh baat sach hai ki humne lagatar. hum yeh maang kar rhe the ki 18 saal se upar le upar ke logon ko vaccine lagai jaye aur yeh inhone hmari baat der hi sahi lekin inhone hmari baat toh maan liya aur ab wo vaccine shuru ho jayega lekin inka system kya hoga rajyo ke sath, inka distribution kis tarah se hoga. yeh bhi kendra sarkar ko clear karna chahiye aur . ",0
32:13 ,(anchor)," aur ek aur cheez jo shayad aapko nhi pta kuldeep ji. wo policy ki release mere samne hai. policy ki release mere samne hai, mai padh deta hoon aapke liye. ""distribution policy can be modified by the states"" rajye distribution policy apne hisaab se badal sakte hain. aap teh kar sakte hain, aap samajh rhe hain, yeh aapko adhikar diya gya hai ki 18 saal se upaar kaun kaun si category mai kisko dena hai , kisiko free dena hai, nhi dena hai. yeh sab aap par, aapko adhikar de diya gya hai. distribution policy bhi aap teh kariye , rajye 50% procurement bhi rajye, khule ",0
32:51 ,(speaker 3), lekin vaccine toh kendra sarkar toh deni hai na. aman ji vaccine toh kendra sarkar toh deni hai na. policy toh hum teh karenge. ,0
32:56 ,(anchor)," nhi nhi, nhi aisa nhi hai. nhi sir aapko pta hi nhi hai fir. kuldeep ji suniye mai aapko samjh deta hoon. nhi hai ab aisa nhi hai. aapne bhi nhi padhi policy. samjhiyega policy dhyan se. agar 100% vaccine ka production hai toh usme se 50% center lega aur baaki ka 50 % states khareed sakte hain aur private players khareed sakte hain. ab aapki puri dependence center par nhi hai. farak samjhiyega, aprajita ji btaiye ek baar, samjhaiye. uske baad mudit agrawal mai aapke pass aa rha hoon. aprajita samjhaiye ek baar. unhone shayad padhi nhi hai policy.",0
33:30 ,(speaker 3)," aman ji aman ji aman ji, aman ji inhone toh puri gol gol ghumake kendra sarkar ne .",0
33:43 ,(anchor), aa rha hoon kuldeep ji. ,0
33:43 ,(speaker 3), mai jawab bhi toh de doon iska. ,0
33:46 ,(anchor), kuldeep ji samajh lijiye ek baar. koi dikkat nhi hai. burai nhi hoti samajhne mai. samajh lijiye. ,0
33:51 ,(speaker 2)," zarra sunn lijiye vinamrata ke saath keh rhi hoon . koi galat nhi hai sunn le aap. dekhiye aisa hai ki 45 varsh se upar ke jitne bhi log hai, jaisa ki muft mai sarkar hospitals mai, government hospitals mai de rhi hai wo sarkar, kendra sarkar deti rhegi. aur jahan tak 18 saal se upar ki baat hai. isse anumati dedi gyi hai. abhi aisa hai ki rajya sarkaro ko puri swatantrata di gyi iss vaccine policy ke madhyam se . kendra sarkar ke disha nirdosho ko aadhar karke rajya sarkar apne apne standard operating procedures bnae aur aage badhe jahan tak vaccine ka sawal hai mai keh doon ki vaccine ka 50% bharat sarkar legi aur yeh jo 45 varsh se upar ke log hain jinhe government hospitals mai free diya jaa rha hai. wahan par yeh jayega aur jo baaki 50% wo vaccine manufactures state ko bikri kar payenge lekin yeh pre determined rate hoga. aisa nhi hai ki jo jis rate par chahega , bikri krega. mota moti yeh hi hai aur rajya sarkar mujhe lagta hai aaj ke sambandh mai kendra sarkar ko dhanyavad di. koi bhi rajneetik dal kisi bhi rajya sarkar. ",0
35:06 ,(anchor)," accha mai bhi padh deta hoon isme likha gya hai ki"" states are free to devise distribution policy including giving it free between 18-45"" kuldeep ji mai aapke liye padh rha hoon."" distribution policy aap devise kar sakte hain, rajye sarkar aur 50% procurement rajya sarkare kar sakti hai production ka kar sakti hain. kuldeep ji yeh policy mai hai. acha acha boliye boliye. ",0
35:33 ,(speaker 3), aman ji mai jawab de doon aapki baat ka? ,0
35:41 ,(speaker 1), aman ji mereko aap thoda samay de dijiye. ,0
35:41 ,(anchor), haan boliye mudit ji pehle aap bol lijiye. bol lijiye mudit ji. ,0
35:46 ,(speaker 1), aman ji aman ji ,0
35:46 ,(anchor), haan boliye na mudit ji. ,0
35:45 ,(speaker 1)," yeh saari baatein theek hai, mai dobara se keh rha hoon jo mul bhut sawal hum address nhi kar rhe hain wo hai yeh. jo purane galtyan ho gyi maine keh rha hoon state ki ho, center ki ho, ek baari sabko khatam kar dete hain. agar humko transparency aage sawal karne hai toh sabse pehla sawla yeh hai. aap distribution ki baat kare bada accha hai lekin distribute toh tab hongi jab vaccines milengi. mera jo mul boot sawal yeh hai, agar sarkar ko aaj bhi transparency se kaam karna hai. aap yeh btaiye may mai, june mai month wise demand kitni hogi aur supply kitni hogi. sabse mul bhut sawal toh yeh hai na ki jab aapko 150 se 200 crore chahiye toh iska demand aur supply ki bhi toh baat honi chahiye. kaise wo distribute hoga, kis price par hoga. price bhi zaruri hai lekin sabse pehle yeh toh dekhiye kahin yeh dobara se aankh mai dhool jhokne ka kaam nhi ho rha ho . sabse pehle yeh baat, agar iss sawal ka jawab bjp ke pravakta nhi de rhe. ",0
36:42 ,(anchor), theek hai. ,1
36:42 ,(speaker 1)," dusra, sawal chahe dilli ho aur rajya ho. kam se kam yeh toh btaiye na ki ventilator wale bed, icu bed ki kitni demand mahine wise hone wali hai. wo supply kaisi puri hogi kyunki agar hum yeh kaam nhi karenge toh aaj jo dilli mai bure haalat hai. aaj mai bta rha hoon, aaj mai khud darra hua hoon. pichle 3-4 din se logon ke liye bed intezaam karne ki koshish kar rha hoon. icu bed, ventilators, remdisivir, kahin nhi mil rhe . bura haal hai logon ka aaj log darre hue hain dilli mai khud darra hua hoon. mujhe yeh nhi pta mujhe corona ho jaye, mere parivar walo ko ho jae. aaj mere bhai ko bhi corona ho gya. mujhe yeh nhi pta usko icu bed aur ventilator milega nhi milega agar zarurat padhi toh. yeh mulboot sawal hum address nhi kar rhe hain. please aap dilli ki janta ka zarra dard samajhiye. mai logon ka rona aata hai . log phone karte hain itni ashao ki nigah se hume phone karte hain. hum madad nhi kar pate. jahan tak politics ki baat hai dekhiye do janne jinhone meri bohot madad kari. ek atish ji AAP party ki , ek dilip pandey ji dono ne bohot madad ki. mai aapko TV par keh rha hoon . aur ek aadmi jisne bilkul madad nhi ki raghav chadha . TV par aa kar bohot bayaan dete hain lekin ek phone nhi uthate kisi madad nhi karte . wahin aatishi ji, dilip pandey ji mai dono ko salam karta hoon ki bohot madad ki. aise log hone chahiye . bohot congressiyo ne madad ki lekin raghav chadha jaise log nhi hone chahiye jo phone tak nhi uthate . 3-3 baari phone nhi uthate, sms karo toh jawab nhi aata. kis liye hum phone karte hain unko, logon ki madad ke liye toh dekhiye dil mai jasba rkhiye. mujhe kejriwal ji se yeh dikkat hai, woh TV par aa kar bhashan toh bohot dete hain, hum milke corona haraenge. kya ram bharose haraenge. 5000 bed ki baat karte hain, ICU bed ka kya hua. koi jawab nhi dete. kya hum aise hi kaam karenge agle teen mahine? ",0
38:23 ,(anchor), chaliye mudit ji. ,0
38:23 ,(speaker 1)," kamal hai aman ji. yeh sawal nhi puchne chahiye sarkar se. marr rhe hain log, pareshan ho rhe hain log. ",0
38:24 ,(anchor)," darr ka mahaul hai, beds nhi hai, oxygen nhi hai, ventilators nhi hai, medicines nhi hai, yeh saare sawal  ",0
38:33 ,(speaker 1), yeh saari sachai hai. ,0
38:33 ,(anchor)," nhi lekin mudit ji, kam se kam jo faisle liye gye hain ussi darr ko khatam karne ke liye, open market mai bikengi toh fayeda hoga. rajyo ko zyada vaccine toh fayda. 18 saal se toh vaacine toh kam se kam yeh faisle jo hain wo mai uss policy par baat kar rhe tha. wo policy kam se kam. ",0
38:51 ,(speaker 1), nhi nhi aman ji aap gumrah kar rhe hain. ,0
38:51 ,(anchor), aap log kehte hai ki policy mai khot hai. pravakta aa kar bas khot nhi bta pate hain bas mai wo bta rha tha. ek minute kuldeep ji aap boliye aur fir uske baad aprajiita sarangi mai aapke pass aata hoon. boliye boliye kuldeep ji aap boliye.,1
39:01 ,(speaker 1)," aman ji aman ji, ek last time agar mai political baat karunga toh mai AAP ki tareef nhi karta. ",0
39:10 ,(anchor), sir iss samay jab jaan par ban aayi hai na toh party line se upar uthkar bohot log madad kar rhe hain. accha kuldeep ji abhi hai nhi. aprajita sarangi aap boliye aur uske baad sanjay ji mai aapke pass aunga. TMC se bhi mere sath hai. yeh jo aap keh rhe hain ki 18 saal se upar ko lagegi yeh itni vaccines aayengi kahan se? waise hi supply limited hai. kahan se aayengi yeh itni vaccines.,0
39:34 ,(speaker 2), mai aap sabko vishwas dilana chahti hoon ki kendra sarkar ki taraf se har sambhav prayas kiye gye hain aur kiye jaa rhe hain. ,0
39:44 ,(speaker 1), yeh sab baatein hai. figures layiye figures. ,0
39:44 ,(speaker 2), vaccine ki uplabdhta. ,0
39:48 ,(speaker 1)," aman ji galat baat, aman ji figures puchiye. ",0
39:49 ,(speaker 2), aap meri baat sunne. 3 hazar crore pune based ke jo serum institute hai usko diya gya. release kar diya gya hai kariban 1500 crore bharat biotech ko diya gya  aur aap sab jaante hai sputnik-V ke vishay mai. wahan se bhi hmara wo bhi vaccine aa rha hai. vaccine ki koi abhav nhi hoga mai vishwas ke saath kehti hoon pratham dwitiye baad hoti hai oxygen ki. aap sab jante hai. 50 hzar metric tonne ayaat kiya gya . dusra mai keh doon oxygen express trains ki shuruwat. ,0
40:27 ,(speaker 3)," jo yeh fund dene ki baat kar rhe hain, inko ab jaa kar yaad aaya ki fund diya hai unn companiyon ko. tabse fund kyun nhi diya tha in logon ko. ",0
40:35 ,(anchor), aprajita ji aapko pta hai na mumbai mai vaccine out of stock hai. mumbai mai kahi jagah vaccine out of stock hai yeh wada aapne pehle bhi kiya tha. vaccine ki kammi hai. ,0
40:45 ,(speaker 2), toh mujhe lagta hai ki har disha mai karya chal rha hai aur PM. ,0
40:51 ,(anchor), kuldeep ji aap boliye. uske baad sanjay aap mujhe wind up karna hai. samay kamm hai. kuldeep ji pehle aap boliye.,0
40:58 ,(speaker 3)," mujhe keval itna kehna hai ki yeh jo fund ki baat kar rhi hai abhi BJP ki pravakta ji. inse puchna ki inhone fund abhi tak late kyun kiya. inhone abhi tak fund kyun nhi diya. dusri baat yeh ki logon ko free vaccine kyun nhi diya jaa sakta hai. inhone jo rajya sarkar ke upar chod diya hai. rajya sarkar ka pehle GST ka paisa hi inhone nhi diya, rajya sarkar itna paisa kahan se lekar aayenge? ki wo jaakar companiyon se khareede vaccine ko. inn logon , yeh kendra sarkar jab kaha tha ki free mai vaccine denge toh vaccine inhone kyun nhi de rhe hain free mai yeh log.",0
41:31 ,(anchor), pehle adhikar mang rhe the ab adhikar de diya hai toh paiso ka rona matlab.,0
41:37 ,(speaker 2), virodh karna hai isliye virodh kar rhe hain. koi mudda hi nhi hai adarniya PM modiji ke,0
41:43 ,(anchor), chaliye sanjay ji aap boliye mujhe wind up karna hai last 30 seconds mai aapko time de rha hoon. mamta bannerjee ki party TMC se hain. sanjay ji.,0
41:48 ,(speaker 4)," aman ji mai kehna chahta hoon corona ke karan sarre desh mai aur sarre duniya mai chinta ki lakire hai. desh yeh lagbhag jo . aur aise mai kendra sarkar ko chahiye ki wo jald se jald aise kadam uthaye jo kadam yatharth par theek ho. logon ko kendra sarkar ko yeyh bhi chahiye. aur abhi kendra sarkar ki wahwahi ki toh mai zyada baat nhi karunga  lekin ek central minister ko apne bhai ke liye bed mangne par mangne ke liye tweet karna padhta hai . yeh position humne noida mai dekhi hai aur aise bohot se example hai jo desh wasiyon ko chinta karte hai . desh wasiyon ko chintit hone ke liye majboor karte hain. aaj tak jo hua so hua lekin kendra sarkar ko chahiye ab iss mamle mai puri kothai barte aur puri savdhani ke saath yatharth ke dhara chal par corona rokne ke liye jo kadam uthaye gaye hain. unko rakhein aur taaki desh wasi chinta muqt ho. saare desh mai maharashtra, MP, Gujrat, UP. oxygen ka tanker aaya aur BJP ke neta log uss tanker ko phul wagareh se sajane mai lag gye aur 15 logon ki maut ho gyi. BJP netaon ko iss cheez se bhi baaz aana chahiye. yeh samay sabko ek hokar corona ko bhagane ka samay hai . yeh samay desh wasiyon ke maathe par jo chinta aa gyi hai usko dur karne ka samay hai aur hum sab milkar aisa kar sakte hain aur mai chahunga.",0
43:17 ,(anchor)," sanjay ji mai bhi isliye keh rha tha. ladai na rajyo ki hai, yeh ladai rajyo ki nhi na kendra ki yeh hum sabki ladai hai. hum toh team india ki tarah ladne ki baat kar rhe hain. shukriya sanjay ji aapka, mudit agrawal aapka, aprajita aapka, aur kuldeep ji aapka bhi bohot bohot shukriya. taal thok ke dekh rhe hain aap aur aapko bta de india mai active cases jo hai 2 million ko paar kar gye hain. 2 million matlab 20  lakh active cases hai india mai. yeh america ke baad sabse zyada kahin numbers kahin hai wo india mai active cases ke hain. 2 million, 20 lakh.",0
