timeStamp,speaker,text,label
21:57 ,(SPEAKER 1)," aap bol rhe the maine ek shabd nhi bola, maine apki saari baatein suni aap baar baar mujhe refer kar rhe the isliye .",0
22:01 ,(ANCHOR), supriya ji apni please baat boliye.,0
22:02 ,(ANCHOR)," arre rajeev bhai, ek second ruk jaiye na. ",0
22:09 ,(SPEAKER 1)," inke pairo talle se zameen khisak chuki hai. 55 seete jeetna 71 seeto mai se pehle round mai aur inko pta hai ki wo second aur third round mai hone wala hai. aap 3 saal purani baat kyun yaad kar rhe hai. aapka toh itna bda sushasan tha. apne toh bihar ko world map par laa diya. aapko toh apne kaam par toh vote mangna chahiye.Aap jo bolenge mai bataungi. bhai aap chup rhi ye. kya takleef hai aapko. mai baat hi nhi karungi, mai kisi ke beech mai bolti hi nhi. koi mere beech mai bolega mai baat nhi karungi. ",0
22:43 ,(ANCHOR)," Dekhiye rajeev ji, samrit jee bhi bolna chah rhe hai lekin hath utha rhe hain bol nhi rhe hai. rajeev ji, rajeev ji pehle ek minute baat puri krne dijiye. supriya ji, chaliye baat puri kijiye apni please.",0
22:53 ,(SPEAKER 1), Yeh galat baat hai.,0
22:53 ,(ANCHOR)," Arre supriya ji, baat puri kijiye.",0
22:56 ,(SPEAKER 1), iss tarah se mat kijiye rajeev ji debate. debate krne aaye hai toh hath udhakar baat kriye apne turn ka wait kriye. yeh kaunsa tareeka hota hai debate krne ka? ,0
23:02 ,(ANCHOR), arre supriya ji aap boliye.,0
23:05 ,(SPEAKER 1), aap mujhe yeh btaiye kuposhand mai bihar number 1 par kyun hai?,0
23:08 ,(ANCHOR), Arre.,0
23:12 ,(SPEAKER 2), kaafi acche tareeke se aapko saaf kiya. aapne vajpayee jee ke bayan ko bhi sunn liya.,0
23:15 ,(ANCHOR)," Bhaiya rajeev ji, ruk jaiya na ek minute. hum aayenge aapke pass aayenge dobara. supriya ji ko apni baat bolne dijiye please.",0
23:22 ,(SPEAKER 1)," Mai mai jdu ki bokhlahat samajh sakti hoon. per ke taale zameen khisak gyi toh kya kar lenge bechare . nhi btaiye ki 46.6% unemployment bihar mai kyun hai? har dusra waqti bihar ka unemployed kyun hai? nhi btayenge ki bihar health mai niti aayog ke according second last hai list mai. nhi batyenge ki education ki list mai bihar khisakte khisakte last 3 mai aa chuka hai. nhi btayenge ki covid ke mismanagemnet ke chalte sabse zyada doctore ki deaths bihar mai huyi hai. nhi btayenge ki PM jo aaj motihari gye aur 6 saal pehle wada krke aaye the ki sugar mill chalegi. aap ke sath aake chay piyunga uske baare mai sannata hai. arre hathon ke tote aap jo uda rhe hain na, wo udhenge 10 november ko dekhiyega abhi aap kyunki bihar mai aapne 15 saal mai jo kiya wo btane ke layak bhi nhi hai. gandi sheli ka prayog kar rhe hain, kis kis tarah ki baat bol rhe hain. aap lalu yadav ke khilaf ya unke parivaar ke khilaf ya unki ladkiyon ke khilaf  kar rhe hain. aur ab aap yuvraj ki baatein kar rhe hain. jungleraaj ka world bolte samay modi ji ka haath kampne chale the. UP se zyada jungleraaj aur kahin nhi hai. mai bhar mai hoon iss samay aur UP ki beti hoon lekin mai aaj bhi aapko bta doon ki UP ke jaisa jungle raaj kahin nhi hai aur wo bihar mai aake bol rhe hain ki yahan pe jungleraaj krne wale hai ladke. yeh ladke aapke pero ke talle se zameen khiskane wala hai aur aapko kkhabar tak nhi padegi.",0
24:45 ,(ANCHOR)," wo toh 10 november ko hi pta chalega supriya ji. samrit ji aa rhe hain ek minute rukiyega. arvind ji ka ek reaction lenge. arvind ji, arvind ji chirag paswaan bihari first ki baat krte hain lekin kahin aise na ho arvind ji ki 1000000 naukri jo tejasvi ne bihar ke yuvaon ko 1000000 naukri wada kar diya hai. chirag paswaan aur aapki party piche reh jaaye.",0
25:14 ,(SPEAKER 3)," dekhiye ansari ji, aisa hai ki yeh toh sabko dikh rha hai, ki jo janta aa rhi hai rally mai toh wo aa rhi hai chirag paswan ko aur tejasvi babu ke. toh yeh janta kyun aa rhi hai? janta ko dikh rha hai aur hme toh yeh baat samjh nhi aa rhi ki PM kyun itna paseena baha rhe hain? unki party ka toh koi mukhyamantri banne nhi jaa rha. nitish babu jo corruption mai involved hai. jo 7 nishay thok ke karte hain, inke ilava inke pass aur kya hai. aur jo income tax ki raid padhi hai wo thekedar 7 nischay karam ka hi haiaur kahin ka nhi hai. toh yeh taar kahan tak pohonchenge, jail jaane ki taiyaari kar le number 1\. number 2, ek baat btaiye ansari ji, yeh 15 saal piche kyun chale jaate hain? nhi 15 saal piche kyun jaa rhe hain. 5 saal ki baat kriye na , wo nhi karenge aur jo sbse phasadi hai jungleraaj. usse comparison karenge. bhai class mai jo number 1 bacha hota hai usse compete krte hain ya sabse aakhri wale se. kyu nhi haryana se karte, kyun nhi gujrat se kartre aur rajiv ranjan ji ne theek kha. yeh keh rhe hain ki hum toh kar hi nhi paaye kuch kyunki congress ne krne nhi diya , for bjp ne krne nhi diya aur yeh hi cheez PM kehte hai ki bhai kaam toh hua hi nhi.",0
26:31 ,(ANCHOR), Theek hai ab hum rajeev ranjan se baat krte hai.,0
31:49 ,(ANCHOR)," dusre charan ke liye 3 tareekh ko matdaan bihar mai aaj chunav prachar aaj khatam ho chuka hai. PM modi ne 4 ralliyan ki hai. Lalu ke jungleraaj par nishana saadha hai. Rajeev ranjan ji, rajeev ji, 1000000 naukri, tejavi ka yeh wada aur upar se yeh ki ab wo yeh bhi kehte hai ki aap baat krte hai ki yeh led ka yug hai, yeh deer ka yug hai, yeh missile ka yug hai, lantern ka yug samapt ho gya hai. aaj bihar ke mazdur hai, usse aap nhi rok paye. uske liye karkhane , industry nhi lga paye hain. rozgar aap bihar ke yuva ko nhi de paye hain toh kahin yeh ulta na baith jaye rajeev ji yeh iss baar. ",1
32:35 ,(SPEAKER 2), aap mujhe kitna samay dete hai jisko uninterrupted mai jawab de sakun? dekhiye pehli baat toh yeh jo bihar mai pallayan hai uski wajah lalu yadav aur congress hai.  ,0
32:51 ,(ANCHOR)," 15 saal se kaise ho gye lalu yadav aur congress. supriya ji ek second please, supriya ji, supriya ji . ",0
33:06 ,(SPEAKER 2), Aap ek baar archive mai jaakar dekhiye jo samay inko diya wo dekhiye ,0
33:07 ,(ANCHOR)," Arre koi baat nhi boliye boliye rajeev ji please baat boliye. bas mai keval itni baat kehna chahta hoon ki bihar mai skill mapping ki jagah ke zareeye 19000000 logon ko suchi band kiya jaa chuka hai. bihar mai jo agriculture road map ka jo 3 heesa jo chal rha hai. 3rd agriculture road map, uske saath hi har khet ko pani aur paise paise prati unit bijli ka matlab keval krishi shetr ki kranti nhi hai. bihar mai pehle se hi banko se loan lena aur uski wajah se yeh suicides yeh bihar mai nhi hoti. kisan bhookh se nhi marte, yeh congress ki sarkaro mai hota hai. aur iske baad ab jo krishi aaghar udyogo  ki puri taiyaari hai wo prisht bhumi taiyaar ho chuki hai. jo biyaga hai, industrial area development committee. usse 68 aise industrial area ko yeh mark kiya hai. aur hum logon ke pass investment promotion council ke zariye 1100 se zyada proposal aaye. ab yeh investment promotion council aur iss taraf PM ji ne apne package mai makhana aur sarsad aapke chawal ko lekar ke aur litchi ko lekar ke kahi baatein kahi gyi jinke food processing ko lekar ke bihar mai 1 badi kranti ki muhane par bihar khada hai. aaj sanrachna taiyaar hai. sadke, law and order aur jo bijli iski uplabdta bihar mai paryapt hai. abhi iske baad divesho ka bharosa bihar par jamne lga hai toh bihar ko kabhi bhi industry ke liye ek acchi jagah nhi mante the, surakshit jagah nhi mante the toh unka bharosa jamne lga hai.",1
34:49 ,(ANCHOR)," Rajeev ji, nitish ji ko gussa kyun aa rha hai iss par khub. ",0
34:52 ,(SPEAKER 2), wo isliye pramanik hai ki nitish kumar ji ko jab bhi jo kha wo karke dikhaya. janta ko uss road map par yakin hai dusri taraf jharkhand mai naukri dene ka wada krke inki sarkar 9 mahine mai naukri diya inhone. ,0
35:12 ,(SPEAKER 2), Government ki naukri se lekar tamam naukri mai zameen likhwane ke aarop lge hain. paise lene ke aarop lge aur 15. ,0
35:29 ,(SPEAKER 2), aur pallayan ki sabha mai nhi aati yeh antim sawal hai mera. ,0
35:35 ,(SPEAKER 1)," arre chodiye baat bnana. chup kriye aap. abadi, abadi hmare sath khadi hai aur sharm se sharma chuki hai. sach baat toh yeh hai. rajeev ranjan ji se sirf ek baar puchiye.",0
35:47 ,(SPEAKER 3), 15 saalo tak bihar ko barbadi ki kagar par laane wale log bihar ki janta se maafi mang rhe hain.,0
35:52 ,(SPEAKER 1), 15 saal baad yaad aaya hai industrial corridor bnana? 15 saal tak kya soh rhe the.,0
36:04 ,(SPEAKER 2), kabhi maharashtra ke covid prabandhak par bhi roshni daaliye. supriya ji covid (COMMOTION BREAKS),0
36:33 ,(SPEAKER 1), apna muh band rkhiye kyunki aankhon par kalank lagne wala hai. aap aankhon ko pati apni kholiye. aisa kalank lgaegi bihar ki janta jisko aapne nange per chalwaya hai. ek ek kadam ka hisaab legi aapse. ek 125000 crore ki ek ek pai ka hisaab dene ke liye taiyaar ho jaiye. ,0
36:55 ,(SPEAKER 4), saeed bhai kya mai thodi der aa sakta hoon ya aapne mujhe aise hi invite kiya hua hai. ,0
36:57 ,(ANCHOR), samrit ji aa sakte hain ab aap.  ,0
37:02 ,(SPEAKER 4), nhi nhi mai isme ladna nhi chahta. wo aap agar samay de sakte hai toh btaiye mai bolna chahunga. galat baat hai yeh saeed ji. ,0
37:12 ,(ANCHOR)," mritunjay ji, yeh btaiye ki 10 lakh naukri ka wada jo tejaswi yadav kehte hai. ",0
37:18 ,(SPEAKER 4)," saeed ji, mai bohot der se saeed ji, saeed ji aapko lagta hai ki bjp ko debate mai nhi lana chahiye toh aapko bolna chahiye ki aap debate mai bjp ko nhi lana chahte. ",0
37:29 ,(ANCHOR)," mritunjay ji, aapko yeh lagta hai ki tark sampradhay aur bihar ke log , bihar ki jo janta hai. bihar ka jo yuva hai wo iss baat par vishwas krega toh kyun krega? ",0
37:38 ,(SPEAKER 3),"Dekhiye bihar ki janta aur bihar ka naujawan sab samajh rha hai. wo utna samajhdar hai jo tejaswi yadav ji ne berozgari dur krne ki baat ki hai. aaj chunav ke samay nhi kiya hai. ek saal purvi unhone kha tha ki berozgari htao yatra par wo nikle the. aaj berozgari mai bihar number 1 kyun hai yeh PM ji btate hi nhi hai. bihar mai jis tarah naujavan pareshan hai. bhukhmari hai, badhali hai. baal ki samasya hai. factory nhi lage, iss par toh aakhir bolna padega PM ji ko. yeh double engine mai jo trouble hai . ",0
38:17 ,(ANCHOR), samrit ji aapko lagta hai ki 15 saal kaam mai aur waqt chahiye yeh sab jo mritunjay ji aap par aarop kga rhe hain? usse dur krne ke liye kitna samay aur chahiye samrit ji? ,1
38:27 ,(SPEAKER 3),"bjp wale sirf lalu prasad ji, tejaswi yadav ji par. ",0
38:30 ,(SPEAKER 4)," Dekhiye mai 30 minutes se shanti se sunn rha hoon. agar mujhe shanti se sunn liya jaega maine kisi ke beech mai chilaya nhi. shanti se sunn lijie. dekhiye abhi yahan kuch bate ki gyi shiksha ki, employment ke kuch aakde rakhta hoon. janta aakdon se sarokar rkhti hai. yahan kaha gya hai ki shiksha ke star mai koi sudhar nhi aaya. mai chota sa vishay rkhta hoon school pramanikta hoti hai shiksha ki. ",0
38:52 ,(ANCHOR), Ji ,0
38:52 ,(SPEAKER 4)," 1990-2005 ke beech mai aapko jaankar aashcharya hoga ki bihar mai keval 1505 school building thi. 2005-2020 15603 school building bni. additional classroom 2060 the matr. 15 saalo mai, 25 saalon mai lalu prasad aur congress ke raaj mai. wahan se badhkar 277500 building bni. 334093 teacher's ki nyukti hui. engineering college 1990-2005 ke beech mai ek bhi nhi thi. jo 2005-2020 badhkar 39 engineering colleges bne. har zile mai ek engineering college. polytechnic college 1990-2005 ke beech mai matr 5 polytechnic college thi jo badhkar nitish ji ke samay mai 31 polytechnic college hua. yeh shiksha ka star hai . dusra vishay yahan par kaha gya ki 2 acche ladke ,usse mujhe yaad aa gya. 2 ladkon se UP mai bhi aise hi debate hota tha saeed bhai. aap hum par shanka krte the ki acche ladke jeet jayenge. ",0
39:51 ,(ANCHOR), (smiles and laughs) ,0
39:49 ,(SPEAKER 4)," un acche ladko ke baare mai PM ne kaha kala jacket daalke 2 acche ladke cycle mai chal rhe the fir kya hua? aaj dono acche ladke jaani dushman bane hue hai. yeh bhi toh jo acche ladke bihar mai utre hue hai. intezaar kriye, thode dino baad yeh bhi jaani dushman ban jayenge aur btaiye aaj se theek ek varsh pehle, 2019 chunav hua tha. 39 out of 40 seats issi janta ne, aap keh rhe hain jungleraaj ki hum baat pehli baar kar rhe hain. lok sabha ke chunav mai bhi humne jungleraaj ki baat ki thi. 29 out of 40 seats milli thi. ",0
40:23 ,(ANCHOR), Ji. ,0
40:23 ,(SPEAKER 4), aur ant mai bilkul mai aapse sehmat hoon ki bihar ko aur zyada develop hona chahiye. ,0
40:27 ,(ANCHOR), Bohot acchi baat. ,0
40:27 ,(SPEAKER 4), 1 lakh prati vyakti aay hona chahiye tha mahine ka magar magar aap btaiye ghada chodkar 15 varsho mai jo gye hain. 500 feet ka ghada kiya hai usko meeti mai bharenge fir humne building bnana shuru kra hai.toh thoda waqt lagta hai. yeh vyavarikhta hai. ,0
40:43 ,(ANCHOR)," theek hai rajeev ji, arre suprya ji ek second.arre kamal kar rhi hai aap time hi note krte rhiyega aap. itni der se kaun bol rha tha supriya ji. chaliye humne iss behes mai nhi padenge kitni baar aaya ya nhi aaya. mritunjan ji, kam se kam samrit ji ne aakde rkhe hain. aage badhne se pehle samrit ji hum 2 aakde aapko bta de. 2 aakde jo aapne btae the. mere pass bhi aakde bohot saare hai. ",0
41:11 ,(SPEAKER 3), yeh inhone jhuta aakda rkha hai. yeh bilkul galat hai. ,0
41:15 ,(ANCHOR), kya galat hai btaiye? ,0
41:15 ,(SPEAKER 4), aaj tak ka opinion pole jhoota tha ya sacha tha yeh toh bta dijiye. ,0
41:35 ,(ANCHOR)," accha supriya ji, yeh btaiye agar lagatar bihar ki stithi kharab ho rhi hai toh aapka asar, congress ka asar kyun nhi hota? ",0
41:47 ,(SPEAKER 1)," Arre bhai aap mujhe baat btaiye 30 ghotale toh modiji ginwa rhe the thode samay pehle tak. ab toh 60 ghtale ho gye. modiji ne toh dna par sawal utha diya tha PR ke . ab wo kehte hai ki yeh shatru hain, yeh shatru hain. toh mujhe inn sab bato mai mat daaliye. mai kavya rkhna chahti hoon, uska jawab chahti hoon. bihar ka jo kisan hai wo 3000 rupay prati acre kmata hai. punjab ka kisan 12000 prati acre kmata hai. kyun itna fasla hai?  ",0
42:19 ,(ANCHOR)," Bihar ka kisan, bihar ka yuva aap par vishwas karta hai, bharosa supriya ji kyun nhi kar rha hai. ",1
42:26 ,(SPEAKER 1)," 82% mandiya band hui hai aur aap dekhiyega, bihar ka yuva bihar ka mazdoor aur bihar ka kisan 10 tareekh ko kya haal karta hai iss sarkar ka. ",0
42:37 ,(SPEAKER 2), dekhiye aapke byano mai aapka khud aapka aatm vishwas bhi chukta hua dikh rha hai.supriya ji aap deewaro par likhi baatein padh rhi hai. congress ka ptta gol ho chuka hai bihar mai. aur kahin na kahin tejaswi yadav ke liye pareshani adheen.,0
42:59 ,(SPEAKER 1), aapne toh chand taare tod ke le aaye hain maangiye vote uss par. woh mangne ke liye aapka muh nhi khulta. ,0
43:05 ,(SPEAKER 2), parinam btayenge supriya ji bihar ki. ,0
43:15 ,(ANCHOR)," rajeev ji, chirag paswan kyun naraz ho gye aapse? chirag paswan saaf kehte hain ki agar fir se sarkar bni nitish ji ki mantri bne toh mai sath mai bilkul nhi rhunga. kya ho gya hai? ",0
43:26 ,(SPEAKER 2), ab sawaal hai bihar ko janege vajpayee ji ke zariye toh unka kya haal hoga. ,0
43:31 ,(ANCHOR)," Rajeev ji, vajpayee ji kya ho gya arvind ji? vajpayee ji esa kya ho gya nitish kumar itne bure lagne lge? chirag paswan ko aur aap ko? ",0
43:58 ,(SPEAKER 3)," yeh jo bachon ki degree hoti hai graduation ki vo kitne saal mai hoti hai. btaiye na, puchiye na inse sawaal. abhi pta chal jaega education par bol rhe the bda bhari. literacy rate kya hai? 6 saal mai degree hoti hai. exam nhi hote. 3 saal ke course 6 saal wait kriye. hai koi jawaab inke pass. ",0
44:13 ,(ANCHOR)," accha nitish kumar se kyun itne pareshan hain. chirag kyun dukhi hai nitish se? arre bhai unke corruption se dhuki hai, unke development jo claim kar rhe hain wo 0 bta 0 hai. ",0
44:29 ,(ANCHOR), modi se dukhi nhi hai. narendra modi ke hanuman hai. arvind ji yeh kaise ho sakta hai? arvind ji nitish kumar se chirag paswan dukhi hai. nitish kumar ko bilkul mukhyamantri nhi dekhna chahte lekin narendra modi ke hanuman hai wo. wo narendra modi unke sri ram hai. aisa kaise?arvind ji agar nitish kumar ko mukhyamantri bilkul nhi dekhna chahte chirag toh narendra modi sri ram kaise ho gye unke?  ,1
45:07 ,(SPEAKER 2)," bilkul nhi, bilkul nhi, bilkul nhi unke corruption ki wajah se , unke arrogance ki wajah, unki vinashkari neetiyon ki wajah se, unke 7 ghotalon ki wajah se, unke education policy jo fail ho gyi uski wajah se. iss wajah se mukhyamantri nhi dekhna chahte. ",0
45:30 ,(ANCHOR)," samrit ji, jaldi se aaiye khatam kijie.",0
45:39 ,(SPEAKER 4)," thoda hanuman ji mujhe bolne denge toh mai bolna chahunga dekhiye. mai zara hanuman ji ka, ae prabhu mujhe hanuman ji ka jawab dene dijiye. dekhiye mai itna kehna chahta hoon aaj se 1 varsh pehle. arre suniye suniye sir mai toh aapko bol hi rha hoon. arre arre arre . ",0
46:04 ,(ANCHOR)," samrit ji, aap hi ke sahyogi chirag paswan rhe. chaliye chunav mai aap alag. agar aap hi ke sahyogi aapse dusre sahyogi se itna zyada naraz ho jate hain toh kya bjp ne janne ki koshish ki kya samasya kya hai, pareshani kya hai?",0
46:25 ,(SPEAKER 4)," nhi mai jawab deta hoon , mai jawab de rha hoon.",0
46:27 ,(ANCHOR), ya aapne hi khada kra aap hi ne b team bilkul bjp ka khel.,0
46:30 ,(SPEAKER 4)," Vajpayee ji, suniye, mai jawab de rha hoon please sunn lijiye. yahi arvind vajpayee ji aur yehi ljp ek saal pehle 2019 mai nitish ji ke kaside padhne se nhi thaki thib. yeh hi sath mai chunav ladi thi toh ek saal mai aisa kya ho gya jo nitish ji itne kharab ho gya ek saal pehle tak toh chunav saath hi mai lde the. toh ek saal mai kaise ho gya. yeh sab hmari koi b,a koi team nhi hai. hmari team mai 4 sadasya hai. uske vishay mai modi ji ne bta diya tha. aaj pehli baar agar, hanuman ji mai, hanuman ji, 10 second, hanuman ji 10 second chahiye.",0
47:24 ,(ANCHOR), bohot dhanyawaad aap sbhi ka iss charcha mai judne ke liye. 3 tareekh ko dusra charan ka matdan hai. 94 seeton ke liye chunav prachar aaj ho chuka hai.,0
