timeStamp,speaker,text,label
00:01 ,(SPEAKER 1), aisi statement bana di matlab ke loot aur aagjani aur dangai mansikta ko itna ujagar kar diya kitna dare huye musalman hai bhai sahab aur aap kehte hai itne dare huye aur aap tv pe is chiz ko bayan karte hai ke inke upar kanoon kyu lagu kar diya desh ka samvidhan kyu lagu kar diya aap bhi bahut dare huye musalman lag rahe hai mujhe aaye din aap jaise log gaali galoch dete hai aaj ghulam nabi azad ne bhi keh diya ki humne jo bhi aap ke upar tipani kari aapne kabhi dil se lagayi aur yeh baat satya hai kahan dil se lagayi kitne dare huye musalman hai aap sab kyu kitne dare huye aap kya aap chahte hai ib ke afsar ko jaan se maar diya jaye uske upar koi case na ho desh ke vibhajan ki baat ho tikade karne hi baat ho uske upar koi case na ho bhaiya desh ke andar aagjani felayi jaye jab america amreci president rashtrapati yahan pe ho uske upar koi case na ho bas kanoon hum pe lagu na ho  ,0
00:49 ,(ANCHOR), mereko hairangi hai mai mai rashtrawadi musalman desh bhakht musalmano ki baat kar raha hun aur inhone mujhe inko chaar paanch musalman nazar aaye inko sharjeel imam jisne bharat ke chikane katne ki dhamki di woh nazar aaya tukde tukde gang wala umar khalid inko nazar aaya inko munawar farooqi nazar aaya jisne mata sita ka apman kiya jab yeh ulta hota toh kamlesh tiwari ho jaata hai aur inko ye jayaz lagta hai jo munawar farooqi ne kiya hai khan sahab suniye jo munawar farooqi ne kiya ulta hota hai na toh kamlesh tiwari ho jaata hai sharlie aebdo ho jaata hai aap log munawar farooqi ki bachate hai pata hai kya kiya tha munawar farooqi ne mata sita ko apman aur prabhu ram ko lekar gaali di thi us saksh ne aur high court ne kaha this man should not be spared chodiye sir aapke ideal hai unko pujiye aap aap aap umar khalid ke bhakht hai aap sharjeel imam ke bhakht hai chodiye  ,1
01:39 ,(SPEAKER 2), woh musalman hai  ,0
01:39 ,(SPEAKER 1), arre interim protection di hai  ,0
01:40 ,(SPEAKER 2), kyunki woh musalman hai  ,0
01:41 ,(SPEAKER 1), arre interim protection di hai  ,0
01:43 ,(ANCHOR), acha kyunki woh musalman hai  ,0
01:46 ,(SPEAKER 1), padh ke aaiye  ,0
01:47 ,(SPEAKER 2), bjp ne kitne musalmano ko ticket di  ,0
01:49 ,(SPEAKER 1), padh ke aaya kijiye bhai sahab arre conditional mail hai vo bhi interim protection hai ,0
01:50 ,(SPEAKER 2), bjp ne kitne musalmano ko lok sabha ticket di sunai de raha nupur ji sawaal sunai nahi de raha nupur ji dobara pucho dobara pucho aapke modi ji ne kitne musalmano ko lok sabha ticket di  ,0
02:03 ,(ANCHOR), sir khan sahab dharam dekh ke thodi na chhod denge apraadh apraadh hota hai sir chodiye na yahan apeasment thodi na chal rahi hai apraadh kiya apraadh kiya hai. kyonki vo musalman hai to chhod thodi na denge apraadhi ka dharam thodi na hota hai sangeet ragi sangeet ragi uske baad rehmani sahab aapke paas aaunga aur atik ur rehman main aapke paas aaunga sangeet ragi main aap ke paas aa raha hun inhone ne mujhe dus naam chaar naam ginaye inki nazar mein yeh rashtrawadi musalman hai yeh toh musalmano ko gaali de rahe hai baith kar yeh keh rahe hai ki rashtrawadi musalman haaye dekho kya hua munawar farooqi ke saath haaye umar khalid ke saath kya hua haaye sharjeel imam ke saath kya hua arre jo desh ko todne ki baat karne ki baat karega dharam dekh kar thodi na chod denge jo sharjeel imam kehega bharat ki chicken neck kaat denge kyunki woh musalman hai toh chhod de unko sangeet ragi  ,1
02:48 ,(SPEAKER 3), aman ji aman ji aaj bahut mahetavpooran din hai mujhe yaad nahi aata hai bharat ke sansadiye loktantra mein ki ek pradhanmantri vipaksh ke neta ke liye uski vidaai samaroh mein aasu tapka raha ho aur veh bhi hirday se ro raha ho aur dusra bhi azad ji ki taraf se bhi bharat ke liye is prakar ki marmik baatein kahi jaa rahi ho yeh aaj ka din adhbhut sanjog hai aur yahi humare bharat ke loktantra ki takat hai yahi humara liye gaurvanit karne wala sathpiye toh azad ji ka yeh kehna yeh toh dar ki dukaan par ek bahut tamacha hai vaise toh is dar ki dukaan ki hawa aapne nikaal di thi jab hamid ansari ko aapne pure duniya ke saamne lagbag nanga kar diya tha nanga jab main shabad ka prayog kar raha hun toh bodhik tar par astar par keh raha hun bodhut tor par unko unki saari kalayi kol di thi ki bharat ke itne sirsahat samvadnik pad par rehne wale vakhyti bhi apne aap ke pehle musalman ki drishti se hi samajhta hai aur jo ek vimarsh is desh mein chalaya jaa raha tha ki musalman pairit the musalman pairit hai congress party ne jo ek dar dikha karke rakha tha aur is narrative par musalmano ko vote bank ke roop mein ek badu bandua pashu ki tarah use kar raha tha janwaro se bhi batar use unke ke ho rahe the uski saari kalai khol karke aapne rakh di thi us interview mein aur aaj lagabag azad ji ne hamid ansari ke gaal par ek bahut bada tamacha mara hai apne hi party ke adhyaksh ko tamacha mara hai aur un saaro logo ke chehre par woh tamacha hai jo baar baar yeh ek narrative pesh karne ki koshish kar rahe the ki bharat ke andar musalmano ki halat bahut kharab hai sach toh yeh hai ki jahan par shariyat hai jahan par islam majority mei hai wahan par musalman sabse zyaada dukhi hai aur iske kaaran kahi aur nahi hai kyunki hinsa pratihinsa aakramkta islam ke charitra ka hissa hai isliye aap dekhenge ki duniya ke jitne islamic countries hai saare jagah islamic terrorist organisation paida hai aur islamic terrorism se pachasi partishat jo hathyein huyi hai woh bhi jo hai woh bhi muslim logo ka hi hua hai ache musalman nahi hone ke kaaran kaate jaate hai  ,0
05:34 ,(ANCHOR), suniye ragi sahab yeh samajhaiye  ,0
05:36 ,(SPEAKER 3), aur aur  ,0
05:36 ,(ANCHOR), ragi sahab yeh samajhaiye  ,0
05:37 ,(SPEAKER 3), aur kuch log isliye kaate jaate hai ki woh musalman nahi hai lekin dono jagah yahi haal hai  ,0
05:43 ,(ANCHOR), aap aap yeh keh rahe hai hinduon ka  ,0
05:44 ,(SPEAKER 3), bharat ke andar sun lijiye bas dus second  ,0
05:46 ,(ANCHOR), aap hi boliyega main aap hi ke paas aa raha hun main samajh raha hun aapse aap hi bolenge  ,0
05:49 ,(SPEAKER 3), dus second  ,0
05:49 ,(ANCHOR), aap hi bolenge aap hi bolenge aap yeh mujhe samajha rahe hai hinduon ka bahusankyak hona secularism ki guarantee hai hinduon ka bahusankyak hona hi musalmano ke surakshit rehne ki guarantee hai hinduon ka bahusankyak secularism ki guarantee aap yeh keh rahe hai  ,0
06:08 ,(SPEAKER 3), yeh yeh yeh main main isliye aisa keh raha hun yahi sachayi bhi hai kyunki jis din is desh mein muslim bahusankyak ho jayenge us din is desh mein shariyat lagu karne ka aur sab par islam lagu karne ka dabav hoga isliye yeh desh ka secularism us din hi aur woh har jagah khatre mein hai jahan musalman bahusankyak hai yeh jaan lijiye  ,0
06:37 ,(ANCHOR), thik hai main atik ur rehman ke paas jaa raha hun aur taslim ahmed rehmani ke paas  ,0
06:41 ,(SPEAKER 3), chaalis partishat pachas partishat ho gaye toh is desh ka secularism usi din khatre mein am ho khatam jayega  ,0
06:46 ,(ANCHOR), pehle rehmani sahab  ,0
06:47 ,(SPEAKER 3), yeh desh secular hai kyunki yeh hindu bahusankyak desh hai  ,0
06:51 ,(ANCHOR), rehmani sahab  ,0
06:53 ,(SPEAKER 3), isme kisi ko doubt nahi hona chahiye  ,0
06:53 ,(ANCHOR), rehmani sahab musalmano ke liye puri duniya mein puri duniya mein musalmano ke liye sirf ek mulk jannat uska naam hindustan galat keh raha hun sahi keh raha hun  ,0
07:13 ,(SPEAKER 4), dekhiye aman ji maine do ghante ki yeh debate farewell wali puri suni hai aur jitna bhavaykar andaaz tha aaj debate ka wazir e azam ki takrim ki bahut zyaada taarif ki jaani chahiye yakini taur par aur ghulam nabi azad sahab ne bhi jo ghuftago ki woh bhi kaabile taarif hai aur humare mulk ka jo asal sakalo surat hai woh aaj hume rajyasabha mein dekhne ko mili hai mein yeh massos karta hun ki agar hum uspe debate kar rahe hai toh jo maryada jo itraab aur jo vykar humne rajyasabha ki aaj ki debate mein dekha hai agar hum usi ko barkarar rakhe toh yeh is desh ke liye desh ke liye zyaada acha hoga agar hum ise deviate karenge aur statistics pe chale jayenge ya individuals pe chale jayenge ya incidencies pe chale jayenge toh yakinan phir hum deviate kar jayenge mera maanana yeh hai humesha hamid ansari sahab ke mamle mein aapne debate ki thi maine tab bhi kaha tha ki musalman dara hua nahi hai aur ek baat ko humesha yaad rakhiye ki hindustani musalman ka lafaz istemaal kiya ghulam nabi azad sahab ne toh hindustani musalman ki baat kijiye baaki duniya ke musalman se usko compare karna bhi kisi surat mein uchit nahi hai  ,0
08:27 ,(ANCHOR), acha maine jo kaha tha woh usse aap agree karte hai  ,0
08:31 ,(SPEAKER 4), hindustan ka musalman hindustan mein paidha hua hai pala bada hai aur jitni  ,0
08:33 ,(ANCHOR), puri duniya mein musalmano ke liye jaanat hai hindustan haan ya naa  ,0
08:36 ,(SPEAKER 4), mere andar hai utni hi sangeet ragi mein hai mein aur sangeet ragi yahan baith ke ladh sakte hai  ,0
08:42 ,(ANCHOR), bharat se behtar mulk musalmano ke liye nahi hai puri duniya mein koi  ,0
08:44 ,(SPEAKER 4), sun lijiye pehle main aur sangeet ragi yahan baith ke yeh nahi yeh koi comparison nahi hai  ,0
08:50 ,(ANCHOR), nahi nahi comparison main kar raha hun chaliye main kar raha hun  ,0
08:52 ,(SPEAKER 4), maine aadhi se zyaada duniya dekhi hai aur  ,0
08:54 ,(ANCHOR), bharat se zyaada secular mulk bharat se zyaada behtar mulk puri duniya mein musalmano ke liye koi nahi hai main taal thok ke kehta hun aaj aap meri baat itefaq rakte hai jannat hai hundustan musalmano ke liye  ,1
09:07 ,(SPEAKER 4), jaise sangeet ragi ko aap jaise arre bhe aap aap pehle mujhe sun lijiye na  ,0
09:13 ,(ANCHOR), main sir do minute ka timer lagaunga aapka koi beech mein nahi bolega do minute ka timer lagaunga koi beech mein nahi bolega rehmani sirf sirf rehmani sahab bolenge lekin mere sawaal ka jawaab dekar aage badhiyega hindustan musalmano ke liye jannat hai mera hindustan humara hindustan bas yeh mera sawaal hai haan ya naa  ,0
09:34 ,(SPEAKER 4), dekhiye maine takriban maine takriban maine takriban saari duniya mein ghum ke muslim mulko mein khuspusan jaa ke aaya hun main aur haj ke liye bhi gaya hun aur murah ke liye bhi gaya hun chaalis din ka haj hota hai log jaate hai main bis din mein aa gaya tha mujhe saans aata hai apne desh mein aa ke sukun milta hai  ,0
09:54 ,(ANCHOR), bahut shaandar bahut shaandar ,1
09:53 ,(SPEAKER 4), main agar turkey jaata hun toh ankra mein jaa ke mujhe apne high commission mein baith ke sukun lagta hai ki mai ghar mein hun main agar kabhi pakistan gaya toh mujhe islamabad mein apne high commission ki daro deewar mein jaa ke lagta hai ki main ghar mein aa gaya hun aur yeh ehsaas hindustan ke tamam bis crore musalmano ka hai isliye maine kaha ke jo bhartiyata hai usko naapne ka paimana koi teh nahi kar sakta jitna main bhartiya hun utne hi sangeet ragi bhi hai  ,0
10:21 ,(ANCHOR), sahi baat hai bilkul sahi baat hai  ,1
10:22 ,(SPEAKER 4), lekin main sangeet ragi se ideology pe ladh raha hun ladhta rahunga aur tamam logo se lekin sangeet ragi se personally nahi ladhunga  ,0
10:29 ,(ANCHOR), bilkul sahi baat hai  ,1
10:30 ,(SPEAKER 4), sangeet ragi ki sarir mein agar sui chubhegi toh mere sarir main chubhegi uska ehsaas mujhe bhi hoga aur puch lijiye  ,0
10:37 ,(ANCHOR), thik hai  ,0
10:37 ,(SPEAKER 4), sangeet ragi yahan baithe hai ki us tarike ke sambandh humne banaye ya nahi banaye  ,0
10:41 ,(ANCHOR), bahut shaandar bahut shaandar  ,1
10:43 ,(SPEAKER 4), iska matlab yeh nahi hota ki main ideologically fight karta hun  ,0
10:45 ,(ANCHOR), dekhiye wahi toh aaj ki  ,0
10:46 ,(SPEAKER 4), sach yeh hai ki  ,0
10:46 ,(ANCHOR), muje acha laga rehmani ji  ,1
10:47 ,(SPEAKER 4), yeh sarkar humse dari yeh sarkar musalmano se dari huyi hai aur woh ideology hai woh ek ideology hai jo musalmano  ,0
10:54 ,(ANCHOR), thik hai atik ur rehman main aapke paas aaun atik ur rehman main aapke paas aaun bilkul sahi rehmani sahab aapne rehmani sahab aapne keh diya na aaj aapne bhi keh diya ki puri duniya mein musalmano ke liye jannat hai hindustan sabse pyara desh humara puri duniya mein koi mulk nahi hai musalmano ke liye behtar hindustan se  ,1
11:15 ,(SPEAKER 1), main aa sakti hun ek second aman ji  ,0
11:16 ,(ANCHOR), chaliye pehle ek baar hamid ansari yeh sawaal maine unse bhi pucha tha ek baar sun lijiye uske atik ur rehman main aapke paas aaunga aur nupur main aapke paas aaunga  ,0
11:23 ,(SPEAKER 4), hum iss desh mei paida hue  ,0
11:25 ,(ANCHOR), thik hai thik hai sir aa raha hu sun lijiye ek baar hamid ansari se bhi maineyswaal puchatha yehi sun lijiye aap ne kha musalmano mei bechini hai asuraksha ki bhawna hai  ,0
11:33 ,(SPEAKER 5), to thik hai  ,0
11:33 ,(ANCHOR), abhi bhi hai ek vajah btaiye aap ko aisa kyun lagta hai  ,0
11:36 ,(SPEAKER 5), jab uss par disscussion hoga mai btaunga  ,0
11:38 ,(ANCHOR), nahi mai pooch raha hu aap se  ,0
11:39 ,(SPEAKER 5), maine jitna dekha hai aap jisne  ,0
11:40 ,(ANCHOR), caa ki vajah se  ,0
11:40 ,(SPEAKER 5), aap jisne maine ,0
11:42 ,(ANCHOR), ram mandir ki vajah se  ,0
11:43 ,(SPEAKER 5), dekhiye mai uss par nahi jaa raha  ,0
11:45 ,(ANCHOR), triple talaq ki vajah se  ,0
11:45 ,(SPEAKER 5), mai uss par nahi jaa rha  ,0
11:46 ,(ANCHOR), love jihaad  ,0
11:48 ,(SPEAKER 5), i am not going on that i am giving you public perceptions  ,0
11:53 ,(NEWS), kissi musalman ko agar gaurav hona chhahiye to vo hindustaan ke muslman ko gaurav hona chhahiye kuch saalo pehle se dekhiye ki kiss tarah se muslim desh khatam hoye jaa rahe hai ek dusre ke andar aur ek dusre se ladai karte hue vha hindu to nahi hai vha koi christian to nahi hai vha dusra to nahi hai jo ladai kar raha ho aapas mei ladai kar rahe hai  ,0
12:18 ,(SPEAKER 5), mob lynching hoti hai toh uska kya hota hai lynching hoti hai with a certain distinct i dont try to be innocent  ,0
12:25 ,(ANCHOR), nahi nahi sir lynching to hinduo ki bhi hoti hai  ,0
12:29 ,(SPEAKER 5), aap mujhe bataiye na  ,0
12:31 ,(NEWS), hamdard to log pakistan ke bahut thy sunney mei aaya hai mai kabhi gaya nahi hu lekin jo samaj mei burrayiya hai dusre mulaq ke bare mei nahi kehna chhahiye lekin hum gaurav se yeh keh sakte hai ki hamare musalmano mei vo buraiyan khuda naa kare ke kabhi bhi laye toh aaj hum gaurav se yeh keh sakte hai  ,0
12:55 ,(ANCHOR), atik ur rehman sahab dar ki dukaan bandh ab koi nahi keh payega musalman dara hua hai musalman asurakshit hai kehna bhi nahi chahiye na hindustan se behtar mulk hai kaunsa musalmano ke liye  ,1
13:10 ,(SPEAKER 6), beshak aman bhai isliye allah main iqbal ne kaha tha ki sadiyon raha dushman dohre jamma humara kuch baat hai ke hasti mitti nahi humari aur humesha se hum logo ne is baat ko saabit kiya ahi rehmani sahab ki baat ko aage badhaate huye main kahunga aur sangeet ragi jaise logo se venanti karunga ki zara sa sabhyta ka toh khayal rakhiya rakha kariye aap itne sunhare mokke par bhi woh islam par hamla kar rahe hai itne sunhare mokke par bhi ,0
13:41 ,(SPEAKER 3), main aap aap itne sunhare aap itne sunhare mokke par bhi avama iqbal ho asmran kar rahe hai jis aadmi ne pakistan ki jo pakistan ki ideology ko aage badhya jisne kaha ki sara arab aur sara hindustan humara hai khaali aap yehi geet kyun bolte hai aage bhi bata dijiye na ki allahm iqbal ne is sher ko dusra sher bhi padha tha  ,0
14:14 ,(SPEAKER 2), saare jahan se acha hindusta humara  ,0
14:15 ,(SPEAKER 6), inki sabhyta dekh lijiye aman bhai aap yeh inki sabhyta hai yeh inka majoritarian yeh inki hathgarmi hai  ,0
14:23 ,(SPEAKER 3), aapki kalyi kholte hai aapki hum kalyi kholte hai toh aapko dard hota hai  ,0
14:32 ,(SPEAKER 6), yeh andolan ki bhi hai dekhiye  ,0
14:33 ,(SPEAKER 3), aapki kalyi kholte hai toh aapko dard ho jaata hai sachayi main bayah kar deta hun aaj azad sahab ne kya kaha aaj azad sahab ne yahi kahana ki saare muslim dost aapas mein ladh kat karke mar rahe hai aur yeh ladh katke mar isliye rahe hai kyunki aapke yahan aapke dharam ke hi andar yeh hinsa ka beej hai mai yahi baat keh raha hun puritan islam ke naam par  ,0
15:03 ,(SPEAKER 6), kuch sabhyta ki baat hogi aman ji  ,0
15:04 ,(SPEAKER 3), putan islam ke naam par wahan par aatankwadi sanghtan bane huye hai dharam ke naam par hinsa aur duniya mein kahi nahi hoti hai  ,0
15:19 ,(SPEAKER 6), kuch sabhyata ki baat hogi ya nahi hogi aman bhai. aman bhai yeh kya tarika hai  ,0
15:23 ,(ANCHOR), nahi inhone yaad dilaya pakis  ,0
15:23 ,(SPEAKER 6), ya toh inhi se bolwa lijiye hum chale jaate hai sahab  ,0
15:25 ,(ANCHOR), nahi nahi woh pakistan allahmai pakistan kehte hai allahmai iqbal ki baat karte hai khair chodiye na topic pe rehte hai  ,0
15:33 ,(SPEAKER 6), aap bhi inka saath de rahe hai  ,0
15:34 ,(ANCHOR), nahi main saath nahi de raha hun  ,0
15:36 ,(SPEAKER 6), aap inka saath de rahe hai  ,0
15:39 ,(ANCHOR), woh keh rahe hai  ,0
15:44 ,(SPEAKER 6), iss jaise log iss mulk ke andar panpe nahi dena chahte hai yeh inka agenda hai  ,0
15:50 ,(ANCHOR), nahi rehmani sahab rehmani sahab rehmani sahab rehmani sahab ek minute ek minute rehmani sahab  ,0
15:56 ,(SPEAKER 6), hinduo aur musalmano ko ek dekhna nahi chahte hai aaj pradhanmantri ne inke muh par tamacha mara hai  ,0
16:05 ,(ANCHOR), audio bandh audio bandh aapne ilama iqbal ka jikar kiya sangeet ragi aapko kya kya pareshani hai ilama iqbal se mufq kire pakistan unko samman woh samaan chize thoda maine bhi padha hai kya dikat hai aapako ,0
16:15 ,(SPEAKER 3), mujhe par mujhe yeh dikat hai ki usi iqbal ne yeh kaha ki yeh hindustan hi nahi hai puri duniya islam ka hai yeh arab ka hai yeh hindustan yeh saara jagat jo hai woh islam islamaiz karna hai usi allahmai iqbal ka naara hai usi allahmai iqbal ne pakistan ki ideology ko aage badaya tha  ,0
16:41 ,(SPEAKER 6), aman bhai jawaab dene dijiye zara  ,0
16:42 ,(SPEAKER 3), aur yeh waq muslim league ke adhyakshiye bhasan mein bola tha ,0
16:46 ,(SPEAKER 2), advani ji ne mohammad ali jinnah ki tarif ki ,0
16:51 ,(SPEAKER 6), aman bhai iska jawaab dene dijiye please  ,0
16:53 ,(ANCHOR), main ek minute nikaal raha hun  ,0
16:55 ,(SPEAKER 3), saare jahan se acha hindusta gaate rehta hai us aadmi ke naam par  ,0
16:57 ,(ANCHOR), nahi nahi yeh toh tarana e hindi hai ek minute rukhiye na rukhiye na ek minute ek minute rukhiye aa rahun aa rahun atik ur rehman meri ek minute suniyega yeh tarana e hindi hai na saare jahan se acha hindusta humara  ,0
17:08 ,(SPEAKER 6), mujhe jawaab dene dijiye please  ,0
17:09 ,(ANCHOR), tarana e mili jo tarana e mili ilama iqbal ne chino arab humara hindustan humara muslim hai humvatan hai saara jahan humara pura gaaya kariye tarana e mili mufiqar e pakistan ilama iqbal ko kaha jaata hai na two nation theory sabse pehle dene wala kaun main us debate isliye nahi jana chaha raha tha main usse deviate nahi  ,0
17:29 ,(SPEAKER 3), iske baare mein jikar nahi karenge  ,0
17:34 ,(ANCHOR), main rahstrawadi desh bhakht musalmano ki baat karta hun aap pata nahi kiski baat kar rahe hai  ,1
17:37 ,(SPEAKER 3), islamic kalyi khul jaati hai  ,0
17:40 ,(ANCHOR), boliye boliye atik ur rehman aap boliye khair chodiye topic pe rahte hai debate ka topic ilama iqbal nahi hai topic par rahenge musalman dara hua hai wali dukaan bandh yeh hai mera sawaal topic pe boliye  ,0
17:51 ,(SPEAKER 6), lekin jawaab toh dena padhega dayanand saraswati lala lajpat rai in logo ne divided india manga tha inhone complete division manga tha allahma iqbal ne complete divison nahi manga tha is chiz ko aap samjh lijiye sangeet ragi ji  ,0
18:05 ,(ANCHOR), division manga tha pehle divison manga tha pehle maane na chale maane  ,0
18:10 ,(SPEAKER 6), ek baat sirf  ,0
18:12 ,(ANCHOR), asal mein aap log na tarana e hindi sunate hai tarana e mili bhi sunaya kariye tarana e mili ki pehli pankhtiyan chino arab humara hindustan humara muslim hai hum vatan hai saara jahan humara muslim hai humvatan hai saara jahan humara allahma iqbal isle mukhfire pakistan kaha jata hai chaliye chodiye puri kalyi khul jayegi aaj aapki puri kalyi khul jayegi allahma iqbal ke agar aap bhakt banege puri kalyi khul jayegi chodiye topic par aa jaiye  ,1
18:36 ,(SPEAKER 6), karna hai toh kar lijiye na  ,0
18:38 ,(ANCHOR), main keh raha hun na isliye topic par aa jaiye topic par aa jaiye topic par  ,0
18:42 ,(SPEAKER 3), kar lijiye hum toh khuli chunoti dete hai kar lijiye khuli chunoti hai khuli chunoti deta hun kar lijiye  ,0
18:49 ,(ANCHOR), lala ji pe debate na kariye lala lajpat rai par aap debate karenge sir chodiye na chaliye musalman dara hua hai wali dukaan bandh yeh hai mera sawaal  ,0
18:59 ,(SPEAKER 6), toh aapki kalyi khulne lagi  ,0
19:02 ,(ANCHOR), musalman dara hua wali dukaan bandh haan ya naa ,0
19:05 ,(SPEAKER 6), musalman hindustaan ke andar pooree tarah se surakshit hai ,0
19:07 ,(ANCHOR), chaliye chodiyega udar nahi jayenge hogaya na itihas arre history class thodi na chal rahi hai ragi sahab history class nahi chal rahi hai na aapki rukh jaiye na topic par rehte hai boliye atik ur rehman aap bolenge aur koi nahi bolega atik ur rehman atik ur rehman aa raha hun rehmani sahab aa raha hun atik ur rehman bolenge sirf  ,0
19:25 ,(SPEAKER 6), dhanyawad  ,0
19:25 ,(ANCHOR), boliye  ,0
19:26 ,(SPEAKER 6), aman bhai minus bjp rss minus bjp rss hindustan ka musalman hi nahi balke pure minorities aur pure hindustani surakshit hai sirf yeh bjp rss ya sadhyantra aur yahan par aaj udharan bhi dekhne ko mil gaya aapke viewers ko dekhne mil gaya yeh sangeet ragi jaise log kabhi hindu muslim unity nahi chahenge yeh chahte hai ke hindustan ke musalmano ko aur hinduo ko baantkar yeh apni satta ki gandi aur nangi rajneeti chalaye  ,0
20:03 ,(ANCHOR), yeh baant payenge aapko lagta hai  ,0
20:06 ,(SPEAKER 3), hum hum doong nahi jeete hai hum doong nahi jeet sakte hai  ,0
20:07 ,(ANCHOR), chaliye ab nupur bolna chah rahi hai  ,0
20:09 ,(SPEAKER 3), main doong nahi jeet sakta  ,0
20:11 ,(ANCHOR), nupur bolna chah rahi hai uske baad ragi sahab aapke paas aaunga rehmani ji aap ke paas bhi aaunga pehle nupur bolna chah rahi hai nupur bol rahi hai nupur ragi sahab main aapko pura time dunga pura time dunga ragi sahab sangeet ragi main aapko pura time dunga timer chala ke sirf aap bolenge jo apni baat rakhne aaya hai kam se kam bol paye nupur aap boliye  ,0
20:28 ,(SPEAKER 1), sabse pehle aapas mein decide kar le ki hindustan ka musalman dara hai ki nahi dara abhi atik ur rehman ji ke pehle dr. rehmani kehte hai sarkar musalmano se darti hai  ,0
20:38 ,(ANCHOR), chaliye beech main nahi sirf nupur sirf nupur sirf nupur nupur aap boliye  ,0
20:42 ,(SPEAKER 1), abhi atik ur rehman ji ke pehle dr. rehmani ne bola nahi sarkar musalmano se darti hai ek tarike se apni guilt maan li arre kaunse aur desh mein khulke kaha ja sakta hai pandrah minute ke liye musalman hata police hata do hum yeh bis crore musalman tum sau crore hinduo ko mazah chakha denge main puchna chati hun kaunse desh mein aur jo apne aap ko secular kehta hai kaunse desh mein dr. rehmani jab ek pura ram janambhoomi ka mamla subjudice hai openly keh sakte hai mere saath debate mein baith ke dr. rehmani ne kaha tha tum paanch kya laoge main pachis lakh musalman leke paunch jaunga ayodhya open threat aur phir aap kehte hai is desh ka musalman dara hua hai yeh main bata do aapko saaf tarike se aapne jitne kison se shuruvaat kari hai aman ji yeh saare ke saare kisse yeh saare badkaon bashan sirf woh owaisi junior ko chod ke modi ji ke sarkar aadhin huye hai main puc hna chahti hun ke kanoon ke khilaf baat karna section sun lijiye ipc ke sections ke ulangan karke communaly hateful statements insightful aur instigating statements bol ke openly keh dena ke sarkar musalman se darti hai phir aap kehte hai ki desh ka musalman dara hua hai asliyat toh yeh hai ke maafi chahti hun lekin jo kaum mein apne desh se zyaada vishwas rakhte hai jo kaum ko samvidhan se upar samjhte hai unko lagta hai ke unke upar kanoon lagu nahi hona chahiye shayad isiliye jab musalman behne sarvoch nyayalya jaati hai kahi na kahi justice seek karne ke liye samanta seek karne ke liye insaaf lene ke liye toh openly press varta mein yeh tak kaha jaata hai arre teen talaq hoga toh tumhe zinda jala diya jayega zinda jalna kya bilkul main main toh samajh nahi paati ki zinda jalana humare desh ke samvidhan aur kanooni partikariya ke yahan kahi bhi legal maana jaata ho maafi chahti hun aap dare huye nahi hai aap log koshish kar rahe hai ke kis tarike se humare is desh ke andar shriyat apply ho jaye jo hoga nahi  ,0
22:51 ,(ANCHOR), kamlesh tiwari karke yeh log dare huye hai shali aebdo karke yeh dare huye hai kairana mein hinduo ka palayan lekin yeh log dare huye hai koi nahi dra hua koi nahi dra hua koi bhi nahi dra hua theek hai na rehmani saab koi bhi nahi dara hua  ,1
23:04 ,(SPEAKER 4), nahi nahi aap mujhe mauka denge ,0
23:06 ,(ANCHOR), rehmani saab  ,0
23:09 ,(SPEAKER 4), mai dekhiye dare hue hai hai abhi to aaj aaj iss debate mein hi ,0
23:12 ,(SPEAKER 1), abhi to aap keh rahe the sarkar dari hui hai ,0
23:12 ,(ANCHOR), aap bolne dejiye rehmani sahab bolenge sirf ,0
23:14 ,(SPEAKER 1), mind makeup kar lijiye  ,0
23:07 ,(ANCHOR), rehmani ji ko bolne dijiye  ,0
23:17 ,(SPEAKER 1), sarkar dari hui hai  ,0
23:19 ,(SPEAKER 4), na sirf yeh drahua hai  ,0
23:22 ,(ANCHOR), boliye boliye boliye  ,0
23:22 ,(SPEAKER 4), mai fir dohraha hu ki sarkar dari hai kyunki sarkar sangeet ragi ki soch vali sarkar hai aur iss debate mei sabbit ho raha hai na sirf dare hue hai musalmano se balki musalmano ka naam lekar dara bhi rahe hai hinduoo ko  ,0
23:36 ,(ANCHOR), achha sarkar dari hui hai  ,0
23:36 ,(SPEAKER 1), mai maafi chahti hu aap kehna chha rahe hai aap dara rahe hai logo ko  ,0
23:39 ,(SPEAKER 4), iss mei koi do raye nahi hai agar aap  ,0
23:42 ,(ANCHOR), aap aisa kya karenge ki sarkar darr rahi hai  ,0
23:43 ,(SPEAKER 1), aap yeh samajhte hai ki musalmaan dara rahe hai  ,0
23:44 ,(SPEAKER 4), aap dara rahe aap dra rahe hai logo ko  ,0
23:45 ,(SPEAKER 1), na na na na desh ka vibhajan aam logo ko dara hi deta hai desh ki akhandata tod ne vale mansikta rakhne vale log dara hi sakte hai doctor rehmani  ,0
23:56 ,(SPEAKER 4), jaise sangeet ragi jaisey log hai jinohne aise musalmano bhi kuch log hai  ,0
23:59 ,(SPEAKER 1), itna bata dejiye umar khalid dara raha tha ya darr raha tha mai aap se poochna cha rahi hu  ,0
24:04 ,(SPEAKER 4), to aap log dare hue hai aap dare huye hai ,0
24:07 ,(SPEAKER 1), tahir hussain dra raha tha ya darr rha tha  ,0
24:09 ,(SPEAKER 4), aap aap aap uss musalmaan se dare huye hai. arre aap aap to incidences par jaa rahi hai kya gulam nabi azaad ne gulam nabi azaad ne kitney nahi mai aap se pooch raha hu  ,0
24:23 ,(SPEAKER 1), mai aap se pooch rahi hu mera sawaal aap ko hai aap ne jawaab nahi diya  ,0
24:28 ,(SPEAKER 4), main aap se kh raha hoon ki aapane kaha hinduon ko nahi draya  ,0
24:29 ,(SPEAKER 1), maine poocha dara kyu rahe ho ab aap kah rahe hai nahi hum dare huye ai ,0
24:29 ,(SPEAKER 4), main nupur aap se pooch raha hu  ,0
24:32 ,(SPEAKER 1), aap jalebi naa banayeye mere sawaal ka jawaab dejiye  ,0
24:35 ,(SPEAKER 4), kya aap dare hue nahi hai kya aap dare hue nahi hai aap dare hue hai aur aap aap dare hue hai aur darr ke mare dara rahe hai  ,0
24:46 ,(SPEAKER 1), ankit saxena ko maarne wale dare hue hai ya dara rahe hai mai aap se poochna chahti hu  ,0
24:48 ,(SPEAKER 4), aap iss mulaq ke hinduon ko dara rahe hai aap iss mulaq ke hinduon ko dra rahe hai  ,0
24:53 ,(SPEAKER 1), hum kyon hinduon ko darayenge main to khud hi hindu hoon ,0
24:55 ,(SPEAKER 4), aap na sirf unhe musalmano se dara bhi rahe hai lada bhi rahe hai ki aap ki pura desh darr jaye aap dra bhi rahe hai lada bhi rahe hai aap kissano ke andar bhi majhabhi utthardan paida karne ki koshish kar rahe hai aap ne jitna draya aap itne khaufsada hai aap itna hausada hai aap khud dari hai aap khud dari hai aur aap dra rahi hai mai aap se pooch raha hu aap kyu dari hai  ,0
25:17 ,(SPEAKER 1), aap keh rahe hai mai dari hui hu aap kyu dara rahe hai mujhe mera sawaal yehi hai to aap kyu dara rahe hai mujhe to aap maan rahe hai ki aap musalmaan ke thekedaar aap kisaan ke thekedaar mujhe dara rahe hai aap mere swaal ka jawaab nahi de rahe ek swaal hai  ,0
25:38 ,(SPEAKER 4), thekedarr to aap bhi nahi thekadarr to aap ko iss desh ke hinduon ne bata diya ki aap thekedaar hinduon ki nahin hai ,0
25:39 ,(SPEAKER 1), aap dare hue hai ya dra rahe hai aap iss ka jawaab nahi de paa rahe  ,0
25:41 ,(SPEAKER 4), aap dara rahe  ,0
25:41 ,(SPEAKER 1), hamare bharat ke andar sharjil imam humad darr rahe hai ya dara rahe hai bhai sahab ek sawaal haa ya naa mei bol de aap jwaab dejiye  ,0
25:52 ,(ANCHOR), rehmani sahab rehmani sahab dekhiye darr jayaz hai dekhiye darr jayaz hai dekhiye darr jayaz hai agar ek post par bengaluru mei danga ho jayega na to darna padega bhaiyee haa darr lagta hai mere ko darr lagta ha bhaiyee rehmani sahab suniye na mujhe darr lagta hai agar ek post parr bengluru mei danga ho jata hai to darr lagta hai agar dilli mei danga ho jata hai na aur ankit saxena ko maar diya jata hai to darr lagta hai kamlesh tiwari hota hai to darr lagta hai hyderabad hota hai to darr lagta  hai bengaluru hota hai to darr lagta hai dilli dange hotey hai to darr lagta hai kamlesh tiwari hota hai to darr lagta hai sharli abedo hota hai to darr lagta hai haan darr lagta hai sir darr hai sir darr hai sir darrey dareey  ,1
26:30 ,(SPEAKER 4), aap darate bhi hain  ,0
26:30 ,(SPEAKER 1), sarvoch nayalaye mein ram janam bhoomi ka mamla chal raha ho aur doctor rehmani jo apne aap ko ek scholar mante hai vaisey to hai nahi aisey sdpi se talauq rakhte hai  ,0
26:41 ,(ANCHOR), chaliye ab mujhe sangeet ragi ko time dena padega maine unko chup karaya tha sangeet ragi ko mujhe time dena padega aur abdul raza khan rehmaan aur atik ur rehman mai aap teeno ke pass aaunga thirty thirty second pehle sangeet ragi mai aap ko time de raha hu koi beech mei nahi bolega maine aap ko beech mei roka tha ab aap boliye theek hai rehmaani ji ek minute sangeet ragi ,0
27:02 ,(SPEAKER 4), ab bolana padega isiliye nupur ne mujhe beech mei roka hai aur meri baat. ,0
27:04 ,(ANCHOR), sangeet ragi darey hue hai ya dara rahe hai  ,0
27:07 ,(SPEAKER 3), aman ji aman ji aman ji mai amanji vaakiye hi darta hu mai iss liye darta hu  kyunki cartoon kaha chapta hai aur dangey bharat mei hinduoon ko marey jaate hai  ,0
27:20 ,(ANCHOR), galle katt jate hai sarkaar ,1
27:20 ,(SPEAKER 3), mai iss liye darta hu ki thayees pratishat musalmanoo ne iss desh ka vibhajan kar diya aur patel sahab ne samvidhhan sabha mei bahut accha kha ki jo minority desh par vibhajan thop de vo dra hua minority nahi kehla sakta aaj bhi vahi isstithi hai jo dara hua minority hota vo do mahiney taq caa ke naam par sadko par desh ko bandhak nahi bnata iss liye iss desh ke hinduoon ko darne ki zaroorat hai gandhi ji ne issiiliye kha tha average muslim is a bully samanye muslim sandhay ki tarah behave karta hai an average hindu is a coward yeh gandhi ne aisey nahi kaha tha. ,0
28:14 ,(SPEAKER 2), dekhiye aman jee yehi hota hai yeh hindooun ko darane ki dukaan ab sangeet ragi chala rahey hai  ,0
28:16 ,(SPEAKER 3), issi liye kaha tha ,0
28:19 ,(SPEAKER 2), hinduon ko darane kee dukaan chala rahe hai sangeet ragi yeh ,0
28:25 ,(SPEAKER 3), mai bilkul darta hu jis din jis din jahan jahan muslim minority tha vo pakistan ka hero ban gaya to aagey chal ke iss desh ka musalman desh ke sath gadaari nahi karega mujhe yakin nahi hai  ,0
28:39 ,(SPEAKER 2), yeh kaun se braham mei baiythey hai sangeet ragi jee ,0
28:39 ,(SPEAKER 3), aur logo ko hai to hai mujhe yakin nahi hai ki iss desh ka musalmaan aagey jaa kar ke desh ke saath gadaari nahi krega  ,0
28:50 ,(ANCHOR), chaliye wind up karna padega khan sahab main aapako time de raha hoo aur nupur aa raha hu ye wind up karna ,0
28:53 ,(SPEAKER 2), congress ke neta ne bahut alag alag roles nibhahye ek muslim congress neta jo health minister the civil aviation minister the chief minister the aaj opposition leader ,0
29:02 ,(SPEAKER 1), aman musalmaan itane darre huye hai kee bhopal mei october 2020 mei france mei jo ek teacher ka dhar alag kar diya tha sar alag kar diya tha dhad se uss ke khilaf inhone iqbal maidan ke andar protest jaari kar ke aaj ke desh ki sarkar french sarkaar ,0
29:21 ,(ANCHOR), nahi par baat hi musalmano ki kar rahey hai na  ,0
29:21 ,(SPEAKER 1), aur vha ke rashtriyapati ke khilaaf bahut hi aapatijanak bayaan diye bhashan diya aur uss  ,0
29:28 ,(SPEAKER 4), agar bhararat ke baare mei  ,0
29:30 ,(SPEAKER 2), mahatama gandhi ji ki ,0
29:37 ,(ANCHOR), france pahunch rahe hain main toh baat hi musalmano ki kar raha tha wind up wind up shukriya shukriya atik ur rehman aap ko de deta hu thirty second sabka audio band atik ur rehman aap ko thirty second de raha hoo sabka audio band hai atik ur rehman aap ko de raha hu thirtu second ab to nahi kehengey na dara hua hu bhaiye aap ko bhi darr lagta tha ab sab badal rahey hai dikh rahey hai hriday parivartan jaldi se atiq  ur rehmann  ,0
29:58 ,(SPEAKER 3), aman bhai aman bhai  ,0
29:59 ,(ANCHOR), ji  ,0
29:59 ,(SPEAKER 3), bhavanao ki qadar kariye pradhanmantri aur gulam nabiazaad dono ki aur mai salaam karta hu aaj inhone darshaya hai hindustaan ka secularism aur yeh dono ke aansoo kal ke uttarakhand ke salabizate inko tamacha mar rahe hai issi liye yeh darey hue hai dono nupur bhi aur sangeet ragi ji bhi yeh jo baar hai ki aap inki tamam uttsakta ko khatam kar dijiye  ,0
30:28 ,(SPEAKER 1), aap musalman ho ke french rashtrapati ke khilaaf yahan pe karenge tamaasha ,0
30:28 ,(ANCHOR), chaliye  ,0
30:32 ,(SPEAKER 1), aap deash ke vibhajan ki aur aag jani ki  ,0
30:37 ,(ANCHOR), chaliye theek hai shukriya shukriya shukriya shukriya samay ka abhav samay itana hi tha paintalees minute bhi kum padetey hai lekin suna dete hai pradhanmantri narendra modi ne kya kaha gulam nabi azaad ne kaisa bhavook shand tha aaj aansoo bhi aaye pradhanmantri ki ankhon mei bhavook hai vo,0
