timeStamp,speaker,text,label
01:07 ,(anchor)," namaskar shyam ke 5 baj chuke hai. waqt ho gya hai behens ke number 1 show ""taal thok ke"". mai hoon aapke sath aman chopra. hum log aaj sawal uthane jaa rhe hain ki vaccine par, corona par kab tak siyasi rona thona. aap kahenge ki hum aisa kyun keh rhe hain toh usko bohot dhyan se samjhiyega, bohot hi gambhirta ke sath keh rhe hain. jab vaccine nhi thi na toh kaha gya ki vaccine kyun nhi hai. jaldi lekar aao, vaccine jald bazi mai lekar aao. abhi trial chal rhe the. teh samay par vaccine aayi toh kaha gya ki itni jaldi mai kyun le aae, jaldbazi mai kyun lekar aae vaccine. vaccine aai toh kehne lge ki sabko nhi mil rhi hai, sabko do, sabko do. sabko milne lagi toh kehne lage ki 45 tak hi kyun mil rhi hai, 18 saal walon ko bhi do. 18 saal waalon ko kyun nhi mil rhi hai. ka 18 saal waalon ko bhi milne ka elan hua toh kehne lage vaccination policy hi kharab hai. 18 saal agar tak waalon ko logon ko vaccination di jayegi toh fir khule bazar mia kyun nhi di jaa rhi hai. khule bazar mai do, jab khule bazar mai vaccine bechne ki izazat di gyi toh 50% toh kaha gya ki isse bichouliye badhenge, fir jab bichouliye badhne ki baat ki gyi uske baad kaha gya ki rajyo ko zyada adhkar do. rajyo ko zyada adhikar do kyunki rajyo mai vaccination ka program theek se nhi chal rha tha jab yeh sach samne aaya toh fir rajyo ki taraf se kaha gya ki rajye kendra jo hai rajyo ko zyada adhikar de. kal ek aur faisla liya gya ki rajyo ko zyada adhikar diye gye, companiyo ko seedhe rajyo ko bechne ki permission de di gyi. issme kaha gya ki kendra apni zimmedaari se palla jhad rha hai. policy mai vaccine ke daam kyun teh nhi hai? yani jaisa bhi karke sirf rona dhona. virodh ke naam par virodh. samajh nhi aa rha ki ladai vaccine se hai ya modi se hai. rajye kuch rajye vaccines ko lekar corona se ladd rhe hain ya modi se ladd rhe hain. vaccine ka kitna stock hai yeh toh sarkar behtar bta sakti hai lekin vaccine politics ka desh mai over stock hai yeh hum daave se keh sakte hain. rahul gandhi aur mamata bannerjee ne sarkar ki vaccine policy par nishana saadha . mamata bannerjee ne jiss shabd ka istemaal kiya hai wo mai padh doon. unhone kaha ""hollow"" hai. yani ki khokhli policy hai, vaccination policy modi sarkar ki puri tarah se khokhli hai. yeh mamta bannerjee ne kaha hai. yeh hi nhi unhone toh yahan tak kaha ki jaise hi case badhe toh rajye sarkar ko zimmedaari de di aur kendra apni zimmedaari se palla jhad rha hai. yeh hi rajya pehle keh rhe the ki humko adhikar dijiye. adhikar ab zyada diye gye hain toh ab keh rhe hain ki kendra palla jhad rha hai. teen bade faisle liye gya hain jiski shuruat se mang ki jaa rhi thi ki rajyo ko zyada adhikar diye jaaye, vaccine kharidne ka adhikar rajyo ko diya jaaye, yeh hi nhi distribution policy rajye teh karenge ab. kisi ko muft deni hai, nhi deni hai . 18 saal se upar deni hai, kon kon si categories mai kisko kab deni hai, rakye teh krenge. vaccination ka procurement 50% rajye karenge. rajyo ko pure adhikar de diye gye. uske bawajud virodh ke naam par virodh. corona par kab tak siyasi rona dhona. yeh hi hum log samajhne ki koshish karenge congress party se mudit aggrawal ji mere saath jud chuke hain, aur AAP se bhi mere sath kuldeep kumar hai. aap dono ka bohot bohot swagat. iske alawa ek bohot bada panel mere sath kuch h minuto mai judega. aap dono ka bohot bohot swagat. mudit ji, matlab teh kar rkha hai ki virodh karna hi karna hai , virodh ke naam par virodh. bta dijiye, yeh toh accha hai aap logon ne uska virodh nhi kiya ki mask bhi mat lagaiye, social distancing ka palan kriye. wo bhi toh modi ji ne hi kaha karne ke liye. samajh mai nhi aa rha aap log modi se ladd rhe hain, corona se ladd rhe hain? ",0
04:40 ,(speaker 1)," nhi bilkul aisi baat nhi hai. dekhiye aapka sawal hi galat hai. agar hum sarkar ki jo kamiya hai uske upar kuch bolte hai toh wo toh opposition ka farz hota hai na agar hum wo kam bhi na kare toh hume opposition mai rehne ka bhi koi haq nhi hai. sarkar ki kamiya ujagar karna opposition ka farz hota hai aur wo hi sachi desh bhakti hoti hai. dekhiye dikkat kya hai. chaliye mai saari purani baatein bhul jaata hoon jo ek saal se humne preparation nhi kari wo mai bhul jaata hoon. jo hindustan mai aap 3 lakh ke case ho rhe hain aur dilli mai 20-25 kazar case ho rhe hain, mai wo bhul jaata hoon. mai yeh bhi bhul jaata hoon ki kejriwal ji jo parso aa kar ghariyali aasu baha rhe the aur yeh keh rhe the ki hum dilli mai farz nhi kar rhe hai figure, baaki log farz kar rhe hain. mai yeh bhi bhul jaata hoon ki 1 lakh 8 hazar test hue the 14 april ko aur kal aate aate 85 hazar test hue matlab 25 hazar test kam ho gye, mai yeh bhi bhul jaata hoon. ",0
05:30 ,(anchor)," point wise baat karte hain aaj. mai time waste nhi karunga. mudit ji mujhe point wise btaiye vaccination policy kaise faulty. modi sarkar ki vaccination policy kaise faulty hai. mujhe bataiye point wise ki aman ji ek yeh wajah hai, ek wajah hai. mujhe bataiye aap.",0
05:48 ,(speaker 1)," point wise! dekhiye aap sirf ji aap sirf vaccine ki baat karte hain. mai yeh chahta hoon sarkar ek white paper laye aur yeh iska mai demnd karta hoon ki harr mahine wise vaccination ki kitni demand hogi aur wo demand puri kahan se hogi? tab samajh mai aayega na ki gap kitna hai. dekhiye keh dena humne yeh kar diya, humne yeh kar diya. dheere dheere aapko bhi pata hai kya hone wala hai. vaccine ki shortage hogi tab dekhenge . tab wo kahenge ki tab dekhte hain, shortage hai hum kya karein, mil nhi rha hai. mai yeh chahta hoon koi si bhi policy bnae, transparency rakhein. logon ko btae ki hmare agle ek mahine mai itni vaccine aane wali hai, do mahine mai itni aane wali hai aur yeh hai. ",0
06:27 ,(anchor), yeh dikkat btai hai policy mai. mai abhi bhi intezaar kar rha hoon. pehli dikkat kya. ,0
06:32 ,(speaker 1), dekhiye ek second. mujhe dikkat kya hai last line bolne dijiye. mujhe dikkat kya lag rhi hai isme yeh hoga jo gareeb aadmi hai bechare ko vaccination nhi milegi. ,0
06:37 ,(anchor)," nhi last nhi, aapko mai pura time dunga aaj. mai kisi ke pass nhi jaunga kyunki aapka bhi ek concern hai, mudit ji. mera bhi ek concern hai. aap bhi chahte hain vaccination theek se ho, mai bhi chahta hoon. mai aapko pura mauka aaj dunga mudit ji. pura desh aapko sunn rha hai taal thok ke. mujhe point wise btaiye aman ji yeh reason , yeh reason hai. iss wajah se hum modi sarkar ki vaccination policy ka virodh kar rhe hain. kyunki aap log keh rhe the ki khule bazar mai vaccine bechiye. aap log puri congress party keh rhi thi. khule bazar mai bechiye, khule bazar mai bechiye. ab khule bazar mai bechne ka faisla kiya gya toh aap log virodh kar rhe hain. aap log keh rhe hain rajyo ko adhikar dijiye, rajyo ko adhikar dijiye. rajyo ko adhikar diya gya, aap log keh rhe hainkendra apni zimmedaari se palla jhad rha hai. aapko keh rhe hain 18 saal se upar waalon ko dijiye, 18 saal se upar waalon ko dijiye. 18 saal se upar waalon ko diya jaa rha hai, uska bhi virodh. mujhe bataiye point number 1, point number 2, point number 3, btaiye inn baton ka jawab. ",0
07:29 ,(speaker 1)," pehla, dekhiye pehli cheez. jab yeh vaccine ban rhi thi, india ne jo wo videshi company hai unse contract samay par nhi kiya ki hume zyada se zyada dose mil jati. hindustan ki problem alag, baaki desho ki problem alag hai. hindustan mai abadi bohot zyada hai toh hume chahiye doses chahiye hume agar harr 18 saal se upar waale ko vaccinate karna hai toh 200 crore dose chahiye toh iska toh apna dhyan rkhna padega na. america population itna nhi hai toh unke liye asaan hai. toh hume proactive ho kar pehle hi jo world mai jo vaccines bna rhe the unse pehle hi contract karna chahiye tha, number 1\. jab rahul gandhi ji ne yeh baat boli toh shankar prasad ne .",0
08:04 ,(anchor), toh kharidiye na aap. aur rajye sarkare kharidiye na 50%. ,0
08:08 ,(speaker 1), toh next. aap bolne dijiye na.  ,0
08:11 ,(anchor)," mudit ji, mudit ji. ",0
08:11 ,(speaker 1), ab aap mujhe bolne nhi dete toh dikkat hai na. ,0
08:14 ,(anchor), maine aapko 6 minute ka time diya hai. ,0
08:16 ,(speaker 1), aap mujhe meri baat toh kehne dijiye. mai aapko point wise baat kar rha hoon. ,0
08:17 ,(anchor), maine aapko 6 minute ka time diya hai. ,0
08:19 ,(speaker 1), mai aapse point wise baat kar rha hoon. ,0
08:18 ,(anchor), mujhe btaiye dikkat kahan hai. pehli dikkat. pehli samasya bataiye. ,0
08:22 ,(speaker 1)," aapne sawal pucha . mujhe bolne toh dijiye. arre kamal hai. aman ji galat baat. mujhe bolne dijiye. next cheez badhe dhyan se suniye. ab aap yeh keh rha hain ki sabko lagegi, mai bh chahta hoon sabko lage lekin sarkar ek par darshita se yeh btae ki agle mahine may mai hmari yeh demand hone wali hai aur yeh hmari supply hai. june mai hmari yeh demand hone wali hai, yeh supply hai. agar koi kammi bhi hai koi dikkat nhi hai. kam se kam transparency se kaam kre.logon ko confidence mile aur yeh bole ji 6 mahine lagenge hume pure hindustan ko vaccinate krne mai ya 5 mahine lagenge toh logon ko kam se kam tasali hogi aur logon ko yeh vishwas hoga ki jo sarkar iss baari keh rhi hai chahe wo ek saal sse jhuth bole na bole. aaj jo keh rhi hai wo sach hoga. mai sirf yeh chahta hoon. dekhiye aaj aapne khol diya sab ke liye. aaj aapne kaha ki states kar le. toh states ko bhi ab thoda samay lagega na.",0
09:11 ,(anchor)," mudit ji, mudit ji mai nhi jaunga kisi aur ke pass. aaj mai sirf mudit ji se baat karunga. mai sirf mudit agarwal se baat karunga kyunki mere ko yeh desh k jannta ko btana bohot zaruri hai ki jab virodh ke naam par virodh hota hai na. jab zabardati ka rona dhona hota toh tab yeh hi hota hai. aap mujhe ek point bta dijiye.",1
09:31 ,(speaker 1), nhi aap galat keh rha hain. yeh aap keh rhe hain. aisa hai nhi.,0
09:31 ,(anchor), mai aapke saath bjp se ladunga. mai aapke saath bjp ladunga. mai yakin maniye mudit ji mai aapke saath bjp se ladai ladunga ki haan wo sahi keh rha hain. aap mujhe ek point toh btaiye. ,0
09:45 ,(speaker 1), haan bilkul sahi ladna chahiye.,0
09:45 ,(anchor), rajyo ko adhikar diya gya. 18 saal se upar walon ko vaccine di jaa rhi hai. aap log 50% vaccine khareedna sakte hain. kaunsa faisla galat hai.,0
09:53 ,(speaker 1), aap sunna nhi chahte dikkat yeh hai. ,0
09:54 ,(anchor), aap btaiye,0
09:54 ,(speaker 1), aap sunna nhi chahte.,0
09:54 ,(anchor), sir 6 minute se aap bole nhi paa rhe.,0
09:59 ,(speaker 1), aapne har faisla late kiya hai. arre mai toh bol rha hoon aap sunna nhi chahte. aapko modiji ko jawab dena hai ki mai mudit ji ko maine kaise bolne diya isliye aap mujhe tok rhe hain. dekhiye mai baar baar puch rha hoon harr faisla inka 4-5 mahine.,0
10:12 ,(anchor), ab dekhiye inka fir wo hi. yeh ,0
10:15 ,(speaker 1), kyun nhi vaccine company se inhone pehle se contract kiya. dekhiye aap sunna nhi chahte. dekhiye aap khud isko political bnana chahte hain. aman ji dikkat yeh hai aur aap isko political bnana chahte hain bjp ke favour mai.,0
10:25 ,(anchor), mudit ji bta dijiye na ek virodh toh bta dijiye. aap bina padhe likhe aae hai na . aapko nhi pta na policy mai kya hai. aapko nhi pta hai na. imaandaari se btaiye aapko nhi pata.,0
10:36 ,(speaker 1), demand aur supply ka chart mujhe denge.,0
10:37 ,(anchor), aapko nhi pta hai imaandaari se.,0
10:39 ,(speaker 1), demand aur supply ka chart mujhe denge.,0
10:40 ,(anchor), aap keh rhe hain ki bhavishya mai aisa hoga isliye mai virodh karunga.,0
10:42 ,(speaker 1), arre kamaal hai aman ji aapko sharam aani chahiye aisi baatein bolte hue. ,0
10:45 ,(anchor), nhi bta sakte aap. koi dikkat nhi hai na aapko nhi pata kuch. aapne vaccination policy nhi padhi hai na new. aapko nhi pta hain na.sir rahul gandhi ka . arre sir mai keh rha hoon ki mai sawal puchunga. mai sawal puchunga bjp se aprajita sarangi se.,0
10:57 ,(speaker 1), yeh aap bait kar rhe hain. aapko shobha nhi deta. ,0
11:00 ,(anchor), mai taal thok ke sawal puchunga aap mujhe btaiye toh sahi. ,0
11:02 ,(speaker 1), aap bjp ke spokesperson nhi hai. ,0
11:04 ,(anchor), mai aapko 2 cheezein btata hoon mai baat badi dhyan se suniyega. mudit agrawal ji. aapne agar policy nhi padi mai aapko btata hoon. aap suniye suniye aap log shuruat se mang kar rhe the ki rajyo ko adhikar diya jaye. ,0
11:15 ,(speaker 1), galat baat mat boliye. sorry ,0
11:14 ,(anchor)," number 2 aap log shuruat se kahe jaa rhe the ki 18 saalse upar ko diya jaye , 18 saal se upar ko diya jaa rha hai. aap log shuruat se mang kar rhe the ki open market mai vaccination bikke. ",0
11:27 ,(speaker 1), aap puri baat toh suniye ,0
11:26 ,(anchor)," teesri cheez, bhi puri hone jaa rhi hai aap ek nhi bta paa rhe hain. ",0
11:32 ,(speaker 1), dikkat kya hai chaliye aap boliye. ,0
11:31 ,(anchor), aapko pta hi nhi hai. ,0
11:35 ,(speaker 1), maine saare btae hai aap sunna nhi chah rhe hain. ,0
11:34 ,(anchor), haan chaliye aap suniye mai bolta hoon. chaliye theek hai mai bolta hoon.  ,0
11:41 ,(speaker 1), aapke political masters ko mere jawab nhi suit karte. ,0
11:40 ,(anchor), aisa karte hain mudit agrawal ji. sabka audio band. mera bhi audio band hai taal thok ke ke jo darshak hai wo teh karenge mai firse mudit agrawal ko fir se mauka dunga aaj kyunki aaj mere liye expose karna bohot zaruri hai jo khokhla virodh karte hain. jo virodh ke naam par virodh karte hain. siyasi rona dhona karte hain. aap boliye khul kar mudit agrawal ji. ek minute de rha hoon aap khul kar boliye. aur mujhe aap ginaiye ki aman ji yeh yeh reasons hai mai isliye virodh kar rha hoon. mai bjp se sawal puchunga. mai aapko time de rha hoon aap boliye. ek minute aapka. aur point wise btaiyega mere ko. mai bjp se sawal puchunga aapke saath milkar.,0
12:25 ,(speaker 1), theek hai. pehla point sabko pata tha ki 18 se upar logon ko vaccinate karna hume 200 crore dose chahiye hongi. sarkar itni late kyun jaagi hai? inko 5 mahine pehle jagna chahiye tha aur jo world mai jo saare vaccine producers hai unke sath contract karna chahiye tha aur yeh dekhna chahiye tha ki hmare bas jo 200 crore ya 150 crore doses hai wo kab tak aayegi. wo inhone kiya nhi . jab rahul ji ne 20 din pehle inhe bola ki aap contract kyun nhi kar rhe ho videshi companiyon se toh ravi sahnkar prasad ji unka mazak udane lage aur aaj sarkar wo kar rhi hai jo unko pehle kar lena chahiye tha. mera yeh kehna hai jo aap samajhna nhi chah rhe. dusra mai yeh keh rha hoon ki chalo jo galti ho gyi ho gyi usko parre karte hain. aage ki taraf dekhte hain toh aaj hume yeh nikalna chahiye ki demand aur supply hume kya project karte hain. harr mahine mai. may mai june mai july mai kitni vaccines ki zarurat padhegi . hindustan mai demand kitni hogi wo hum kahan kahan se puri kar sakte hain usme shortage kitni hogi. yeh hi cheez hume icu bed aur ventilators mai krni chahiye . agar hum aaj bhi purani slate saaf karke aaj bhi dhang se dimag laga kar inn demand aur supply ko address kar le na hum bohot aage jayenge. mai sirf yeh guzarish karta hoon sarkar se transparency rakhein agar koi dikkat bhi hai toh jannta ko confidence mile.  ,0
13:33 ,(anchor)," theek hai, mudit ji iss vaccination policy mai kaise demand and supply ko balance nhi kiya gya? vaccination policy mai kya dikkat hai? kaise ek point btaiye, ek point bas ek point btaiye mudit ji mereko. mai request kar rh hoon. ",0
13:53 ,(speaker 1), maine aapko bta diya. ,0
13:54 ,(anchor), ek point btaiye ki kaise demand aur supply ko balance nhi kiya gya. ,0
13:58 ,(speaker 1), ki jo 150 crore doses hai yeh jo 150 crore doses hai yeh kahan se aayengi? yeh mujhe dikkat hai toh mujhe lagta hai yeh fir dobara se aankhon par parda daal rhe hain. sirf yeh samjha de may mai itni demand hai itni supply hoi.  ,0
14:09 ,(anchor)," theek hai, theek hai waise ek cheez hai mai ab aprajita yeh aapka sawal hai . sahi hai aapka sawal. sawal aapka sahi hai. yeh aprajita sarangi jo hain bjp se sansad hai. mai unse jawab lunga yeh ki hawa mai bol diya gya ki vaccine aayegi 18 saal se upar ka kiya jayega sab ka kiya jayega. haan theek hai na.  ",0
14:33 ,(speaker 1), tab aap sunna nhi chahte the ,0
14:32 ,(anchor)," mai aap logon ko vaccine aur dose ki itni chinta hai mudit ji aap keh rhe hain vaccine lage dose le desh dose le, vaccine ki kami vaccine ki kami. rahul gandhi ne vaccine li hai? rahul gandhi ne vaccine li hai? rahul gandhi ne vaccine li hai? unko avishwas kyun hai vaccine par. rahul gandhi ko vaccine par avishwas kyun hai?  rahul gandhi ko vaccine par avishwas kyun. kya unhone vaccine li hai.",1
15:00 ,(speaker 1), yaha rahul gandhi kaise aa gye. kamaal hai. rahul ji kahan se aa gye iske andar? ,0
15:04 ,(anchor), kyun wo bharatiye nagrik nhi hai wo? kyun  45 se upar. ,1
15:09 ,(speaker 1), arre rahul ji kaise aa gye iske andar. ,0
15:08 ,(anchor)," kyun bhai kya ho gya mudit ji? kya ho gya aap keh rhe hain vaccine lage, vaccine lage rahul gandhi ne vaccine li? bhai aap vaccine vaccine chilaenge khud vaccine par avishwas jataeinge. ",0
15:22 ,(speaker 1), vaccine milni chahiye lagvane ke liye mai yeh keh rha hoon aapko. dekhiye galat baat bilkul galat baat hai aapki. agar koi vaccine lagwana chahta ho toh usse vaccine ka haq milna chahiye lagwane ka mai yeh keh rha hoon aur sarkar jab yeh kehte hain dekhiye yeh aap rahul gandhi ji se puchiye mujhe toh pta nhi unhone li ya nhi li. pta nhi unhone shayad aapko kaan mai aakar btaya hoga ki nhi li ya li. mereko toh unki jaankaari nhi hai.,0
15:39 ,(anchor), vaccine toh lagwani chahiye na? ,0
15:39 ,(speaker 1), mujhe yeh jaankari hai ki aaj unko corona ho rkha hai. mujhe yeh jaankari hai. ,0
15:44 ,(anchor), vaccine lagwani chahiye ya nhi lagwani chahiye. ,0
15:43 ,(speaker 1), ho sakta hai lagwai ho mujhe itni knowledge nhi hai. jis cheez ka . ,0
15:48 ,(anchor), vaccine lagwani chahiye nhi lagwani chahiye?,0
15:50 ,(speaker 1), aapko kaise pta nhi lagwai hai? aapko kaise pta lagwai hai ya nhi lagwai hai. ,0
15:53 ,(anchor), lagwani chahiye ya nhi lagwani chahiye? ,0
15:56 ,(speaker 1), aapko pta hai mujhe pehle yeh btaiye? ,0
15:57 ,(anchor), keh dijiye unhone lagwai hai mai aage badh jaata hoon.  ,0
16:02 ,(speaker 1), aapne unsa pucha. mujhe kya pta. ,0
16:05 ,(anchor), wo hi toh avishwas hai gupchup tareeke se vaccine lagvaenge. publicly nhi lagvaenge aur unko lagi hai ya nhi lagi yeh bhi nhi pta. aprajita sarangi ab mai aapke pass aa rha hoon. bjp se sansad hai. uske baad AAP se kuldeep ji bhi mere sath jud gye hain.,1
16:21 ,(speaker 1), kya aapko pta hoti hai ki modi ji ne lagvai ya nhi lagvai. kya modiji roz aapko phone par baat karke btate hain? ,0
16:23 ,(anchor), sir mujhe haan modiji ne toh lagvai hai vaccine. modiji ne toh vaccine lagvai na vaccine sir. desh ne dekha na. rahul gandhi ne vaccine lagvai? rahul gandhi ne vaccine lagvai? unko avishwas hai swadeshi vaccine par. ,0
16:35 ,(speaker 1), mujhe kya pta aap rahul gandhi se puchiye na. ,0
16:36 ,(anchor), videsho mai jaakar kahin koi vaccine na lagvakar aa gye ho. aapko bhi pta hai sir. waise aap kahenge vaccine vaccine vaccine. kahan sir chodiye na aapko bhi pta hai. chaliye aap chodiye. aprajita sarangi ab mai aapke pass aa rha hoon. aprajita sarangi wo keh rhe hain sabse bada aitraz yeh hai ki market controlled prices honge vaccine ke?,1
16:59 ,(speaker 1), aap kaun hote hain. sorry aapka koi haq nhi hai yeh bolna ka ki kaun hindustani hai ya nhi hai. kaun desh mai hai ki nhi hai. aapko sharam aani chahiye aur desh se maafi mangni chahiye yeh baat bolne ke liye. maafi mangni chahiye. aur dusre hindustani ko certificate baatna shuru kar diya aapne. bohot galat baat hai aapki.,0
17:18 ,(anchor), mai vaccine lagvane ke liye bolunga toh mai maafi mangu. mai vaccine lagvane ke liye bolunga toh mai maafi mangun. aap vaccine ke khilaf mahaul banvaenge chhatisgarh ke CM mukesh bhagel logo ko bhadkaenge vaccine ke khilaf. aap nhi maafi. mai vaccine lagvane ke liye bolunga toh ma maafi mangu. mai maafi mangu ki mai bol rha hoon ki vaccine sabko lagvani chahiye. ,1
17:40 ,(speaker 1), bilkul mangni chahiye aapko. ,0
17:39 ,(anchor), wah sarkar wah. wah mudit ji wah. mai vaccine lagvane ke liye bol rha hoon toh mai maafi mangu. chaliye aprajita sarangi sabse bada sawal hai ki market controlled prices honge? aprajita sarangi ab aap boliye. ,0
18:06 ,(speaker 2)," mai aap sab ko namaskar karti hoon aaj ke iss din desh mai chitr saaf hai. ek taraf kendra sarkar jo adarniye PM shri modi ji ke valisht netritva mai harr ek vyakti ki jaan bachane mai rajya sarkaro ki sahayta lekar lagi hui hai din raat prayatna kiye jaa rhe hain. ek bhi minute nhi hai jab hum sab corona ko kam karne mai nhi lage hue hain. vipakshi neta, vipakshi dal aur congress ke log jis tarah ki pravakta ko hum sunn rhe hain yeh logo ka kaam hai dosharogam karna. ek aise mudde par rajneeti karna jiska rajneeti karan karna meri samajh se apradh hai.  ",0
18:57 ,(speaker 1), yeh bhashan dene aai hai kya? ,0
18:57 ,(speaker 2), kuch toh aise musse ho jinka rajneetik. dekhiye stithi yeh hai ki inki pass rajneeti zameen hi nhi rhi hai. koi toh inhe mudda chahiye aur mudda kya hai abhi. vaccination policy of the government. dukh ki baat yeh hai ki vaccination policy padhke nhi aaye hain.,0
19:14 ,(anchor)," accha mai aprajita ji, aprajita ji mudda ek sawal mai aapse puchta hoon. aprajita ji rajye procurement karenge 50% vaccine. ek toh privately, uski kimmat kaun teh krega? manufacturers?",0
19:41 ,(speaker 2)," ji bta rhi hoon. dekhiye isse kaha gya hai pre determined rate. mai aapko bta doon pre determined rate. iska matab kya hota hai aisa matlab nhi hai ki jo vacine manufacturer hai jis rate par chahega wo bikri karega. jitna bhi vaccine hoga uska 50% post help goverment ko vikri kar payega aur yeh jo pre determined rate hai . yeh nischit roop mai aisa nhi hai ki bichaouliye teh karenge. pre determined rate marked forces teh karti hai aur iske pehle health ministry mai batcheet hogi aur uske baad ek tarah ka norm taiyar kiya jayega. dekhiye dusre desho mai bhi vaccine li jaa rhi ha toh saari baaton ko madde nazar rakhte huejo pre determined rate hai saare vaccine policy jo aai hui hai usko padhe aur saare jitne khabar kagaz mai nikle hue hain wo padhe, press releases padhe shabd hai pre determined rate aur iske baad 50% diya jayega. dekhiye yeh rajya sarkaro ka anurodh tha. mai odissa rajya se hoon. odissa rajya ke CM ne bhi kaha tha ki hume anumati di jaye hum market se khareed paenge . aur dekhiye mujhe badi khushi hui hai kehte hue ki vibhin vipakshi daalon ke rajye ke CM ne jo bhi chithiya likhi hmare PM ko. harr ek bindu par gaur farmaya gya aur uske baad saare stakeholders se consultation karke jahan jo sambhav ho paya .",0
21:13 ,(speaker 1), aman ji inse puch toh lijiye. yeh toh bhashan se rhi hai. aman ji aapse request hai inko zara tokiye aur inse zara sawal ke javab le.,0
21:20 ,(anchor)," bichauliyon ka kya karenge, aprajita ji. middle men chinta yeh hai ki bichauliyon ka kya karengi. dekhiye hai suniye na kuldeep kumar mai aapke pass aa rha hoon 30 second aur aprajita sarangi jo sawal opposition ka hai. middle men ki entry ho jayegi isse. rahul gandhi ko bhi yeh chinta hai congress ko chinta hai. middle men ki entry ho jayegi isse.",0
