timeStamp,speaker,text,label
30:16 ,(anchor), ab bas ab vivek agnihotri muskura rhe hain bas uske baad mai nupur aapke pass aa rha hoon. ab vivek agnihotri aapke pass aa rha hoon. ab mai vivel agnihotri mai aapke pass aa rha hoon. yeh hi twitter ki takkat hai aaj. aaj agar wo log dekh rhe honge toh hass rhe honge ki aapas mai toh ladlo hmare se baad mai lad lena. wo keh rhe honge ki humko lawyers ki zarurat nhi hai india mai bhare pade hain indians hmare lawyers hain. hass rha hoga hum par twitter ki hum aapas mai ladte hain unse kya khak ladenge hum log. vivek agnihotri. ,0
30:42 ,(speaker 1)," aman do minute mujhe shanti se sunn lijiye. mai tv par bohot kamm  aata hoon. tehsin se pehle toh mai tahe dil se unka dhanyavad deta hoon aur unki tareef karna chahta hoon saari duniya ke saamne tehsin ji ne bohot mahan kaam kiya hai jo ki ek bohot sacche dil ka aadmi kar sakta hai par kai baar rishte kuch aise hote hain rishto ki majbooriyan ho jati hai ki jhut bolna padhta hai aur galat baatein bolni padti hai. jaise hi aapne unse sawal pucha ki kya tum twitter ke saath hi ya desh ke saath ho unhone oxygen ki baat chalu kar di. fir aapne kahan nhi mai aapse yeh sawaal puch rha aap twitter ke saath hai ya desh ke saath hai toh unhone black fungus ki baat chalu kar di. modi ji ki kar di aur aap keh rhe the ki yeh modi nafrat mai andhe ho gye hain aisa nhi hai. yeh gandhi prem mai andhe hain aur modi ki nafrat se bahar nikle. ab mai aapko rajneeti samjhata hoon mai tehsim bhai se ek simple sawal puchta hoon pure desh ke samne jiska wo jawab wo oxygen aur black fungus ki baat na karein aur seedhe seedhe jawab de. ek hypothetical situation rahul gandhi ji ke ghar mai chori ho jaati hai toh police mai dilli police ke pass jisko 70 saal unhi ki government ne taiyar kiya tha wahan jaake ek fir likhwa dete hain. ek teesra waqti hai koi 3rd party hai wo kehta hai humko pta hai kisne chori ki hai toh police kehti hai ki hum usse jaa kar puchte hain ki bhai hume nhi pta aapko pta hai toh hume btaiye taaki hum rahul gandhi ji ke ghar ke chor ka pta kre toh rahul ji badhak jaatein hain ki kehte hain ki aap unse kyun puch rhe hain balki unko hi 3rd party se kehne lagte hain ki police ko bhul jaiye aap bataiye hume chor kaun hai. aisa koi karta hai. yeh toh bada nadaan baccha ya koi murkh vyakti hi kar sakta hai. sawal yeh nhi hai sawal yeh hai tehsim yaad rkhna ek baat ko tum bhi jante ho dil mai tumhari aatma jaanti hai  agar desh ka narrative tum big tech social media companies ko doge, yeh desh ko satyanash karke chodenge aur yeh covid ke waqt mai itna zyada iska fayda utha rhi hain. pura vishwa inse pareshan hai, sirf bharat nhi hai. singapore ne unhe dekhiye kya letter  likha apne dekha. ek second mai mann gye wo. bharat kyunki hum khud hi kamzor hai isliye yeh saari ki saari wo takkate jinke pass aaj koi takkat nhi hai jinko bharat ki janta ne ukhad ke faink diya hai wo sarre rahul gandhi toh pakistan ki bhasha bolte hain. unki party ke log kashmir mai jaake sepratist aatankvadiyon se jhapi aur papiya lagate hain. rahul gandhi ji china ke saath jaatein hain saare urban  nationals aaj congress ke ishare par chalte hain. congress ne 5 lakh se zyada bots create kiye hain twitter mai usme jo itna paisa invest kiya uska kya hoga aur agar aap bots create karenge paise dekar toh twitter bhi aapki zubaan bolega yeh satya hai. bharat ke bacche bacche ko pta hona chahiye ki aaj yeh jo ladai hai yeh defining ladai hai aur issi se teh hoga ki yeh jo 300 seeto ki sarkar hai yeh aaj kitni buland hai yeh sarkar chalati hai ya congress ka establishment piche se sarkar chalata hai yeh bharat sarkar ko teh karna hoga. ",0
33:43 ,(speaker 3), ji ab mai jawab deta hoon.  ,0
33:48 ,(anchor), haan tehsim aap jawab de dijiye. ,0
33:48 ,(speaker 3)," mai unhi ke example ko aage lekar jaate hue kehta hoon. mann lo xyz ke ghar mai chori hui usne btaya ki chor abc hai yaani iss case mai bjp inhone chori ki hai samman inke ghar mai pada hua hai yani yeh so called documents inke ghar mai pada hua hai. ab zee news ne bta diya ki rahul gandhi keh rha hai ki documents nadda ji ke ghar mai nadda ji ke pass documents pade hua hain. nadda ji claim karte hain, bjp claim karti hai mere pass documents hai. aap zee news se prashan puch rhe ho aap batao documents kahan hai? arre documents toh nadda ji ke pass hai aur aapko ek aur cheez bta doon jab yeh dilli police gayi dadagiri karne ko twitter ke office aap raman singh ji ke twitter account par bhi daal diya manipulated media ab aap jayiye aapko mai ab bhi samjha rha hoon logon ko oxygen dijiye , liposomal dijiye aur yeh band kijiye kyunki aapse darne wale nhi hai ab. ",0
34:43 ,(speaker 1)," tehsim i love you, i love you aap itne pyare aadmi hai mai sacchi aapka fan ho gya hoon aur kabhi mujhe zindagi public mai meetha jhut bolne ka mauka milla toh mai sabse pehle aapke pass aunga. ",0
34:57 ,(speaker 3), bas sir documents toh bjp ke pass hai unse documents lijiye. jhut sach chodiye aap bjp se documents lijiye. ,0
35:03 ,(anchor), lekin nadda ji ke ghar documents kisne rkhe? nadda ji ke ghar documents kisne rakhe? wo pta karne ke liye mujhe keh rha hai mujhe pta hai kisne rkhe usse puchegi na police. ,0
35:13 ,(speaker 3), nadda ji ne khud tweet kiya hai ab. ,0
35:15 ,(anchor), yeh aap kahenge mat puchiye sach saamne aa jayega. manipulated media ka sach saamne aa jayega na aane dijiye sach sab satya se kyun ghabrana. nupur sharma kyunki rahul gandhi bhi yeh hi keh rhe hain. satya ko daraya nhi jaa sakta aur aap log nupur darate hain . nupur ,0
35:28 ,(speaker 2), mai please haath jodhkar yahan par bohot galat bayani ho rhi hai desh ke kanoon ko lekar aur procedure ko lekar mai bohot der se intezaar kar rhi hoon. tehsim bhai bura mat maana aapki kanoon ki jaankari bohot hi kamzor hai isliye aapko sarvochnalya ratta hua tha. kripya karke aap dhyan se suniyega mai kya kahungi. sabse pehle toh yeh jo jaanch kar rhi hai dillli police yeh congress ki complaint par kar rhi hai. yeh manipulated media par nhi kar rhi hai.,0
35:55 ,(anchor), yes,1
35:55 ,(speaker 2)," kyun kyunki section 78 IT act 2000 ka yeh kehta hai desh ka kanoon ki jahan par bhi aap kisi social media platform ka naam daal denge toh investigating officer ko choot di jati hai ki jo aapka basis of complaint hai jo aapka subject of complaint hai aap social media platforms par jaake aap puchenge ki kya aisa kuch tweet hua tha kya. manipulated toh kuch aur cheez hai w baad ki baat mat kijiye mai 18 may ki complaint ki baat kar rhi hoon. uss samay section 78 IT act ka pura adhikar deta hai police ka jaakar jaanch padhtal karne ka yeh samajh jaiye. dusri baat aap manipulated media par kehte hain hmari awaaz nhi dabegi. congress aur uske samrthak aman ji saaf si baat hai china ke paksh mai bol lenge, pakistan ke paksh mai bol lenge, twitter tak ke paksh mai bol lenge lekin bharat desh ke paksh mai nhi bolenge. yeh manipulated media jo baad mai aaya hai uspe beti ne IT ki jo department ki minister hai ravi shankar prasad ji jo unka notice jari hua hai isliye hua hai kyunki desh mai agar koi bhi shikayat ya koi bhi mamla kanooni mamla court ke sanyan mai ho toh koi teesri agency uske upar ejudication nhi de sakti. aapko samvidhan toh honi chahiye, basic samajh hai lekin mai aapse apeksha nhi rakhti tehsim bilkul bhi wo alag cheez hai. ab teesri baat mai kehna chahungi kamal ka tathya de diya tehsim bhai tumne kyunki cipla ne aaj tweet diya hai. aaj tweet kiya hai isliye 21 may ko notice kar diya tha. kamaal ka tathya hai, matlab retroactively kaam kar rhi hai hmare desh ki police kya bolte kuch bhi bolte ho anargal sanargal pta nhi kya bolte ho tehsim bhai aur teesri aur bohot ehem baat hai kahan gye hmare bhai bhadoriya ki rajdhani express bhadoriya ji bengal mai kitni seeton par chunaav lada aapne kya aapki jaya bacchan ji wahan par jaa kar campaign kar rhi hai aur. ",0
37:53 ,(speaker 4)," ek baar hindustan ke baarein mai bol do arre devi ji devi ji ek baar hindustan ke logon ki maute aur unke baarein mai bolon, hindustan ki laashein nadi mai ter rhi bolo na. bolo unke baare mai unko jaanvar noch rhe hain bolo unke baarein mai. devi ji boliye na unke baarein mai apne hi log hai na hindustani hai na . hindustani log bina . ",0
38:09 ,(anchor), anurag samajh gye pol khulne wali hai. anurag samajh gye pol khulne wali hai isliye bolne nhi de rhe. ,1
38:29 ,(speaker 4), yahan mehngai se hindustani aatma hatya kar le aap nhi bolenge. aap kis hindustan ki baat kar rhi hain. aap hindustan ke baarein mai nhi bolna chah rhi hain. jo ,0
38:37 ,(anchor), nhi aise nhi aise nhi awaaz clear nhi aati hai ab band kar dijiye audio dono ka band kar dijiye mai request kar rha hoon dono ka audio band. mai request kar rha hoon kyunki audio clear nhi hota skype ke zariye ek ek karke bolenge. mai anurag aapka naam lunga aap tab bolenge. abhi ke liye anurag aapka audio band hai maafi ke saath . nupur ab aap bolengi uske baad anurag aap bolenge kyunki aise audio overlap hota hai log tweet ar rhe hain ki samajh nhi aa rha hai. anurag samajhiye aapko mai pura maua dunga aur araam se lamba boliyega. nupur aap 30 seconds mai khatam kar lijiye. avnijesh awasthi bhi mere saath judd gya hain. ,0
39:06 ,(speaker 2), sabse pehle toh anurag ji aap sabko corona spreader bta rhe hain aap toh khud peet thap thaa rhe the maine bengal mai 20000 logon ki cycle rally kar di . kyun kaunsa chunav lada aapne bengal ke andar. aur jaya bachan ne kaunsa lad liya jo aap bengal pohonch gye the chunaav prachar ke andar. wo super spreader event nhi dikhta aur khaskar nirdosh logon ki maut aur mrityu ka sawal hai toh car sevak bhi bharatiye log the jin par aap chaheete aapke mulayam singh ji ne kaise shoot at sight ka order diya aur sadhuo tak ki jaan li. kripya karke bhuliyega mat aur teesri baat yeh twitter jo hai ameriki sarkari company nhi hai. twitter ke upar florida ka governor jo hmare desh ke hisaab se samjha jaye toh CM ke aude ka hota hai. florida ke governor ne aaj ek nya kanoon nikal diya hai ki aap decide nhi karenge ki matlab twitter decide nhi karega ki kaun twitter par rahega nhi rahega khas taur se agar wo rajnitik pratyashi ho aur aisa hua toh 2.5 lakh dollar per day ka fine unke upar lagega toh baap na samjhe private company ko aaj  ,0
40:10 ,(anchor), theek hai avnijesh awasthi aapke pass aa rha hoon avnikesh awasthi aapke pass aa rha hoo usse pehle 30 seconds anurag bhadoria fir avnijesh awasthi pehle anurag badhoriya ,0
40:18 ,(speaker 4)," mai itni der se hindustan ki baat sunn rha tha ki hindustan ki baat nhi ho rhi. mai keh rha hoon hindustan ki baat toh BJP ki party nhi kar rhi apne hi log apne logon ki lashe nadi mai tereti rhi, jaanwar nochte rhe wo hindustani nhi hai kya bhaiya wo pakistani american nhi hai unke baarein mai chinta vyakta kar lo jo apne log bina oxygen ke tadap tadap ke marr gye wo bhi hindustani the devi ji unke baarein mai bhi do shabd bol do jo hindustani ko hospital mai jagah nhi milli tadap ke marr gye unke baarein mai bol do jo betiyan apni maa ko muh se oxygen de rhi thi wo bhi hindustani thi aur jo patni apne pati ko oxygen de rhi thi tadap tadap ke mar gya wo bhi hindustani tha aur jinka aadhya se toh prabhu ram ne aapko khaded diya. buri tarah aapko harakar khaded diya bola yeh hamre naam ki aastha ka raniti karan kar rhe hain isliye unhone aapko panchayat chunav mai buri tarah latara hai prabhu ram ne . aapko ayodhya se khadeda, aapko varanai se khadeda prabhu ram ne aapko triveni se khadeda bola nhi yeh hmare hindustani bacho ke saath anyay kiya inhone. prabhu ram ke bache bina oxygen ke tada tadap ke marr gye. inhone unke liye oxygen provide nhi ki inhone unke liye oxygen nhi provide ki. isliye prabhu ram ka naam lena band kar dijiye kyunki prbhu ram ne aapko apni nagri se aapko hata diya hai. unhone aapka astitva khatam kar diya hai wahan se . BJP desh ke saath rajneet kar rhi hai aapko rajneet karna hai toh america ke sath kro na aap pakistan ke sath krona. aap apne logon ke saath rajneet kar rhe ho. aone logon ki maut par aap rajneet karna chahte ho apne hi logon jo lagatar maute ho rhi hai uska dhyan bhatkane liye yeh kit wo kit lekar aa rhe ho. ",0
41:39 ,(anchor)," anurag, inn sab ka twitter se sawal se kya lena dena. anurag inn sab ka twitter se sawal se kya lena dena. twitter se sawal karna mana hai. twitter se sawal aapne toh desh par sawal utha diya. twitter se sawal kya ho gya aapne desh par sawaal utha diya. avnijesh awasthi ab aap bolenge.sabka audio band hai. twitter se sawal karna par desh par sawal utha diya jaa rha hai. ji avnijesh awasthi. ",0
42:14 ,(speaker 5)," aman ji aapne sahi bilkul debate ki shuruwat ki thi ki sabse pehla sawal toh nupur se uthta hai ki yeh twitter ke saath jo behaviour hai yeh pehli baar dikkat nhi aai hai. twitter lagatar, lagatar yeh harkate kar rha hai aur videshi social media ke jo platform hai wo lagatar iss tarah ki harkate kar rhe hain. aaj tak kya kiya hai. yeh sawal puchna padega na ho sakta 10-15 din baad yeh samamla hush up ho jaye khatam ho jaye. twitter apna business krega fir sab kuch ho jaega hmari majburi mann ki jayegi ki twitter majburi hai isliye mann  liya jayega. sawal yeh ki yeh test case hai. ",0
42:49 ,(anchor), sahi baat hai,1
42:50 ,(speaker 5)," yeh test case hona chahiye bharat sarkar ke liye ki koi bhi videshi company social media ki ho koi bhi ho wo bharat ke samvidhan bharat mai vyapar karegi toh bharat ke samvidhan, bharat ke kanoon ke hisaab se karegi usko tab hi anumati milegi. ek baat dusri baat badi saaf si baat hai yeh jo videsho ko involve krne ki baat yeh aaj nhi aai . 2002 se narendra modi ke khilaf lagatar bharat ka media aur international media lagatar unko toh visa dene tak se mana kar diya tha. yahan hindustan ke netaon ne chithi likhi thi american president ko ki inko visa na diya jayein. kis taareeke se videsho ko involve karte hain. aur mai tehsim se ek baat kehta hoon ki agar congress mai koi antar kale hogi toh aap kahenge na ki tum bahar wale bjp wale ya communist wale ya koi aur party wale mat bolo yeh hmari andar ki ladai hai hum suljha lenge. na hi aaakramak koi aur aakramak ho sakta hai. aapne acche kaam kiye toh aaj aapki sab tareef kar rhe hain. acche kaam ki tareef hoti hai. aur ant mai anurag bhadoriya ke liye bolunga yeh anurag bhadoriya ussi party ke hain agar aap lok tantrak ko manak mante hain ki ayodhya se banaras se panchayat election mai hta diya toh ussi UP ki janta ne aapka lok sabha aur vidhan sabha mai kya haal kiya hai usko aap soch lijiye kya haal kiya hai aapka . sharm bhi aani chahiye aur yeh wo hi party hai jisme. ",0
44:13 ,(anchor), fir shuru ho gye yeh. yeh format hi nhi hai debate ka apas mai ladna hi nhi hai. nhi audio band karo firse. chaliye ab mai vivek aur nupur sharma aapke pass aunga aur tehsim aapke pass aunga. mai aise debate karta hi nhi hoon aise chikham chilli nhi karni. vivek aghniotri aap kuch keh rhe the. matlab bharat se kam aayenge aur bharat ke kanoon ko thenga dikhaenge aisa nhi chalega. humko message dena padega,1
44:52 ,(speaker 1), aman ji mai bas ek choti si baat karna chahta hoon. mannavta ki yeh itihaas mai yeh sabse badi vipda hai aaj itna zyada log sankat mai hai jiski kalpna nhi hai.aise mai afwae failana jhooti baatein karna unscientific baatein karna duniya sirf law ka hi nhi mannavta ke khilaf ek bohot bada crime hai. wo har vyakti jaisi anurag ji ke party ke neta akhilesh yadav ji ne khule aam kaha tha yeh vaccine koi mat lagana yeh bjp ki vaccine hai yeh mannavta ke khilaf ek bohot bada crime hai. mai haath jodke nivedan karta hoon ki kripya aise apad baatein na karein logon ke beech mai afwae na failaye iske karan kal jab UP mai vaccine lagvane gye toh saara ka saar gaon nadi mai kood gya darke marre. aligarh university mai yeh haalat hai ki dafnane ke liye jagah nhi hai. wahan ke 18-20 professors jo hain unhone isliye nhi lagvaya kehte hain vaccine nhi lag vaenge ramzan chal rha hai. yeh afwae aise neta failate hain isme congress party ne itna bada yogdaan dyia hai . india strain bolke pure vishwa mai boht harzana bhugatna padh rha hain.  ji haan ji haan proof ke saath dikha sakta hoon . sir mai proof kar sakta hoon. aur jahan tak rahul gandhi ki baat hai yeh desh ka koi bhi dushman jo hai wo rahul gandhi ka dost hai. ,0
46:29 ,(speaker 4), mai o bjection kar rha hoongalat baiyani baazi kar rha hai. jo bhi vyakti hai galat bol rha hai isko malum nhi kya bolna hai. kab bola tha unhone. ,0
46:40 ,(anchor), aapko har ek ke beech mai bolna hai. ,0
46:47 ,(speaker 1), unhone bola tha ki nhi bola tha ki vaccine nhi lagvaunga. covaxin ko lekar rahul gandhi ne kitni afwaie failai hai. accha maaf kariye saara desh jaanta hai aap kaun hai kya hain. ,0
47:03 ,(speaker 4), isliye padh likh ke aay karo national TV par baithne aae ho. ,0
47:05 ,(anchor), vivek bhai inki cycle ki raftaar se nhi bheed peyenge aap. inki cycle itni tez dodti hai. nhi unse takkar le payenge. inki cycle ki raftaar bohot tezz hai. ,1
47:20 ,(speaker 1), nupur ji bataengi bjp vaccine bola tha ki nhi bola tha. ,0
47:25 ,(anchor)," theek hai vivek bhai shukriya. anurag harr ek ke beech mai nhi bola karte. mai aapke pass aunga tab boliye. yeh bhi toolkit ka part hai kya ki debate mai iss tareeke se bolne nhi dena. chori pakdi gyi, yeh pakde jaate. yeh sab bhi toolkit mai likha hua hai. mujhe pta hai. nupur mai aapke pass aa rha hoon. apne desh ke mantriyon ki shikayat twitter se bohot hasiyasmak lagta hai mujhe. apne desh ke mantriyon ki shikayat aap kar rhe hain twitter se. ",1
47:57 ,(speaker 2)," aman ji aapko yad hoga maine aapko pichli baari kya kaha tha. ab congress party mai p chidambram, kapil sibal aur wo teesre jo hai inka kaam nhi rha. jinko mia khalifa jo porn star hai aur yeh rihanna thunberg ki zaryrat padh jaati hai. greta thunberg ko mere hisaab se environment ke baare mai A nhi pta hoga mai toh kahungi ki inn teen vakeelon ko aap naukri se nikaliye inko hi apna vakeel banaiye. aap ke toh LOP ne sansad ke patal tak par unka naam le liya tha dekhiye yeh log kya bol rhe hain international lebel. matlab mia khalifa ki zarurat aan padhi lekin mai badhoriya sahab se bohot zyada bol rhe hain itni jald baazi mai bol rhe hain unki train nikalke. zara mai puchna chahungi anurag ji agar aapko itni chinta thi mahamaari ki toh panchayat ke chunav nhi ladte . kyun lade aapne UP mai election.  ",0
48:45 ,(speaker 4), toh wo hi panchayat ke chunaav kyun karvae aapne. ,0
48:46 ,(speaker 2), mai inke upar nhi boli inki bohot buri aadat hai acchi khasi debate jaari hai inko kharab karne hai jaise inn logon ne vatavaran kharab kar rkha hai desh ka. mai ek cheez puchna chahungi anurag ji zarra mujhe aap yeh please bataiyega aapke akhilesh yadav ji ne on record bola tha yeh bjp ki vaccine hai jaise kayde aman bhai mai jaa rhi hoon 6 ddu marg par ham saare milke jadibuti mila lete hain. mai nhi lagat jao hum nhi lagate jab hmari sarkar kahegi tab hum lagaenge. kya yeh karan nhi hai shurwati daur mai pehle charan mai 2 din pehle news aai hai ki gaon ke log bhaag rhe hain ki hum teeka nhi lagvaenge. ,0
50:24 ,(anchor), aap debate mai kitne sawal puchte hai  anurag. ek cheez aapne dekhi aap debate mai kitne sawal puchte hain aur yahan hmari police twitter se sawal puuch rhi hai toh aapko bura lag rha hai. hum twitter se sawal bhi nhi puch sakte hmari police. tehsim twitter se sawal bhi nhi puch sakte? ,0
50:55 ,(speaker 3), 2 claim hai congress kehti hai ki jo nadda ji aur bjp ne tweet kiya yeh galat hai. nadda ji kehte hain ki jo documents inke pass hai jo inhone tweet kiya congress ne bnaya bilkul sahi. 2 hi log hai iss game ke andar ya toh congress galat hai ya bjp. teesra koi intermediatry hai. zee news ya twitter ko isse kya lena dena. unhone toh khabar carry kari hai sawal hai ya toh nadda ji jhut bol rhe hain ya toh sujaywala ji jhut bol rhe hain. aap dono ko bulaiye police station dono se sabut lijiye. ,0
51:30 ,(anchor), ussi jhut ka pta lagane ke liye twitter se sawal puche jaa rhe hain.,0
