timeStamp,speaker,text,label
23:21,(anchor),"  nupur bjp se rashtriya pravakta mere sath live judd chuki hain. aur iske ilava mere sath samajwadi party se bhi mehman hai mohammad abaaz sahab hai samajwadi party ke neta hai, sangeet raggi hai aur maulani ali qadri islamic scholar hain . aap sab ka bohot boht swagat . pura interview aapne sunna. maine koshish ki wo apna bayaan wapas le le kyunki isse bohot galat famehi jaati hai. log corona ko seriously nhi lete hai, vaccine nhi lagwate hain aur samajwadi party ki ek serial sajish chal rhi hai corona ki madad karne ki. nupur mera aapse sawal yeh hai ki ki yeh jo agyanta ka variant hai, yeh jo mahamari ka jo variant hai samajghati variant hai . iski vaccine kya hai. ",1
23:51 ,(speaker 2)," dekhiye aman namashkar aapke panelist ko aur sabhi darshako ko. mai toh inka interviews sunte waqt to thoda sa hass bhi rhi thi kyunki mere toh samajh nhi aaya kya kehna chah rhe hain? ki shariya kanoon mai dakhalandazi hai isliye corona faila hai aur isliye yeh 2 cyclone aaye hain. kyun afan jab aaya tha tab kya hua tha? tab inke mukh se yeh bayaan kyun nhi nikla. afan toh pehle aa chuka hai. aur aapne bilkul sahi sawal pucha aman, baaki desho ke andar corona nhi fail rha kya aman. wahan par kaunse shariya kanoon se saath dakhalandazi ho gyi kyunki inhone caa kanoon ka ek example diya hai. zarra mai yeh jo apne sansad mai maulan bolne wali thi. mai unse ek sawal seddha puchti ki aaj ke akhbar mai, main akhbaro mai ek news aayi hai aman ki 12 saal ki bitiya ka ek maulana ne 12 saal bitiya ka maulana ne rape kiya hai. aur ab wo bhagta fira khada hua toh usse pakda bhi gya bharatpur rajasthan se. zarra bataiye ke kaunse shariya ke sath nainsaafi ho gyi aur yeh yato yeh allah insaaf karne ki koshish kar rhe the ya prophet mohammed insaaf karne ki koshish kar rhe the. aisa 12 saal ki bitiya ne kya kiya ki uske saath dushkarm hua. yeh kis tareeke ka insaaf hua uss bitiya ke saath mujhe bta dijiyega. aur teesri aur sabse ehem baat, hmare desh mai shariya kanoon lagu nhi hota. bhartaiya samvidhan lagu hota hai. indian law of the land and constitution toh maafi chahti hoon isse pehle bhi bohot saari aapdae aai hai aisa toh hai nhi ki wo shariya ke saath nainsaafi ho gyi. aur agar aapko lagta hai ki caa kanoon shariya ke khilaf hai ya fir agar aapko lagta hai ki 3 talaq par jo pratiband lagaya hai sarvochalya ne wo shariya ke khilaf hai toh kripya karke mere do aur sawalo ka jawab dijiye. sabse pehle toh kahan likha hai shariya ke andar ki aap apni marzi se religious persecuted minority ko aap citizenship, nagrikta nhi de sakte. dusra mere seedha sawal yeh hai ki 21 shariyat se chalne wale desho ko toh ma hi janti hoon jisme yeh instant 3 talaq ki pratha ban hai toh wahan par bhi corona virus isliye hi fail rha hoga. aisi avegyanik aur ger kanooni baatein karna aur kehne ko yeh sansad hai. hmare parliament mai baithte hain. yeh shobha bigadte hain. ",0
26:14 ,(anchor)," theek hai. inko azadi kyun hoti hai aise baatein karne ki aap dekhiye na nupur sawal yeh nhi hai ki yeh iss tarah ki baatein karte hain. unka kaam hai wo apni politics kar rhe hain , wo religious politics kar rhe hain, wo communal politics kar rhe hain, unka kaam hai bhai wo kar rhe hain. aapse toh mera sawal yeh hai ki inko azadi kyun hai? pehle akhilesh yadav kehte hain bjp vaccine, fir samajwadi party ke MNC kehte hain ki napunsakta ho jayegi vaccine se aur fir aaj yeh samajwadi party ke sansad jo hai wo kehte hain ki corona jo hai wo shariya mai dakhal ki vajah se hai.mai professor  sangeet raggi aapke pass aa rha hoon, uske baad abbas sahab aapke pass aur fir ali qadri sahab aapke pass. mai sangeet raggi professor sangeet raggi iss umeed ke saath ki tabiyat sahi hai aap corona se recover hue hain. aapki tabiyat sahi hai. raggi sahab sawal mera yeh hi ki ladai kamzor nhi hoti kya? ya iss tarah ke bayaan jaan kar diye jaatein hain taaki desh mai , ladai desh ki kamzor ho. india mai corona faile, koi neeji agenda hota hai kya?  ",0
27:07 ,(speaker 3)," dekhiye hum log wo chahe jo bhi keh le murkhta purn bayaan karle . aap aur hum jo kuch unhe keh le lekin unhone bayaan bohot ghambhirta se aur sochi samjhi sadish ke tehes diya hai. unke agenda bohot saaf hai. yeh dikhaya jaye  ki bharat ke andar muslim virodhi kaam ho rha hai modi ji ke regime ke andar. aur yeh hi karan hai ki yeh jo jitni saari apadaye aa rhi hai, usko isse jodkarke isko btaenge toh muslim samaj ke andar ek prakar ka polarisation ho ske issi se diya hai. ab mai dusri baat par laana chahta hoon, pehli baat toh bharat mai shariya 1937 ko defy kiya gya tha . yeh manushya ke dwara bnaya gya hai. isliye shariya ek divine code nhi hai pehli baat bta rha hoon. dusri baat islam ke andar toh quran bhi prophet mohammad ki mrityu ke baad abu bakr ke baad bnaya gya tha aur do do quran bne the toh yeh shariya uske baad develop hua tha islamic history mai toh waise bhi uss drishti se bhi dekhenge toh shariya ko divine code nhi hai. aur jaisa ki aapne dekha ki triple talaq ke mamle par jaisa ki nupur ne abhi kaha ki kai aise desh hai jahan par usme parivartan kiya hai. yadi wo divine hota toh sabhi jagah ek hi jaisa hota. yadi islamic roop se shariya hota toh saare islamic country mai ek hi jaisa hota. waisa toh hai nhi iska matlab hai ki yeh human made hai. ek teesri baat mei apni keh karke apni bani ko mai rokna chahunga. aap mujhe zyada samay nhi denge mai janta hoon ki duniya mai yadi sabse zyada aaj ke din koi pidit samaj hai toh wo muslim samaj hai. yadi paschimi desho mai dekhenge toh unko aaj ke din mai koi bhi ijjat ki drishti se nhi dekhta hai. sabhya samaj ka hissa unhe manne se aaj ke din mai tayyar nhi hai aur duniya mai aatankwaad ka bhi 85% jo hinsa mai mare gye log hain yeh saare muslim log hai. yani mann lein kya ki kuwait ke andar jitne muslim mare gye the wo bhi shariya ke islam ke na manne ke karan mare gye the.",0
29:23 ,(anchor), mai,0
29:23 ,(speaker 3)," jo algeria mai hota hai, morocco mai hota hai , tunisia ke andar hota hai, iraq ke  andar hota hai , afghanistan ke andar hota hai. palestine mai jo muslman maare jaa rhe hain veh bhi deviya aapada ke karan maare jaa rhe hain? yeh manliya jaye . yani ki srishti ka niyam jo hai.",0
29:42 ,(anchor), raggi sahab mai toh islam shariya par debate aaj kar hi nhi rha mai toh inn logon par debate kar rha hoon jo aise corona ke khilaf yeh afwah virus failate hain. yeh bada khatarnak variant hai. lekin indresh kumar rss ke jo vicharak hai. unka bhi statement aaya hai. unka ek baar statement sunn lete hain iss statement ko lekar . indresh kumar rss vicharak bda bayaan ek baar sunn lijiye aap iss bayaan ko lekar ki mazhab ke naam par uksane wali takkat harr rhi hai. ek baar sunn lijiye indresh kumar ko fir mai abbas sahab aapke paas aata hoon. ,1
31:27 ,(anchor)," matlab corona jo hai wo communal , corona jo hai wo majhabi badla lene aaya hai badla hai caa ka badla hai nrc ka badla hai triple talaq ka . badla hai shariya mai dakhal andazi ka . corona badla lene aaya hai mazhabi badla lekin yeh do tasveere bhi dikhni zaruri hai aaj hum iss par debate isliye kar rhe hain. important inka bayaan nhi ha jo bayaan aaya hai. darasal yeh hai ki inn jaise bayaano ki vajah se ek tareeke ka afwah virus failta hai aur log vaccine nhi lagwate hain. teeka lagwayenge toh marr jayenge, teeka lagwaenge toh napunsak ho jeynge, teeka toh bjp ka teeka hai, corona toh aasmani insaaf hai, corona hai hi kahan. humko kuch nhi karega corona, corona toh jo hai wo communal ha wo toh badla lene aaya hai yahan ke right wing logon se aur yahan ki jo hinduwai takkate hain unse. yahan jo sattadhishi hai unse. kyunki corona jo hai wo nrc ka badla hai, caa ka badla hai. dekhiye humko ho sakta hai hassi aaye lekin jab iss tarah ke senior leader iss tarha ka bayaan dete hain toh fir ground par iska assar hota hai . hota hai na abbaz sahab? matlab corona jo hai wo mazhabi badla hai caa ka badla leh rha hai corona. ",1
32:30 ,(speaker 4)," dekhiye aap sunn lijiye aap ka agenda hai 2022 ka chunaav aur aap wo karenge usme koi shank nhi sunn lijiye dusro ko bhi itna excite kyun ho rhe hain. bhagwan gita mai kehte hain yada yada hi dharmasya gilani bhavati bharat  toh gita ka shlok padh diya aaj doctor  sahab ne agar iss mulk mai kisi par zulm hoga toh wo apna hisaab karega lekin corona mahamari mai jo iss desh ke 135 crore logon ke saath nainsaafi hui shamshano mai lambi line lagti rhi. maa ganga bhar gyi chitae jalane ko lakdi nhi thi, oxygen nhi thi. zulm nhi hua logon par? iska hisaab ishwar bhi lega aur janta bhi legi sattadhisho se. yaad rakhna bada badla aayega. aap ghumane ki koshish na karein aap hindu muslim na karein. iss mulk mai marne waala hindustani tha jo khun baha hai, nange per chalne wale mazduro ka wo hindustani tha isme hindu muslman nhi aaya. aapne baba ramdev ko toh nhi dikhaya. wo allopathy par vaccine ke khilaf bola. ",0
33:40 ,(anchor), vaccine laga li. ,0
33:44 ,(speaker 4), aapka agenda 2022 ka chunav hai jo janta bilkul swikar nhi karegi ,0
33:48 ,(anchor), vaccine lagwai hai? ,0
33:50 ,(speaker 4), naujavan taiyaar hai aur tammam ,0
33:53 ,(anchor), vaccine lagwahi hai abbas sahab ya party line ko follow kar rhe hain. vaccine lagwahi hai?,0
33:58 ,(speaker 4), arre sahab maine nhi lagwaya. 3% vaccine hai kahan. laiye yeh mazzak bna rakha hai. 135 ka 3% ,0
34:09 ,(anchor), nhi lagwai nhi lagwai? ,0
34:10 ,(speaker 4), kisse lagwaun? kisse lagwaun? vaccine hai? kahan hai. ,0
34:16 ,(anchor), register karvaya cowin aap par. ,0
34:16 ,(speaker 4), bilkul sab karvaya. ,0
34:19 ,(anchor)," bhai maine lagwa li hai. yahan jitne log baithe hain sambhavta sabne lagva li hai . aapko lagwani hi nhi hai. akhilesh yadav gussa ho jayenge. napunsak bna dengi bjp ki vaccine aap logon ke chhra sach bolta hai zubaan jhuth bole bole. aap apna chehra dekhiye aapka chehra sach bol rha hain. aap logon ne vaccine nhi lagwani. nhi lagwai na , abbas sahab vaccine nhi lagwai na. vaccine nhi lagwai na. aapko toh bacha lega na upar wala . yeh toh corona jo hai wo hinduo ke liye aaya hai unko sabak sikhane ke liye aaya. aapko thodi na kuch hoga abbas sahab mat lagawaiye vaccine. nhi lagwai na vaccine. vaccine nhi lagwai aapne. ",1
34:58 ,(speaker 4), mere bhai lagwai na vaccine. ,0
34:57 ,(anchor), aapko vaccine lagwani hai ? haan ya na btaiye. chaliye abhi nupur aapke ke liye slot . nupur aapki madad karengi boliye lagwaenge vaccine. ,0
35:05 ,(speaker 4), lagwaenge bilkul lagwaenge lao toh vaccine. ,0
35:10 ,(anchor), aapne ab tak registration karvaya hai. cowin aap mai aapne registration karaya hai. aapne registration karvaya hai. dikhaiye mujhe kahan karwaya hai? dikhaiye. chodiye na aapne lagwane ke liye kahin registration karvaya. ,0
35:23 ,(speaker 4), aap mere masterji hain?  ,0
35:24 ,(anchor), aapke koi ghar par aa kar nhi lagwaega. aapne registration karvaya hai? abbas sahab vaccine ka registration? abbas sahab vaccine ka registration. dekhiye aap log mujhe pta hai ladai kamzor karna chahte hain lekin aap apni jaan ki parvah kariye. sarkar se ladne ke liye aapka rehna zaruri hai. vaccine ka registration. abbas sahab vaccine ka registration. aapke aas pass mobile pda hoga. mobile dikhaiye. registration dikhaiye aapne vaccine ka registration karvaya cowin aap mai. ,1
35:57 ,(speaker 4), mai aapka student nhi hoon. aap thoda tameez se boliye mai aapka student nhi hoon.,0
36:02 ,(anchor), aapko nhi lagwani na vaccine .,0
36:04 ,(speaker 2), inhone register bhi nhi kra hoga. mai bata sakti hoon.,0
36:06 ,(anchor), na aapne lagwai hai na lagwani hai. na aapne lagwani hai na lagwai hai. aap log aap lagwa lenge . dekhiye aap mujhe kya sikha rhe hain. mujhe mat sikhaiye sir . mujhe mat darraiye . maine shariye ke khilaf kuch nhi bola hai mujhe dhamkaiyega nhi. ,1
36:22 ,(speaker 4), shariya kahan se aa gya bhai.,0
36:23 ,(anchor), darr lagta hai bhai darr lagta hai bhai. maine shariya ke khilaf ek shabd nhi bola ab tak. mai vaccine lagwane ke liye bol rha hoon. yeh shariya ke khilaf nhi hai. vaccine lagwana shariya ke khilaf nhi hai abbas sahab. ma aapki sehat ki chinta kar rha hoon. ,0
36:38 ,(speaker 2), dekhiye aman ji inki puri ,0
36:43 ,(anchor), chaliye nupur fir mai aa rha hoon qadri sahab . qadri sahab aa rha hoon.,0
36:46 ,(speaker 2), aman ji mai itna chahunga. inko please chup kijiyega meri awaaz waisi hi katt rhi hai mai skype par hoon. inke chilane se kuch nhi hoga. dekhiye yhe toh keh rhe hain ek cheez saaf ho chuki hai aman ji yeh bohot hi gehri bohot hi sochi samjhi sadish hai. yeh ke shariyantra racha jaa rha hain ki shariya se laddo darro nhi toh ,0
37:06 ,(anchor), ho gya ho gya sir,0
37:05 ,(speaker 2)," shariya se darro nhi toh corona ho jayega. shariya se darro kanoon mai badlav mat lao logon ki chinta mat kro, logon ke aap kisi tarah se logon ki madad mat kro nhi toh corona ho jayega , aapda aa jayegi, cyclone aa jayega. yeh bohot gehri sochi samjhi sadish hai. mai inn jannab se ek baat puchungi ki inhone registration nhi karaya. kyun mai isko sadish keh rhi hoon? kyunki corona failane mai shayad . logon ko teeka na lage , logon ko corona ho jaye aur  unka vishwas teeka se aur dawai se uth jaye. kya yeh aapko shariyat ne di thi? ke aap ya toh aur unko dawai ki aur dua ki ek tareeke se ek solution nhi chodoge inke pass. mai inse kahungi jo bohot zyada chila rhe the.",0
38:01 ,(anchor)," nhi nhi wo toh aap sahi hai . nupur maine aaj ki bhi figures dekhi hai. maine aaj ki bhi figures dekhi hai. wo shayad nupur abbas sahab agar mai galat nhi hoon. UP toh top par hai 5 crore vaccination. 5 crore testing. wahan par 3 lakh ke aas pass. theek hai aap lagwana nhi chahte . theek hai qadri sahab ab mai aapke pass aa rha hoon. qadri sahab, qadri sahab caa layenge toh corona aur tabahi machaega? nrc layenge toh coron aur tabahi machaega? corona ki ladai shariya kahan se aai? chaliye theek hai ek minute qadri sahab bolenge. dekhiye qadri sahab unko samajhaenge ki isme hindu muslim nhi hai corona secular hai. qadri sahab inhe samajhiye ki corona se ladai hai. shariya kahan se aai hai? wo hassan sahab ke liye khe rhe hain. haan haan bacha lenge baccha lenge ",0
39:22 ,(speaker 2), yeh keh rhe hain teeka lagwane se log barbad hote hain. yeh dekhiye ,0
39:27 ,(anchor), theek hai qadri sahab.  ,0
39:31 ,(speaker 2)," yeh darrane wali rajneeti khel rhe hain. yeh keh rhe hain teeke se log barbaad hota hain, desh barbaad ho jayega.  ",0
39:37 ,(anchor)," maulana ali qadri. ab ek minute na band kar dijiye aap audio bas band kar dijiye kyunki mere sath shafiq ur rehman bhi judd gye hain samajwadi party se accha ek baar unhi ke pass chalte hain. samajwadi party ke sansad hai, bark sahab swagat hai aapka zeenews par aapka. ",0
39:53 ,(speaker 5), ji ji ,0
39:52 ,(anchor), st hassan sahab keh rhe hain ki muslim ke saath nainsaafi isliye corona fail rha hai itna zyada. aapko lagta hai sahi keh rhe hain wo? corona se ladai shariya kahan se aai?,0
40:02 ,(speaker 5), maine toh nhi sunna na unka bayaan sunna na mujhe pta.  ,0
40:13 ,(anchor), kya aap kya keh rhe hain. kya bayaan aapne sunna hai? aap kahein toh mai sunna doon? ,0
40:17 ,(speaker 5), nhi maine nhi sunna hai. ,0
40:22 ,(anchor), sunna doon aapke liye ek baar sunna deta hoon. pcr ek baar sunna dijiye shafiq ur rehman ek baar samajwadi party ke senior leader hai sansad hai. ,0
41:17 ,(anchor), barq sahab aapne sunna hassan sahab sansad hai aapki party se. wo keh rhe hain shariya mai dakhal isliye corona. muslmano ke sath nainsaafi isliye corona aaya hai. sahi keh rhe hain? ,0
41:29 ,(speaker 5), dekhiye. mai yeh toh unka kehna hai mai wo jo marzi keh rhe hain wo unki jagah hai. maine toh abhi sunna aapke zariye se lekin mai iss par kisi ki baat par mai tapsla nhi kar rha. mai apni policy bta sakta hoon aapko mai. ,0
41:51 ,(anchor), nhi wo samajwadi party se hi sansad hai toh aapki party ki hi line hogi yeh sab . agar aapko bhi kuch bolna hai appease karna hai toh bol sakte hain aap. barq sahab. ,1
41:58 ,(speaker 5), mai toh apni samajwadi party ki toh jo meri policy hai iss mulk mai ya saare insaano ke liye hai aur saar muslmano ke liye hai berehel agar hmare saath koi nainsaafi hoti hai aur koi chahe desh mai koi bhi nainsaafi ho toh hum uss nainsaafi ke toh khilaf hai par hum bhi issi desh ke rehne wale hain . yahan hmara bhi hissa hai aur humne hamesha desh ke liye kurbaniya di hai. jab desh azaad nhi hua tha toh humne kaunsi kurbani iss desh ke liye nhi di toh hum kya apni baat kehne ke hakdar nhi hai. ,0
42:37 ,(anchor), nhi mai wo toh debate hi nhi kar rha. mai toh bhaq sahab aap kahan pohonch gya. mai koi . mai rahstrawadi muslmano ki toh baat hi nhi kar rha . mai aapki koi uss par thodi na sawal utha rha hoon. mai toh party ki baat kar rha hoon kya samajwadi party itefaak rakhti hai jo hassan sahab ne kaha hai ki muslmano ki utpeeda nhi hai. unke saath nainsaafi ki vajah se corona hai? ,0
42:55 ,(speaker 5), mai sunn rha hoon. mujhe kya malum unse baat karunga isme ki kya aisi baat hui hai? ,0
43:04 ,(anchor), galat kaha sahi kaha? ,0
43:06 ,(speaker 5), nhi mai kya mai galat sahi kehne wala kaun hoon? ,0
43:14 ,(anchor), accha aapko bhi lagta hai ki haan ho sakta hai shariya mai dakhal ki vajah se corona hai? ,0
43:21 ,(speaker 5), aap ghumkarke mujhse puchiye. mai jis policy ka manne wala hoon mai apni baat alag rkhunga. ab mai dusre ki policy par koi mujhe haq nhi hai. ,0
43:35 ,(anchor), unhone sahi kaha galat kaha? barq sahab aap itne senior hai barq sahab bta dijiye unhone sahi kaha galat kaha? shariya mai dakhal isliye corona. barq sahab? ,0
43:41 ,(speaker 5), arre sir shariya mai  ,0
43:46 ,(anchor), mushkil ho rhi hai unhe bachana. galat kaha unhone?  ,0
43:46 ,(speaker 5), uske liye bachane ke liye shariyat ka koi baat kehta hai toh hum shariyat ke manne wale hain. isme do rae nhi hai aur hum muslman hai aur iss desh ke bhi paath hai aur iss waqt jo bjp ki government hai unki policiya jo hai wo muslmano ke khilaf zarur hai itna mai keh sakta hoon ,0
44:15 ,(anchor), isliye corona aaya hai? ,0
44:14 ,(speaker 5), corona toh pehle aa gy. lekin ab corona  ,0
44:26 ,(anchor), toh galat bol rhe hain hassan sahab theek hai. ,0
44:28 ,(speaker 5), yeh aap kahiye sahi hai ya galat. ,0
44:34 ,(anchor), theek hai yeh galat bol rhe hain na hassan sahab. baat khatam aapne bol diya. uska koi lena dena nhi hai corona aur shariya ka koi lena dena nhi. aapne bhi kaha tha vaccine na lagwaye. ab aapka koi rukh badla hai. aapne bhi shayad sansad mai kaha tha na ki vaccine na lagwae. ab vaccine lagwani chahiye ya nhi lagwani chahiye. january ke mahine mai aapne sansad mai kaha tha. agar mai galat nhi hoon. ,0
44:50 ,(speaker 5), maine kab kaha tha ki ai nhi . nhi yeh toh maine bayaan nhi diya.  ,0
44:55 ,(anchor), vaccine mai kuch gadbad hai isliye vaccine na lagwae. aap ne kaha tha na sansad mai. aapka statement hai.,0
45:03 ,(speaker 5), ab government ki policies mai ke ki dugni kisse hai kisi ki zyada hai kisi ki kamm hai toh yeh tha ki bhai kaunsa accha hai kauna bura hai. isme kyun policy mai inka unki kimmato mai farak kyun hai isme? toh isliye . ,0
45:26 ,(anchor), toh ab theek hai? ab lagwa le saare vaccine? ab bol dijiye ki ab saare vaccine lagwae. barq sahab ab bol dijiye ki ab saare vaccine lagwae. ab saare vaccine lagwae kyunki aap senior hai aap bolte hain toh asar padta hai. ,0
45:38 ,(speaker 5), humne vaccine  ,0
45:41 ,(anchor), kyunki aapne apne bayaan ulemaho ka zikr kiya tha.  aapne ulemaon ka zikr kiya tha apne bayaan mai . aapne kaha tha ki ulemao mai bhi bayaan jaari kar rkha hai ki vaccine mai kuch gadbad hai.,0
45:51 ,(speaker 5), haan nhi toh ab vaccine se jo theek hai jo kagwa rhe hain. ,0
46:05 ,(anchor), vaccine lagwani chahiye na kyunki mujhe aage badhna hai. saare lagwae milkar lagwae sab lagwae. ab vaccne theek hai mai apne bayaan ko vapas leta hoon jo pehle bola tha galat bola tha. ,0
46:11 ,(speaker 5), arre mai wapas koi na bayaan wapas le sakta hoon koi bayaan apna. ji ji  ,0
46:22 ,(anchor), toh bol dijiye ki saare vaccine lagwae. ,0
46:21 ,(speaker 5), arre toh vacine toh lagwane ke liye hum kab mana kar rhe hain. vaccine harr aadmi ko lagwae . ,0
46:34 ,(anchor), bol dijiye ek baar saare vaccine lagwae. vaccine mai koi dikkat nhi hai. mujeh aage qadri sahab ke pass jaana hai. bol dijiye saare vaccine lagwae koi gadbadi nhi hai. jaldi bol dijiye saare vaccine lagwae koi gadbadi nhi hai.  ,0
46:43 ,(speaker 5), arre vaccine lagwane ke liye main kab manna kiya? vaccine mat lagwao. ,0
46:50 ,(anchor), aapne kiya tha. aapne kiya tha ulemao ne bhi bayaan jaari kar rkha hai ki vaccine mai kuch gadbad hai isliye abhi vaccine na lagwae. chaliye kiya tha nhi kiya tha vaccine lagwae. akhilesh yadav thodi na gussa ho jayenge aapse. aap bol diijie vaccine lagwae saare lagwae. ,1
47:05 ,(speaker 5), mujhse zabardasti kehlwana chahte ho kya?  ,0
47:14 ,(anchor), aap nhi kehna chahte hain. party line ke khilaf ho jayega vaccine lagwana party line ke khilaf hai kya?  party ki sadasyata chali jaati hai?,1
47:25 ,(speaker 5), nhi nhi  ,0
47:26 ,(anchor), ek form aay hai samajwadi party ka jisme likhna hai ki vaccination likhna hai tabhi aap sadasya hain. ,1
47:32 ,(speaker 5), na toh akhilesh yadav ne kabh yeh mana kiya iss tareeke se aur na toh abhi aisi policy aai hai. ,0
47:39 ,(anchor), ladi se bol dijiye saare vaccine lagwae qadri sahab ke pass jaana hai mujhe. saare vaccine lagwae. ,0
47:46 ,(speaker 5), saare vaccine lagwale mai vaccine lagwane ke liye kab mana kar rha hoon. mai kaun hota hoon. ,0
47:51 ,(anchor), kiya tha na aapne aap nhi bol sakte khair chaliye wo aapki party ki line hai shukriya barq sahab. aapne samay nikala zee news ke liye bohot bohot shukriya.qadri sahab corona ki ladai shariya kahan se aayi? ,0
48:01 ,(speaker 6), bohot boht shukriya aman kaafi jaldi mauka de diya. sabse pehle sangeet raggi ka jawab dunga ki divine law ke baare mai jo unhone kaha toh yeh ek islamic mamla hai iske mamle mai koi na bole toh behtar hai. quran kab aaya kidhar aaya unko islamic nkowledge hasil karne ki zarurat hai. ,0
48:20 ,(anchor), nhi mai uss par debate nhi kar rha . mai topic par launga. ,0
48:26 ,(speaker 6), unke khud ke liye bhi problem hai. ,0
48:28 ,(anchor), ji ji nhi nhi mai uss par nhi jaa rha . maii na islam par debate kar rha hoon na quran par na shariya par. corona ki ladai shariya kahan se aai.,0
48:35 ,(speaker 6), unhone kaha isliye unka jawab de rha hoon. na mai suniye unhone divine law ki baat kahi toh uska jawab dunga mai warna mujhe community puchegi isliye jawab de rha hoon ki quran aasmani kidab hai aur sharahi law divine law hai. agar mai yeh keh doon ki ramayan ek kahani hai. agar mai yeh keh doon ki bhagwad gita ek kahani hai ek just imagination hai ramayan ki jo kahani hai ek imagination hai toh saare hinduo ma bawal mach jayega lekin mai nhi kahunga . mai kisi ko takleef dena mai nhi chahta.  ,0
49:07 ,(anchor), aapko kya pta humko gyan mat dijiyega. ,0
49:10 ,(speaker 6), haan aap gyan de dena. aap gyan de dena islam ke baare mai gyan dene ki koshish aap dene ki koshish nhi karna. aman chopra anti muslim hai jo sabko malum ho gya. ,0
49:22 ,(anchor), qadri sahab ungli niche. araam se qadri sahab ,0
49:25 ,(speaker 6), tum ungli niche karo batameezi mat karo zyada. ,0
49:27 ,(anchor), aap ungli niche kijiye. ,0
49:27 ,(speaker 6), anti islam aman chopra hai. anti islam hai.,0
49:32 ,(anchor), haan haan aram se qadri sahab.  ungli niche  aur aram se baat kariye. aap sammanit hai na apko araam se baat karne ke liye bulaya hai na. ,0
49:41 ,(speaker 6), hum apni ungli utha kar baat karenge. aankh mai aankh daal kar baat karenge.,0
49:43 ,(anchor), aapko aram se baat karne ke liye bulaya hai ya ukhad kyun rhe hain. chaliye btaiyie corona ki ladai shariya kahan se aayi. corona ki ladai shariya kahan se aayi. ,0
49:51 ,(speaker 6), mai keh rha hoon sunno himmat hai toh sunno. caa jo kanoon hai yeh anti constitutional kanoon hai. ger samvidhani kanoon hai iska shariya se koi taluk nhi hai. na mai unke bayaan ki tareef karta hoon. samajh rhe hain. yahan tak ki vaccin ka sawal hai ek baar nhi . ,0
50:14 ,(anchor), cca ka full form pta hai. kya hai full form? caa ka vaccine se koi lena dena hi nhi hai. caa ki full form nhi pta hoga. kya hai caa.,0
50:24 ,(speaker 6), sunno sunno zra constitutiona padho pehle . ,0
50:27 ,(anchor), kya hai caa kya hai? ,0
50:29 ,(speaker 6), kisi bhi dharm ke adhar par koi bhi  ,0
50:29 ,(anchor), kya hai caa? arre caa kya hai? aapko caa pta hai kya hai? ,0
50:37 ,(speaker 6), muslim lavz jo istemaak kra gya wo galat hai. ,0
50:39 ,(anchor), kya hai caa? yeh sawal out of syllabus aa gya kya? caa kya hai? caa pta hi nhi hai aapko. ,0
50:50 ,(speaker 6), kya hai kanoon bolo. ,0
50:52 ,(anchor)," caa kya hai? citizenship amendment act. full form . sunn lijiye, likh lijiye aage ke liye yaad aayega. uska india se koi lena dena hi nhi hai. uska bharatiyo se koi lena dena hi nhi hai. wo bahar ke jo nagrik hai hindu muslim sikh isai hai wo . indians ka lena dena hi nhi hai caa se. homework kariye padhiye. caa hota hai citizenship amendment act. bharatiyo se koi lena dena nhi hai. nupur boliye jaldi se  ",0
51:22 ,(speaker 2), qadri ji qadri ji dusro ko padha rhe hain khud toh padhke aa jate. ek second.  ,0
52:03 ,(anchor), yeh na qadri sahab lekin corona kya lena dena hai isse. aap samajhiye caa ka corona se kya lena dena? bhaisahab vaccination ke liye kagaz dikha rhe hain na. ab koi dikkat nhi ho rhi kya? chaliye shukriya nupur aapka qadri sahab aapka vaccination ke liye kagaz dikha rhe hain na aap. sangeet raggi sahab maafi aapke pass nhi aa paya.,0
