timeStamp,speaker,text,label
00:00 ,(ANCHOR), matlab isko is tarike se samjhiye ab bihar sarkar ke neta mantri sansad maanniye ke khilaf likhne se pehle sau baar sochiyega girftar ho jayenge fir ho jayegi jail jaana padega vidhyak mantri sansad matlab sarkar ke khilaf likhna mana hai sarkar ke khilaf bolna mana hai agar bihar ke neta mantri vidhyak ke khilaf kuch bhi tweet kar diya facebook par social media par kuch bhi likh diya jo unko apmaanjanak laga jo unko amaryadit laga toh phir jail jaana teh tol mol ke bol humare desh mein jaante hai loktantr hai duniya ka sabse bada loktantr hai garv hai samvidhan hai aur samvidhan ka anuched unis humme abhivkyati ki azaadi ka adhikar deta hai lekinkya abhivkhyati ki azaadi ki bhi seema teh karne ka waqt aa gaya hai kya kya abhivkhyati ki bhi laxman rekha teh honi chahiye bihar mein nitish kumar aisa hi kar rahe hai bihar mein social media par mantri bahut dhayan se suniyega badi khabar hai social media par bihar ke mantri sansad vidhayak aur sarkari afsaro ke khilaf amarydait apmaanjanak tipni karne walon ke khilaf karwaayi karne ka adesh jaari kar diya gaya hai bihar sarkar ke khilaf ab kuch bhi lkhne se pehle sau baar sochiyega jail jaana padega abhivkhyati par vaar nitish e kumar is farman ke baad bihar mein siasyat garma chuki hai tejashwi yadav ne twitter par likha hai ki nitish kumar hitler pad chino par char rahe hai hitler keh rahe hai ab phir kya girftaari ho jayegi tejashwi ki yadav ki bhi kyunki woh toh nitish kumar ko hitler keh rahe hai jdu ki dalil hai ki social media ka durupyog ho raha hai apdarwaisha aur apshabdo ka prayog kiya jaa raha hai isliye jaroori hai sarkar ke kadamo ki sarhana honi chahiye lekin yeh bhais ka mudda taal thok ke humare saath is waqt ek khaas mehmaan pappu yadav judh chuke hai janadhikar party se hai pappu yadav ji hai mere saath rajiv ranjan jdu se hai ek bahut bada panel hai martunjay singh bihar police association ke adhyaksh hai woh mere saath hai guru prakash bjp se hai aur nawal kishore ji hai rjd se aap sabka bahut bahut swagat lekin papu yadav ko jaana hai ek baar jaldi se unse shurvat mein ek do sawaal uske baad unko jaana hai pappu yadav ji sochkar boliyega jail jaana padh jayega kya sawaal pucho jo bhi jawaab dijiyega sochkar boliyega tol mol kar boliyega police utha legi jail bhej degi  ,1
02:09 ,(SPEAKER 1), dekhiye ek baat dekhiye ek baat main bahut clear bata dun iske pehle bhi maharashtra mein aur lagatar samvidhan aur kaanoon ki dajiyan koi sarkar yadi khatam kar rahi hai to woh uttar pradesh ki sarkar hai aur nitish kumar ji to jp karpuri lohia aise logo chaudhary charan singh devilal aise logo ke naittritiv mein raajneeti mein aaye unko pata hai tanashahi kya hoti hai unke padhadhikari mujhe lagte hai ki nitish ji se bilkul alag ho chuke hai padhadhikarion ka jis tarike se farman hai abhivkhyati ki azaadi mein ek baar pehle bhi kaha ki aap kiski ke yeh baat bilkul thik hai social media par kuch cheeje fake vfake kuch cheeje aati rehti hai aap uske liye cyber hai uske liye aap khud aap nirnay lene lagenge thaanedaar nirnay lene lagegi sarkar nirnay lagega jab yeh try hai pehle se sarvoch nyaayaalay aur high court ka kahi guidelines hai jab social media bani thi to uske liye aap trump ko bhi aap dekhenge ki jab cheeje desh ke khilaf thi maanavta ke khilaf thi  democracy ke khilaf the to rashtrpati ka bhi twitter se lekar  ,0
03:28 ,(ANCHOR), seedha seedha bataiye na swagat karte hai faisle ka nahi jalebi bana rahe hai yadav ji  ,0
03:36 ,(SPEAKERÂ 1), bahut bahut bahut bahut clear bahut clear thoda samjhne ka prayas kijiye ki is faisle swagat karna hum toh meri toh ek nature hai main baar baar kehta hun ki chori karta neta hai lootta padhaadhikhari hai poora ka poora jo pristithiya hai kuch neta ko chhod dijiye jiske kaaran desh bacha hua hai woh ten percent to assi partishit netaon ki bhagyedari kabhi zameen mafiayon ke mein kabhi balu mafia mein sharabo mein ,0
04:07 ,(ANCHOR), yadav ji kuch nahi samjh aa raha hai ek sawaal ka jawaab de dijiye apmanjanak tipni par fir sahi ya galat  ,0
04:14 ,(SPEAKERÂ 1), kya aap neta netaon ke khil nahi pehle aap meri baat samjhiye bilkul apmanjanak tipni ka kya matlab isko teh kaun karega thanedaar saiyan bhel kotwal to h ab dar kahe soo bajat te baaje chalniyo baaje aap isko teh kaun karega koi court na jab try bani huyi hai jab cyber court bana hua hai toh woh in cheejo ko dekhega jo to p[ehle niyam hai kya hum vartman mein jo law hai jo sarvoch nyaayalya ka guideline hai kya hum us guideline ke bahar jayenge kya aap dara rahe hai kya padhadhikariyon ko kisi baat ki dar hai kya netaon ko dar hai jab aap baat karyega in netaon ki sampati jaanch karne ki jinko double triple logo ne paise kamaye hai pandrah saal bees saalo ke andar sabse sharab bandhi huyi hai ,0
05:05 ,(ANCHOR), asar ho raha hai aadesh ka sochkar bahut tol mol kar bol rahe hai aap matlab yeh aadesh hai mere haath mein pappu yadav ji is aadesh ka asar ho raha hai bahut tol mol kar soch samjh kar bol rahe hai aap bahut bebapki se aapne mere saath humesha baat kari hai taal thok ke aap jab bhi baithe hai  ,1
05:18 ,(SPEAKERÂ 1), pehle to sun to lijiye janab main main main main lagatar main aap ko keh raha hun ki nahi koi tol mol ke nahi bol rahe hai maine kaha ki isme koi kaanoon aur samvidhan se bahar jo sir guideline hai uske bahar koi sarkar nahi ja sakti hai aur sarkar ke dar se yadi chor ko chor kehna chhod diya jaye galat ko galat kehna chhod diya jaye tath ke aadhar par jab koi baat aati hai to aapko to right hai yadi hum kiski ke khilaf bolenge to us par fir lodge ho woh uska jawaab de court mein jaye hum galat kiye to us par karwaayi ho ,0
05:56 ,(ANCHOR), pata nahi kyun aaj lag hi nahi raha main pappu yadav se baat kar raha hun aaj to beech ki line le rahe hai sambal sambal kar bol rahe hai kuch badal gayi hai cheeze ya to aadesh padh liya aap bhi dar gaye hai bahut sambal sambal kar bol rahe hai asar ho raha hai aadesh ka yadav ji  ,1
06:09 ,(SPEAKERÂ 1), phir wahi baate kya kiya jaye kya kiya jaye gaali dena shuru kar diya jaye main kaha ki sawaal hi nahi uthta ,0
06:18 ,(ANCHOR), faisla sahi hai ya nahi hai bas yeh bata dijiye  ,0
06:24 ,(SPEAKERÂ 1), bilkul bilkul galat faisla ,0
06:26 ,(ANCHOR), bas thik  ,0
06:25 ,(SPEAKERÂ 1), bilkul galat faisla yeh faisla loktantr ke aur samvidhan ke hit mein nahi hai yeh faisla court aur sarvoch nyaayalya ke hit mein nahi hai pehle hi kahi guideline interpretation court karegi ,0
06:42 ,(ANCHOR), thik hai  ,0
06:42 ,(SPEAKERÂ 1), yeh sp collector nahi kar sakte hai ,0
06:43 ,(ANCHOR), thik hai to yeh dar kis cheez ha hai nitish kumar ko social media se kyu dar rahe hai kyu dar hai nitish kumar social media se kis cheez ha dar  ,0
06:52 ,(SPEAKERÂ 1), bhaiya yeh toh dekhiye ek baat to yeh to nitish yeh main mujhe lagta hai ki nitish kumar ji ka yeh farman shayad naah ho kyunki unhone jp ko dekha hai karpuri ji ko dekha hai lohia ko dekha hai unke padhadhikari ka farman ho jo jo istithi hai bihar mein jis tarike ki sarkar chal rahi hai usme nitish kumar ji kitna asamrath hai adthalis ghante ki baat karte hai baate nahi hopti hai jis tarike se rupesh hatyakaand mein neta padhadhikariyon ka nexus hai aap us par karw us par yadi koi baat karega kya istithi hai ,0
07:30 ,(ANCHOR), yeh nitish kumar ka nahi hai yeh sarkar ka hi toh hai bihar patna aarthik apradh shaka upper police maha nideshak naiyar hasnain khan bihar patna economic offence wing upper police maia yeh toh sarkar ka ka hi hua na bhi police ka sarkar ka hi toh hua sarkar ki bina sarkar ki muhar ke thodi na aadesh jaari ho jayega  ,0
07:45 ,(SPEAKERÂ 1), nahi kar sakti apraadh sir nahi kar sakti hai ,0
07:48 ,(ANCHOR), nahi na  ,0
07:50 ,(SPEAKERÂ 1), nahi apraadh shaka nahi kar sakti aarthik apraadh shaka yeh nahi kar sakti hai unke alag kaanoon hai unke alag niyam hai ,0
07:58 ,(ANCHOR), bina sarkar ki manjoori ke thodi na ho jayega  ,0
08:00 ,(SPEAKERÂ 1), social media ya aam aadmi ke jine ke tarike par shehar mujhe toh mujhe toh lagta hai ki abhi jo jitna faisla hota hai usme nitish kumar ji ko bahut faisle ki jaankari pandrah saal bees saalo se patna mein padhadhikari baithe huye hai kyu baithe huye hai yeh baat sahi hai kya kaaran hai kaun aisia line hai ghut hai jo poora hobby hai nitish kumar ki ideology par vichaardhara par padhadhikari mujhe ,0
08:28 ,(ANCHOR), acha nitish kumar anbhigye hai woh bhole baale hai unko nahi pata yeh sab ho raha hai yeh nitish kumar ke khilaf saazish hai adhikariyon ki naya angle de rahe hai sur badal gaye pappu yadav ke  ,1
08:38 ,(SPEAKERÂ 1), maine nahi maine maine bhaiya main bahut clear aapko bata dun nitish kumar ji ke khilaf saazish hai ya nahi hai lekin bihar mein ,0
08:48 ,(ANCHOR), chaliye thik hai  ,0
08:49 ,(SPEAKERÂ 1), lekin bihar mein padhadhikari satta chala rahi hai padhadhikaariyon ki poori monopoly hai ,0
08:53 ,(ANCHOR), sir adhikari thodi na koi itna bada aadesh bina sarkar ki manjoori ke jaari kar dega yadav ji aapko bhi pata hai thodi na koi adhikari yeh saare prvakhta ke bachav ab rajiv ranjan ke paas mein jaunga ab main rajiv ranjan ke paas jaunga yadav ji bina sarkar ki manjoori ke itna bada aadesh jaari ho jayega  ,0
09:09 ,(SPEAKERÂ 1), main yahan bahut nirankkush bina yahan nirankkushta hai ,0
09:14 ,(ANCHOR), acha  ,0
09:14 ,(SPEAKERÂ 1), yahan padhadhikari theka mein bhagyedaari balu mein bhaagidari yahan par zameen ke mafiyaon mein bhaagidaari sharab mein bhaagidari ,0
09:22 ,(ANCHOR), toh mukhyemantri se nahi sambal raha matlab mukhyemantri se ab padhadhikari nahi sambal rahe  ,0
09:28 ,(SPEAKERÂ 1), bilkul istithi mujhe lagta hai ki abhi jo istithi hai usme ,0
09:34 ,(ANCHOR), bahut sambal kar bol rahe hai aaj thik hai order ka asar hai bahut sambal kar pappu yadav bhi bol rahe hai chaliye shukriya pappu yadav ji mujhe pataya gaya tha shurvat mein ab itna hi samay hai bahut bahut shukriya pappu yadav rajiv ranjan ab main aapke paas aa raha hun kuch pucho rajiv ji matlab koi apmaanjanak lag gaya to mer par bhi na case ho jaaye main sawaal soch raha hun kya pucho kuch pucha kuch apmaanjanak lag gaya phir  ,1
10:03 ,(SPEAKERÂ 2), dekhiye taal thok ke puchiye ,0
10:07 ,(ANCHOR), ranjiv ranjan ji awaaz paunch rahi aap tak  ,0
10:10 ,(SPEAKERÂ 2), haan puchiye na aap sawaal to ,0
10:11 ,(ANCHOR), mujhe dar lag raha hai na main puchunga apmaanjanak na lag jaye sir  ,1
10:15 ,(SPEAKERÂ 2), main aapki baat sun raha hun kitni bar dohrayenge ek hi baat sawaal puchiye ,0
10:18 ,(ANCHOR), himmat hi nahi ho rahi puchne ki order mere haath mein hai order padhne ke baad apmaanjanak lag gaya to main kahan jaunga sir kyunki social media par live ja raha hai yeh  ,1
10:32 ,(SPEAKERÂ 2), aapki kathnai kya hai main nahi jaanta hun tejashwi yadav aur congress ki katnai main samjh sakta hun lekin agar aapki koi katnai hai to sawaal jaldi puchiye ,0
10:38 ,(ANCHOR), meri katnai yeh hai ki aap thodi na aap yeh teh kaun karega kya apmaanjanak hai aur kya amaryadit hai aap log teh karenge  ,0
10:47 ,(SPEAKERÂ 2), dekhiye sabse pehle cyber crime ke liye yeh aarthik apraadhikaai nodal agency hai aur bihar mein social media ko lekar yeh chinta pehle se bhi jahir kee jaati rahi ki jin uddeshyon ke liye social media aur internet ka istemaal kiya jaana chaiye usse kahi na kah iek bhatakaav ka shikaar social media hua hai netaon ko adhikaariyon ko aam logo ko jis tarah se gaaliyan di jaati hai jis tarah se school settle karne ke liye prhaar kiye jaate hai maryaada taar-taar kiye jaate hai usko lekar chinta thi aur cyber crime ko lekar ke jo act bana hai us act ke antargat jo aapattijanak shabd ke liye abhdrata ke liye bhraanti poorn yeh sab jo bhi hai inki paribhaasha pehle se nirdhaarit hai aur isiliye is kaanoon ke kriyaanvayan ke liye aarthik aparaadh ikai ke upper mahanideshak ne alag-alag vibhaagon ke pradhan sachiv ko yeh patr likha hai ki aisi suchna agar aapke paas hai to aap dekhiye phir hum usko jaanchenge ,0
11:57 ,(ANCHOR), acha  ,0
11:59 ,(SPEAKERÂ 2), ki us kaanoon ka ulangan agar ho raha hai tab in mamlo ko le karke humari aur se karwaayi hogi yeh itna paardarshi prbandhan hai ,0
12:08 ,(ANCHOR), ji  ,0
12:08 ,(SPEAKERÂ 2), jisme koi tarah kisi bhi tarike ka sawaal nahi khada ho sakta hai yahan tejashwi yadav kisi ko saath mamlo ke aaropi bata sakte hai srijankarta pata sakte hai saath ghotalo ke lekin agar unse dastavedi saboot maangenge to pata nahi unke paas kisi cheez ka jawaab nahi hoga jis tarah se rjd aur congress ke official twitter handle ka durupyog hua hai bade netaon ke offical twitter handle se jo verified rakha unhe wahan jis tarah ki tipniya ki gayi hai usse kahi na kahi loktantr aur abhivkhyati ki svatantra ki duhaai karne wale dene wale log duniya ko jo bhi kehna chahte ho lekin yeh abhivkhyati ki svtantra ka ghor durupyog hai aur is par kahi na kahi ankush aaveshak hai aur isliye rajye sarkar ne yeh kaanoon enforce karne ka faisla agar kiya hai to desh ke baaki rajyaon ko bhi pahel karni chahiye ,0
13:00 ,(ANCHOR), bilkul sahi keh rahe hai ki nirankush nirankushta hai aur jo hai bahut jaroori hai abhivkhyati ki to phir jungle raaj ya chara chor kehna jungle raaj kehna yeh kya apmaanjanak ki shreni mein aayega ab aaj ke baad aap jungle raaj ya chara chor to nahi kahenge na lalu prasad yadav ko  ,0
13:17 ,(SPEAKERÂ 2), nahi nahi jungle raaj humne thode hi kaha hai jungle raaj to patna high court ne kaha hai ,0
13:21 ,(ANCHOR), to yeh kya aata hai uski shreni mein apmaanjanak ya amaryadit chara chor  ,0
13:26 ,(SPEAKERÂ 2), bilkul amaryadit nahi hai chara chor to main bolta nahi hun jab jab koi puche to usse sawaal puchiyega lekin jungle raaj to patna high court ne kaha hai ,0
13:36 ,(ANCHOR), to jungle raaj aur acha chara chor amaryadit hai ya nahi hai  ,0
13:41 ,(SPEAKERÂ 2), kya  ,0
13:41 ,(ANCHOR), chara chor jungle raaj kehna amaryadit hai apmaanjanak hai ya nahi hai ya aap log ab nahi kehenge  ,0
13:47 ,(SPEAKERÂ 2), aap rjd ke prvakta se yeh puchiye ki tejashwi yadav ki twitter handle se jo aarop lagaye gaye hai un aaropo ke jawaab mein inke paas kya dastaveji saboot hai ,0
13:57 ,(ANCHOR), nahi mujhe main puchunga na main jaa raha hun naval kishore ji ke paas jaa raha hun main kyunki main yeh sawaal pata hai kyu puch raha hun rajiv ji mujhe bhartiye raajneeti ke itehaas mein jitna lalu prasad yadav par chutkule banaye gaye na kya kuch nahi kaha gaya chara chor se lekar jungle raaj se lekar kitne chutkule yeh to kaanoon lalu prasad yadav nahi lekar aaye jo aap lekar aaye to kya aaj ke baad jo aap log chara chor se lekar jungle raaj jo kehte the aap kehna chhod denge is aadesh ke baad  ,1
14:24 ,(SPEAKERÂ 2), dekhiye meri niji aur vkhyatigat rai agar aap sunenge to main shaleenta aur maryada ke saath apni baate rakhne ka pakzar raha aur main umeed karta hun ki aise kaanoon kahi na kahi ek lakir teh kar sake to nisandeh behad khushi hogi agar sabi dal maryada ki laxman rekha ke andar reh karke apne aarop prtyaarop agar mardhenge to isse loktantr ki garima badhegi ,0
14:47 ,(ANCHOR), bahut achi baat hai yeh achi baat lagti hai mere ko rajiv ranjan ki bebak tarike se kehte hai toh jo jungle raaj aur chara chor kaha gaya aaj tak woh galat kaha gaya woh apmaanjanak tha amaryadit tha ,0
14:57 ,(SPEAKERÂ 2), jungle raaj to maine aapko kaha jungle raaj patna high court ne kaha agar patna high court ki tipni ko lekar aapki rai kuch alag hai to main samjhta hun yeh nyaayalya ,0
15:06 ,(ANCHOR), chaliye main kehta hun apraadhiyon ka bol baala apraadhiyon ka bol baala sarkar apraadhiyon mein gath jodh chara chor lalu prasad yadav yeh sab galat kaha tha aap logo ne  ,1
15:19 ,(SPEAKERÂ 2), kaanoon ko lekar rajye sarkar gambhir hai aur jab hum doosre par prhaar karenge to nisandeh khud ko bhi uske layak jaroor banane ki koshish karenge ,0
15:28 ,(ANCHOR), acha agar main kuch cheeze aap se kahun uske baad main aage badhunga bas ek aur arz mere zehan main sawaal tha rajiv ranjan chuki ab thoda sa soch kar bhi main sawaal puch raha hun mujhe bhi dar lag raha hai ke yeh aapka aadesh padhkar agar main kahun ki bihar mein apraadh ke mamle badhe hai aprahan seh guna badhe hai chori paanch guna rape dogune ho gaye hai yeh main hard facts rakh raha hun to yeh apmaanjanak ya amaryadit thode hi hai bihar mein crime badha hai  ,1
15:56 ,(SPEAKERÂ 2), aapke paas koi calculator hai ,0
15:56 ,(ANCHOR), haan haan hai main aakdhe de deta hun ,0
15:59 ,(SPEAKERÂ 2), agar calculator hai to main kahunga aap gannaah kare aapka kaam thoda aasan ho jayega ,0
16:03 ,(ANCHOR), main de deta hun aakhde aapko ek minute  ,0
16:04 ,(SPEAKERÂ 2), aur mizoram manipur ke saath nahi mizoram manipur ke saath bihar ko to nahi dekhenge ,0
16:09 ,(ANCHOR), nah nahi main aakhde de raha hun aapko do hazaar ek mein chori ke mamle nau hazaar chaar sau ekashi do hazaar dus mein pachis hazaar seh sau sulah balatkaar ke saat sau chialis do hazaar bees mein barah sau chawalis main sab figures ke baad baat karta hun  ,0
16:23 ,(SPEAKERÂ 2), arre aapka figure main jaanta hun na main aapko ek doosri baat keh raha ,0
16:25 ,(ANCHOR), haanji  ,0
16:27 ,(SPEAKERÂ 2), aap gati laga aabdi par sangye apraadh ki taalika banaiye prati lakh aap jo sangye apraadh ke saath saath uthpeedan rape dekati apraadh ke jitne tarke ho sakte hai ,0
16:41 ,(ANCHOR), bas apmaanjanak to nahi laga na bas mer ko yeh dar tha  ,1
16:43 ,(SPEAKERÂ 2), theesve number par sangye apraadh ke mamlo mein bhi hai ,0
16:46 ,(ANCHOR), thik hai rajiv ji  ,0
16:48 ,(SPEAKERÂ 2), aur doosri taraf uthpeedan ke mamlo mein untheesve number par hum hai ,0
16:50 ,(ANCHOR), yeh acha hai hum debate kar rahe hai hum baat vivaad kar rahe hai samvaad kar rahe hai yeh achi cheez hai  ,0
16:55 ,(SPEAKERÂ 2), bihar ki chhavi ko doomil karne ka adhikar kisi ko nahi hai ,0
16:57 ,(ANCHOR), bilkul thik yeh acha hai hum baat vivaad kar rahe hai rajiv ji kam se kam amaryadit apmaanjanak nahi hai agar main kehta hun bihar mein crime badha hai to matlab yeh apmaanjanak ya amaryadit nahi hai nawal kishore nawal kishore ji aap log kya matlab abhivkhyati ki azaadi ke naam par gaali galoch ke pakshdar hai kya dikat kya hai order mein  ,1
17:17 ,(SPEAKERÂ 3), nahi yeh toh nitish kumar ji ko batana chahiye ki woh kyu apna ghar chhod dete hai jab patrkaar unse sawaal puchte hai to kyu us tarah ka apmanjanak tipni karte hai yeh to khud apne aap se puchni chahiye dekhiye aksar sarkare jab nikammi hoti hai to is tarah ka tughlaki farman jaari karte hai ab koi yeh keh raha hai ki aapne janaadesh ka apmaan kiya hai apna janaadesh chori kiya yeh to hum poore bihar mein janaadesh apmaan yatra kiya kyu nahi unhone kiya hai narendra modi ne do hazaar pandrah ke chunaav mein aa kar bathis ghotale ginaay the aur usse badhkar saath ghotale ho gaye yeh koi nahi jaanta hai sejan mein kuch nahi hai jo cbi kyu uspe jaanch kar rahi hai to yeh baat jo aap keh rahe hai na aur rajiv ranjan ji keh rahe hai rajiv ranjan ji ko yeh maloom nahi hai ki unki sarkar kitni nikaami hai agar maloom bhi hoga to woh nahi pataenge mewa lal chaudhri ko jab aapne mandir banaya ,0
18:05 ,(ANCHOR), case ho jayega case ho jayega case ho jayega aaram se aaram se aaram se brake laga lijiye case ho jayega yeh nikaami aur yeh sab kehenge case ho jayega phir  ,1
18:12 ,(SPEAKERÂ 3), nahi nikaami to poora desh poora bihar maanta hai tabhi to nitish kumar ko teesre number pe nahi aaya hai yeh humne thodi bheja hai jo jin logo ne bihar ,0
18:22 ,(SPEAKERÂ 2), nitish kumar nda ke neta the aur nda ko janta ne chuna aapko satta mein rehne ki anumati di hum sarkar mein sarakr janaadesh ki paribhasha agar jaante hai to sarkar chalane ka jo janaadesh hai woh nitish kumar ji ko mila aapko sadak pe rehne ka janaadesh mila ,0
18:40 ,(SPEAKERÂ 3), aapne jis aadhar pe aap kisi ko jungle raaj kehte hai uski tulna mein toh maha jungle raaj hai roz rahe roz kya kahe aap zila dekh lijiye aur kya kya ho rahi hai kya ispe sawaal puchna bandh ho ja raha hai shraab bandhi pe aapki sarkar poori tarah se fail rahi hai yeh kya aam janta sawaal nahi puche jin logo ne mukhyemantri ko mp ko mla ko maanniye banaya unke adhikar ko aap vanchit karna chahte hai is tarah ka tughlaki farman ,0
19:07 ,(SPEAKERÂ 2), mera ek thees second ka ,0
19:07 ,(ANCHOR), dunga rajiv ji dunga unko complete karne dijiye aap ko dunga boliye rajiv ji maha jungle raaj apraadhiyon ka bol baala case toh nahi ho jayega ab in par  ,0
19:18 ,(SPEAKERÂ 2), sabse pehle aapne bhi apne intro mein yeh kaha ki sarkar ka sawaal hai yeh jan pratinidhi mla aur mps jo honge woh raajat ke bhi honge bhartiye janta party ke bhi honge left ke bhi honge congress ke bhi honge yadi pratinidhiyon ke sawaal uthayenge ,0
19:34 ,(ANCHOR), nawal ji ek minute nawal ji ek minute  ,0
19:36 ,(SPEAKERÂ 2), aap unko boliye chup rehne ke liye ,0
19:36 ,(ANCHOR), acha ek minute mein audio bandh kar dijiye main ek baar samjha deta hun kyunki nawal kishore ji rajiv ranjan aap dono skype par hai ek dusre par na bole rajiv ranjan complete kar le uske baad nawal ji aap boliyega ek ek karke bolenge skype par audio overlap hota hai boliye aap rajiv ranjan  ,0
19:48 ,(SPEAKERÂ 2), agar usme maanniye sansad aur maanniye vidhyak ka agar likha gaya hai to raajat ke bhi satar ikatar mlas jo hai jo congress ke unis mlas hai jo left ke mlas hai yeh sab usme aayenge yeh ek kisi dal ka sawaal nahi hai aur nahi yeh sarkar ka sawaal hai yeh pratipaksh ke bhi jo janpratinidhi honge tejashwi yadav ko bhi iska laabh milega ,0
20:11 ,(ANCHOR), nahi jisko zyaada gaaliyan padhi hai usko uski usko iski zyaada jaroorat mere khayal se jisko zyaada gaaliyan padh rahi hai social media par usko shayad iski zyaada jaroorat hai na ,1
20:22 ,(SPEAKERÂ 2), agar gaaliyon ko aap justify aap karna chahte hai toh yeh aapki aapke maansikhta ko le karke main koi sawaal nahi khade kar raha ,0
20:29 ,(ANCHOR), nahi nahi main toh wahi puch raha hun na  usko zyaada jaroorat hai jsko zyaada gaaliyan padh rahi hai social media par  ,0
20:33 ,(SPEAKERÂ 2), toh main samjhta hun isko aapko justify nahi karna chahiye,0
20:36 ,(ANCHOR), nahi nahi main justify nahi main keh raha hun na aap nahi teh karenge na koi kab dekhega kya nahi dekhega jab tak ki gaali galoch nahi hota  ,1
20:43 ,(SPEAKERÂ 2), uthpeedan kiya jaaye agar yeh justify aap karte hai to main to hairat mein hun yeh vajah kya hai main samjh nahi paa raha hun ke aapke sur zyaada badal gaye hai ,0
20:54 ,(ANCHOR), kiske mere  ,0
20:56 ,(SPEAKERÂ 2), aap suchita aur maryda ko le karke aap kaafi mukhar rahe hai aman ji ,0
20:59 ,(ANCHOR), ji  ,0
20:59 ,(SPEAKERÂ 2), aur aap keh rahe hai ki gaaliyan jisko zyaada padengi usko chinta karni hai ,0
21:02 ,(ANCHOR), nahi nahi main  ,0
21:04 ,(SPEAKERÂ 2), to virodh ke liye gaaliyan dena aaveshyak hai aap yeh maante hai ,0
21:07 ,(ANCHOR), nahi nahi rajiv ji mere liye pata hai kya dikat hai apmaanjanak aur abadarta kaun teh karega agar main sawaal utha dunga sarkar par aapko apmaanjanak lag gaya to mujhe andar thodi na kara denge  ,1
21:18 ,(SPEAKERÂ 2), darsal aap suune ke liye taiyar nahi hai na maine kaha cyber  ,0
21:21 ,(ANCHOR), rajiv ji aap hi toh bol rahe hai jab se aaye hai aap suniye na thoda main bhi to bol raha hun na mujhe bhi bolne dijiye aap jab se aaye hai aap hi bol rahe hai saare panelists waity kar rahe hai rajiv ranjan rajiv ranjan agar main kehta hun bihar mein maha jungle raaj hai phir case kara denge yeh to meri abhivkhyati ki azaadi hai ya nahi hai  ,0
21:39 ,(SPEAKERÂ 2), dekhiye sabse pehli baat to yeh hai ki kis kis tarah ke shabdo ko aap maante hai abhadar yeh mujhe nahi lagta hai iske liye samanay gyan kiske paas nahi hai ,0
21:48 ,(ANCHOR), kya jungle raaj ya maha jungle raaj apmaanjanak abhadar hai  ,0
21:52 ,(SPEAKERÂ 2), maa bhen ki gaaliyan di jaati hai suniye aman ji ab is waqt main aap se khul kar baat karna chahta hun ,0
21:56 ,(ANCHOR), chaliye main aap se khul kar keh raha hun na ab kya jungle raaj maha jungle raaj kehna apmaanjanak hai  ,0
22:03 ,(SPEAKERÂ 2), aap sunna nahi chahte hai aap sunna nahi chahte hai kya aap maa bhen ki gaaliyan denge aap log ,0
22:08 ,(ANCHOR), kaun de raha hai sir kaun de raha hai andar daaliye na jo de raha hai ya to likh dijiye gaaliyon par ho rha hai na yeh  ,1
22:13 ,(SPEAKERÂ 2), jo iski vakalaat kar raha hai unse puchiye ,0
22:15 ,(ANCHOR), sir gaaliyon par toh  ,0
22:16 ,(SPEAKERÂ 2), kisi ke khilaf kya kehenge ,0
22:18 ,(ANCHOR), likhiye na aadesh mein kahan likha hai aap mujhe bataiye agar main keh raha hun maha jungle raaj hai toh kya apmaanjanak hai  ,0
22:25 ,(SPEAKERÂ 2), kya likha kya hua hai maha jungle raaj likhne par ,0
22:27 ,(ANCHOR), main puch raha hun keh dijiye nahi hai  ,0
22:29 ,(SPEAKERÂ 2), main puch raha hun abhadar ,0
22:30 ,(ANCHOR), aap keh dijiye nahi hai  ,1
22:31 ,(SPEAKERÂ 2), abhadarta ki paribhasha aap agar lagatar sawaal puchenge main jawaab nahi dunga aap pehle jawaab sun lijiye pehle aap jawaab suniye yeh samvedansheel masla hai aap media khaal mat kijiye aap sawaal ka jawaab suniye ,0
22:43 ,(ANCHOR), haanji bataiye  ,0
22:43 ,(SPEAKERÂ 2), abhadarta ki paribhasha jo cyber crime ki paridhi main aayega abhadarta ke liye cyber crime kya kehta hai cyber crime ki paribhasha kya kehti hai uske aadfhar par hi aarthik apraadhi ikaai ne logo se is tarah ki baate kahi hai ki adhikari jaankari agar uplabdh kara sakte hai jinke khilaaf bhi is tarah ke aarop lagte hai jinme tathye nahi ho aarop gaali galoch pun ho unke kehne ka arth yahi hai aaptijanak woh abhadar tipniya bhranati purti puniyal un par karwaayi hogi ,0
23:19 ,(ANCHOR), bhranati pooran tipniyon par bhi fir aapko pata hai aap keh kya rahe hai,1
23:22 ,(SPEAKERÂ 2), par aap cyber crime dekhiye na aman ji ,0
23:25 ,(ANCHOR), matlab tipni karne par dar lagega bhranti pooran tipniyon par fir aaropo par fir  ,0
23:31 ,(SPEAKERÂ 2), maine ek chota sa homework aapko diya hai aap zara ek baar cyber crime ko zara padh lijiye na ,0
23:34 ,(ANCHOR), main toh toh phir ek baat bataiye aaj agar yeh tejashwi yadav ne tweet kiya nitish kumar bhrashtachaar ke bhishm pitamah durdant apraadhiyon ke sarashkan karta anaitik aur avedh sarkar ke kamjoor mukhiya toh kya inko ab giraftaar kiya jayega nitish kumar ko yeh tejashwi ko girfataar kiya jayega  ,0
23:58 ,(SPEAKERÂ 2), yeh to cyber cell ko teh karna hai woh kya karegi cyber ko nahi karke cyber crime ko le karke jo humara nodal agency hai aarthik apraadhi ikaai usko teh karna hai ,0
24:05 ,(ANCHOR), thik hai thik hai martyunjay ji aapke paas aa raha hun aur prakash ji aapke paas bhi aa raha hun nawal kishore das kuch kehna chaha rahe hai jaldi se nawal kishore das soch kar boliyega jo bhi bolna ho  ,1
24:14 ,(SPEAKERÂ 3), nahi main main mujhe sochne ki jaroorat nahi hai jitna sahiyo ka jawaab dene ke liye authority committee piche nahi hati hai tejashwi yadav ne jo bhi baat kahi hai woh aaj ki sachai hai nitish kumar ko mauka prasth kehna kya apmaanjanak hai kya branti failna hai woh vidhan sabha chunaav nahi ladhte hai logo se bhaagte hai kya yeh braanti failna hai buxar mein mangal gaon mein jab pathar feka to kya woh branti ho unke khilaf main hai jo maanniye jo banava hai us par sawaal puchne ka adhikar hai yahi loktantr hai aur yahi democracy hai iske khilaf agar koi bhi jaane ka prayas karega woh prayas shramnak kadam hai isko kehne mein rajad kabhi nahi sochegi aur uske liye saara param karna padega to utharegi is baat se koi daal nahi sakta hai ki sarkar ki aalochna huyi kya yeh sarkar to kaam kar rahi hai agar woh kaam karne mein ,0
25:07 ,(ANCHOR), chaliye  ,0
25:08 ,(SPEAKERÂ 2), toh itni hi maansikta hai sun lijiye yeh humari bhi khuli chunuati hai ,0
25:09 ,(ANCHOR), guru prakash ji bjp se aur matyunjay singh bihar police association ke adhyaksh hai yeh do khaas mehmaan inke paas bhi jaana jaroori aa raha hun rajiv ji aa raha hunthik hai nawal kishore ji ek minute rukh jaiye pehle guru prakash ji aap ke paas aa raha hun kyunki aap bjp ke prvakta hai mujhe nahi pata kya aapka take hai lekin aap sarkar mein hai to kyunki aap support karte hai yeh jo order hai mere paas ki apmaanjanak agar post hai kuch likha gaya to jail support to kyunki sarkar main hai aap  ,0
25:38 ,(SPEAKERÂ 4), nahi nahi dekhiye aisa hai sir is order ko samjhne ki aavshakta hai logo ko samjh mein aaye nahi hai order aur branti aur brhm failne ka kaam ho raha hai tejashwi yadav ji se apkesha bhi nahi thi ki woh order ko padh ke samjhyenge anaavshak woh tweet kar denge jab wh loktantr ki baat karte nahi main woh nahi bol raha ,0
25:54 ,(SPEAKERÂ 3), bhajpa ke paas hai usi karaan se pura desh chal raha hai  ,0
25:58 ,(ANCHOR), chaliye nawal ji ek minute guru prakash aapke sahyogi bol rahe hai aapke sahyogi hai bjp se ab bolne dijiye aapke sahyogi hai boliye prakash ji thoda prakash daaliye ,0
26:07 ,(SPEAKERÂ 4), mere mere sanghthan aur mere sanskar mujhe yeh izazat nahi dete ,0
26:10 ,(ANCHOR), acha woh rjd se hai sorry sorry haan prakash ji boliye boliye prakash ji  ,0
26:14 ,(SPEAKERÂ 4), mere sanghtan mere sanskar mujhe izazat nahi dete ki main hastalshape karu main aagreh karunga ki doosre saathi prvakta bhi aise hi vyavharikta ka parichay de dekhiye aapke madhyam se pata chahta hun ki dedh sau varsho se dhayan poorvak suniyega dedh sau varsho se ipc aur crpc mein defamation paribhasit hai aur tejashwi yadav ji aaj is congress party ke mil karke sarkar chala rahe hai aapko pata hoga congress party mein unis sau aathasi mein jab rajiv gandhi pradhanmantri the anti-defamation law le karke aayi thi koi bhi patrkaar yadi sarkar ke khilaf kuch bhi report likhega to usko jail bhej diya jayega aaj wahi log baat kar rahe hai mujhe samjh mein nahi aata hai ek spasth baat hai nahi woh nahi keh raha hai woh samjh rahe yahi to vipaksh yahan mislead karne ka prayas kar raha hai economic offences wing mein ek sadharan si ek panne ki chitthi aaj prastuth ki hai us chiithi mein spasth yeh likha gaya hai ki economic offences wing jo hai woh nodal authority hai cyber crime ka bhi dekhiye sir aisa hai bihar mein lagbag seh crore ,0
27:10 ,(ANCHOR), sir kyu ghuma rahe hai rukh jaiye rukh jaiye rukh jaiye isme likha gaya hai sarkari adhikariyon ke sambandh mein aaptijanak aevam brantipoorn tipniya ki jaati hai to vidhi virudh aur kaanoon ke pratikool apradh ki shreni mein aata hai apmaanjanak aaptijanak aap support karte hai is cheez ko ki branti pooran tipni par bhi jail ho jayegi tipni par jail ho jayegi  ,1
27:34 ,(SPEAKERÂ 4), aap mujhe yeh bataiye ki yeh chiithi koi kaanoon bana raha hai chitti koi kaanoon to nahi bana raha hai ,0
27:38 ,(ANCHOR), acha toh seriously na lo main isko yeh hawa hawai hai aise hi hai  ,0
27:41 ,(SPEAKERÂ 4), nahi nahi yeh vidhi anukool law ke hisaab se jo bhi action liya jaana hoga woh action liya jayega dekhiye aap criticism ke naam par abhadarita ,0
27:50 ,(ANCHOR), kahan hoti hai nahi nahi sir tipni par jail kaha hoti hai ,0
27:54 ,(SPEAKERÂ 4), nahi to aap kisi prakar ki tipni commission thodi na hai ,0
27:55 ,(ANCHOR), acha toh phir ek ek example deta hun aapko mujhe yaad hai ek cheez suniyega guru prakash ji bjp neta priyanka sharma inko meme share karne par jaiil bhej diya tha mamta banerjee ne bjp neta priyanka sharma ko social media par meme share karne par jail bhej diya tha sahi bheja phir to iska matlab. ,0
28:16 ,(SPEAKERÂ 4), nahi nahi bilkul durbhagye hai bilkul durbhagye hai aur hum logo ne virodh bhi kiya tha is cheej ka ,0
28:19 ,(ANCHOR), to nitish bhi to wahi kar rahe hai ab aap to confuse hai sir  ,1
28:24 ,(SPEAKERÂ 4), aaj koi chiithi aayi hai us chiithi ke khilaf mein aap log itna kalpanik jhoot fela rahe hai ,0
28:28 ,(ANCHOR), guru prakash ji guru ji suniye na thoda prakash daalte hai suniye meri baat mer ko bataiye bjp neta priyanka sharma ko meme share karne par social media par ek video share karne par jail bhej diya tha aap logo ne aaj matlab jo hai loktantr khatre mein samvidhan khatre mein aasmaan sar par utha liya tha to yeh sahi tha iska matlab  ,0
28:48 ,(SPEAKERÂ 4), nahi mujhe lagta hai ki aap poori tiyari ke saath aaye hai aapko yeh bhi pata hoga ki section sixty six a jo it act ka hai usme bola gaya hai ki bhi it act ko aap kisi bhi prakar se sarkar tanashahi ravaiye na aapnaye yeh sunichit karne ke liye supreme court ka detailed guideline aaya hai shreya singhal versus ,0
29:04 ,(ANCHOR), priyanka sharma ko jail sahi bheja tha phir inhone apmaanjanak tipni kari thi mamata banerjee ko lekar inko jail bhej diya tha sahi bheja tha  ,0
29:11 ,(SPEAKERÂ 4), nahi nahi aap aap you are comparing apple and oranges yeh to matlab galat comparison kar rahe hai na aap ,0
29:15 ,(ANCHOR), nahi nahi main samjhta hun aaram se samjhta hun suniye aaram se samjhta hun thik hai aaram se baat karenge prakash ji ek minute rukhiye na guru ji thoda sa prakash dalunga yeh aaj ek order aaya yeh aaj order aaya hai jisme yeh kaha gaya hai ki apmaanjanak aur branthi pooran tipni karne par vidhi dwaara jo bhi karwaayi woh karwaayi ki jaye case ho fir ho jo bhi hota hai hoye yeh aap log keh rahe hai yeh hona chahiye thik hai bjp keh rahi hai sahi hai nitish kumar ka faisla sahi hai ab aisi karwaayi jab priyank bjp neta par ki gayi thi tab aap keh rahe the galat thi mamta sarkar par priyanka sharma ne meme share kiya mamta banerjee bjp neta ko jail mein daala tha woh galat tha sahi tha bas yeh bataiyega mere ko  ,0
29:54 ,(SPEAKERÂ 4), nahi main to kahi baar bol raha hun galat hai woh tanashahi thi ,0
29:56 ,(ANCHOR), to ab nitish agar ab nitish kumar aisa karenge woh sahi hoga woh galat hoga  ,0
30:03 ,(SPEAKERÂ 4), tulna hi galat kar rahe hai yahan kisko jail mein dala gaya hai mujhe samjh mein nahi aa raha hai itne yahan kisi ko jail mein daala hi nahi gaya hai ,0
30:10 ,(ANCHOR), to yeh kis liye yeh kya hai yeh fir case jail kya hai yeh isme likha gaya hai ek baar chitthi screen par daal dijiye guru prakash ji aapne chiithi nahi padhi hai shayad maafi ke saath aapko bol raha hun chitthi mein likha gaya hai sansad suniyega sarkar sarkar maanniye aapko padhni chaiye na debate se aane se pehle sarkar maanniye mantrigan sansad vidhayak sarkari padhadhikariyon ke sambandh mein apmaanjanak aaptijanak abhadar aur branti poorn tipniya ki jaati hai to vidhi virudh kaanoon ke pratikool hai aur cyber apraadh ki shreni mein aata hai is krit ke liye aise vkhaytion samuo ke virudh vidhi samat karwaayi kiya jaana bahut jaroori hai  ,0
30:52 ,(SPEAKERÂ 4), haan bilkul ab main bhi aapko uski aakhri line padh ke suna deta hun taaki aap mujh pe anaaveshak aarop na lagaye ki main padh ke nahi aaya hun yeh uchit nahi hai aise mamle mein aarthik apraadh ikaai jo ki eow hai economic offences wing dwaara sanggyan le karke cognitions le karke economic offences wing apni sipahai nahi bhej degi kisi ke paas sanggyan liya jayega systematically cognitions liya jayega sangyan le karke ,0
31:14 ,(ANCHOR), thik hai sir aap thik keh rahe hai prabhu ji main meri samjh thodi kam thi main samjh gaya yeh aap us se hai main ku pradhanmantri narendra modi ko maut ka saudgaar se lekar neech tak kaha gaya tab bhi aisa kaanoon nahi aaya yeh sanshota hai tolerance hai pradhanmantri narendra modi ke liye kitne apmaanjanak shabdo ka istemaal kiya gaya vajpayee ji ke liye to yahan tak kaha jaata hai woh to apne upar bhi hasne ko taiyar rehte the sattire tanjh pradhanmantri narendra modi ki tipniya gaaliyon ka record ban gaya phir bhi aisa kaanoon nahi aaya aur aaj aap modi ki party ke prvakta gathbandhan dharm ka palan karte huye is indefenseable ko defence kar rahe ki tipni karne par karwaayi ho kaanoni karwaayi ho aap usko defend kar rahe hai sir guru prakash ji doobara se soch lijiye  ,1
32:02 ,(SPEAKERÂ 4), nahi nahi jaanboochar karke agar kisi chitthi ke naam pe agar brahm aur branti failayi jayegi to usko door karne ka kaam hum logo ka hai aap ne chiithi ki aakhri line nahi padhi hai selectively aap chitthi ko padh rahe hai yeh to samsya hai na hum logo ko dekhiye chitthi ki aakhri line spasth roop se kehti hai ki jaanch opraant sambdhit vakhyati samuo ke virudh ,0
32:17 ,(ANCHOR), kis cheej ka tanjh karenge tipni ki jaanch karenge aapko tipni aap par tipni karne se pehle socho ab main matlab branti maine keh diya jungle raaj maha jungle raaj bihar mein crime badh raha hai mer pe case ho jayega  ,1
32:28 ,(SPEAKERÂ 4), bhaiya yeh chitthi humare paas rakhi huyi hai aur chitthi mein kahan likha gaya hai yeh yeh dekhiye chitthi mein spasth roop se kaha hai ,0
32:32 ,(ANCHOR), to usme aapko apmaanjanak lag gaya toh aapko apmaanjanak lag gaya toh  ,0
32:37 ,(SPEAKERÂ 4), arre yeh to court teh karega na ,0
32:39 ,(ANCHOR), toh sir main daru na fir mein daru na phir main dar kar sawaal pucho na aapse  ,1
32:45 ,(SPEAKERÂ 4), ab aap mujhe lagta hai ki poorvagyrhe ho karke is debate mein aaye hai to main kuch kar nahi sakta hun lekin kaun teh karega ,0
32:49 ,(ANCHOR), sir poorvagyrhe hai abhivkhyati ki azaadi ko lekar poorvagyreh hai yeh is par na aap kuch rokh laga sakte hai yeh samvidhanik adhikar hai mera haan woh bhi uski bhi laxman rekha teh honi chahiye main uska jo rajiv ranjan ne kaha laxman rekha uski bhi teh honi chahiye gaali galoch ka pakshdar main bhi nahi hun lekin agar main kuch aalochna karta hun to aalochna par jail bhi koi nahi bhej sakta mer ko yeh na adhikar aapke paas na rajiv ranjan lekin haan gaali galoch ka pakshdar main bhi nahi hun bihar police associations ke adhyaksh hai martyunjay singh ek baar unse samjh lete hai martyunjay ji kaise teh karenge kya apmaanjanak hai aur kya bhrantipooran hai aur kya abhadar hai  ,1
33:26 ,(SPEAKERÂ 5), dekhiye jo aadesh nikla hai woh bharat ke samvidhan ke tahait kaanoon ki raksha aur janta ke maan samman ki raksha ke liye aadesh nikla hai police mukhyalay ke jo adg ke aarthik apraadh aur cyber crime dono ke hai woh naiyar hasnain sahab bihar ek ache ips adhikari hai unhone dekha hi haal filhal mein social media par site par aise kahi aise vkhyati hai jo tathey aur saasch ke abhaav mein kahi kisi par maryda ke virodh tipni karte rehte hai koi aisa hai ki kuch likh dete hai to us mamle ki agar hota hun unhone likha hai ki iase mamle cyber crime ke paas aayega aur cyber crime uski jaanch karega aur lagega ki yeh mamla lagta hai ki mamla darj karne layak hai mamla ko aage badhane layak hai tab hoga kyunki bharat ke dev bata rahe hai yeh ipc mein ipc ke section paanch sau mein paanch sau chaar mein paanch sau seh mein aur do sau banvey mein adhikar hai ipc ke adhikar mein hai aur saath hi it act ke sarsat a mein bhi hai sarsat b mein hai sarsat c sarsat c mein hai sabhi mein hai ki uska ulangan agar koi karta hai uske taihait jaanch kiya jayega jaanch ke taihat mamle ko darj karke agar doshi hai lagta hai tab hoga agar vkhyati ko kisi par tipni karne ka jahan tak sawaal hai to tipni karta lekin tathye aur saksh hona chahiye aadhar hona chahiye aur yeh nischit taur par sabhi sansad sabhi vidhayake saare adhikari na ki kisi particular ke liye hai yeh sabhi ke liye hai kaanoon sabhi ke liye ek samman hai aur police sabhi ke liye kaaj karti hai aur janta ke hit mein kaanoon ki raksha ke liye kaaj karti hai ,0
34:52 ,(ANCHOR), matlab aadharheen aur bhranti pooran tipni ki to kaanooni karwaayi hogi yeh martyunjay ji aapne samjhaya hai rajiv ranjan ji kuch aap kehna chahe kuch clarification aap dena chahe matlab bhrantipooran kuch bhi is tarah ki tipni par kaanooni karwaayi hogi tol mol ke boliye ab yahi aap keh rahe hai bihar ke adhikariyon aur sansaado ko lekar tol mol ke bolo hai na uske baad nawal kishore ji main aap ke paas aaunga  ,0
35:11 ,(SPEAKERÂ 2), dekhiye sabse pehle yeh baudaliye loktantr chahe woh kisi bhi raajnaitik dal se judhe huye jan pratinidhi ho sansad ho vidhayak ho sarkari adhikari ho agar unke khilaf  aap amaryadit tipni karte hai abhadar tipni karte hai aaptijanak tipni karte hai aur iski jo paribhasha hai woh pehle se kaanoon mein varnit hai yeh koi kaanoon nahi hai kaanoon ke prabhavi kiriyangan ke liye yeh disha nirdesh hai yeh sahyog ki apkesha hai ki agar aise mamle aaye to cyber crime usko examine karega aur uske baad agar woh vidhi anukul hoga to us par mukdama darj kiya ja sakta hai ya nahi kiya ja sakta iske anusansar sarkar woh karegi aur mujhe lagta hai isme itne saare riders lage huye hai ki is patr ka durupayog nahi ho sakta hai,0
36:04 ,(ANCHOR), acha vaise yeh jaroorat kyu padhi yeh laane ki jaroorat kyu padhi  ,0
36:09 ,(SPEAKERÂ 2), un logo ki neend jaroor udhegi ,0
36:10 ,(ANCHOR), matlab kya zyaada aalochna ho rahi thi sarkar ki ,0
36:12 ,(SPEAKERÂ 2), jo bepar ki udhate hai aur siyasat sadhne ke liye logo ke khilaf dusprachar lagaataar bagair tathye  bagair kisi jaanakaari ke karte hai isliye unke liye katnai ka waqt hai yeh presski azaadi ke liye hum saare log eighty three mein jail gaye hum logo ko kisi ke certificate ki jaroorat nahi hai aur yeh congress ki hukumat thi bihar mein jisne press bill ko lekar press bill ko le karke jitni satti batti thi uske khilaf hum log jail jaa chuke hai ,0
36:39 ,(ANCHOR), nahi aapne ek chhej kahi thi abhi thodi der pehle ki iska fayda sabko milega tejashwi ko bhi milega lalu ko bhi milega saare logo to kal ko tejashwi nitish ko jail na bijwa de kyunki nitish ke to aise aise comment nitish kumar ji ke main toh nikaal raha tha unhone to pata nahi jungle raaj se lekar parivaar ko lekar bacha paida karne se lekar kaafi tipniya kar di thi parivaar ko lekar  ,0
37:01 ,(SPEAKERÂ 2), agar aapne teh kar liya hai ki aap hum logo ki di gayi jaankari se sehmat nahi hona chahenge santushat nahi hona chahenge aur concluding note par aap apne tarike se hi le jaana chahenge to yeh aapki marzi hai yeh aapki azaadi hai is par main koi prahaar karna chahta ,0
37:15 ,(ANCHOR), nahi nahi asal mein pata hai kya hota hai asal mein kya hota hai rajiv ranjan ji aaj jo aap itni naitik aur achi achi baate kar rahe hai lalu prasad yadav ko main phir se repeat kar raha hun un par chutkule tak banaye gaye lalu ko lekar kya kya nahi kaha gaya chara chor se lekar  ,0
37:30 ,(SPEAKERÂ 2), aap mujhe se baat kar rahe hai ,0
37:32 ,(ANCHOR), haanji main aap hi se baat kar raha hun rajiv ranjan ji aapse jdu se aapse vkhyatigat roop se nahi jdu ke prvakta ke taur par rajiv ranjan ji  ,0
37:39 ,(SPEAKERÂ 2), jab meri charcha jab mujh se baat kar rahe hai to meri baat kariye ,0
37:42 ,(ANCHOR), nahi aap aap party ke prvakta ke taur par baithe hai ya political analyst vkhyatigat roop se baithe hai  ,0
37:49 ,(SPEAKERÂ 2), maine aapse kya kaha sabko is laxman rekha ka samman karna chahiye yeh nirdesh sab par prabhavi roop se lagu hoga ,0
37:57 ,(ANCHOR), aap thodi na teh karenge jo aapko apmaanjanak lag jaye kuch maine puch liya meri nazar main nahi hai nawal kishore das ji nawal kishore das ji nawal kishore ji nawal kishore ji nawal kishore ji nawal kishore aap abhi lage huye hai brashtachaar ke bhism pitamah doordanth apradhiyo ke sanghrakshan karta nitish kumar avedh sarkar ke kamjoor mukhiya tanashah aap log abhi bhi lage huye hai aap log sudhar hi nahi rahe hai rajiv ranjan itna samjha rahe aapko  ,1
38:24 ,(SPEAKERÂ 3), dekhiye yeh yeh toh sahi baat hai inko kehne me sochna isko toh hum baar baar kehenge jab tak nitish kumar is baat ko maanenege nahi tab tak hum kahenge yeh laxman rekha keval janta ke liye hai nitish kumar ke liye nahi hai unhone public space mein kaun kaunsi baate kahi hai kitni amaryadit tipniya ki hai woh chahe patrkaar samaj ho chahe neta jan ho kiske liye nahi kiya hai unhone unhe suniye pehle rajiv ranjan ji ,0
38:49 ,(ANCHOR), to ab jail bhejiyega na aapko bhi fayda milega unko jail bhejiyega ab agar woh aisa kuch kahe jail bhejiyega unko  ,1
38:55 ,(SPEAKERÂ 3), pehle sun lijiye to ,0
38:56 ,(ANCHOR), sab ek doosre ko jail bhejiyega sab mile huye hai aapne koi kasar thodi na chhodi hai aap logo ne kya kuch kaha hai nawal ji yeh to ab aapko bhi fayda milega unko jail bhejiyega  ,1
39:10 ,(SPEAKERÂ 3), unki bhasha ki amaryadat huyi hai utna to koi mukhyemantri ko hua ,0
39:14 ,(ANCHOR), chaliye thik hai  ,0
39:16 ,(SPEAKERÂ 3), bas kisi sharm ki batte kahi gaye hai bihar to woh seti hai jahan par poore desh ke sarkar ko badal diya tha usko custon karke aur wahan usi ki upar nitish kumar ko family chahiye thi is tarike ka notification karte hai unko inko yeh maanna padega ki is tarah ,0
39:34 ,(ANCHOR), thik hai sir main windup karna hai  ,0
39:36 ,(SPEAKERÂ 3), bihar mein nahi chalega aur agar yahi baat rahi yahi baat rahi to janta janta ko sawaal puchne se aap mana kar sakte hai ,0
39:43 ,(ANCHOR), sir pata kya hai isme hota yeh hai jo suit karta hai na woh usko apmaanjanak lag jayega jab bjp neta ko girftaar kiya gaya apmaanjanak tipni karne par to bjp ne aasman sar par utha liya ab khud bjp kar rahi hai ki aisi apmaanjanak tipni huyi to hum jail mein daal denge to sahi ho jayega yeh double standards hypocrisy isi ko toh kehte hai na shukriya rajiv ranjan ji guru prakash ji martyunjay singh khaas kar aapka bahut bahut shukriya aapne samay nikala bihar police association ke adhyaksh hai shukriya martyunjay singh aur nawal kishore ji aapka bhi bahut bahut shukriya pappu yadav bhi humare se judhe unka bhi bahut bahut shukriya taal thok ke dekh rahe the aap,1
