timeStamp,speaker,text,label
17:07 ,(anchor)," kai khaas mehman hmare saath iss waqt hmare saath hai. hamare saath hai giriraj garg hai congress party ka paksh rkhne ke liye, aseem wqar IMI ka paksh rkhne ke liye, rajeev ranjan JDU sarkar ke saath, sanju verma BJP ka paksh rkhne ke liye aur TMC ka paksh rkhne ke liye shaqir ali hmare saath hai. giriraj garg ji sabse pehli baa, jo abhi Mukhtar abaas ji ne bhi kahi. unhone kaha vipaksh brahm bhey bhaukal ka mahaul bna rha hai. ",0
17:37 ,(speaker 1)," dekhiye kyunki satta ka nasha hai isliye unko aisa lagta hai yeh durbhagya iss desh ka praja tantrik vyavastha ka jo satta mai baithe log hai agar unse vipaksh sawal karta hai toh unki zimmedaari banti hai jawab dene ke. bjae jawab dene ke wo ulta vipaksh ko hi aavokit karte hain aur vipaksh ke upar hi wo lanchan lagate hai. yeh esh ka durbhagya hai jo pehle baar 7 saal mai hua hai. agar itna hi bada kaam kiya haii toh aaj tak desh ke jo PM hai 2/4/14 ke pehle wo saare PM press ke samne aa kaar apne uplabdhi batate the, desh ko message dete hain. aaj 7 saal mai desh ke PM ne ek baar bhi press ke samne aa kar press ka saamna kiya kya? kyun nhi kiya bhai? agar aapki uplabdhiya hai, aapne desh ko acche tarah se sambhala hai. yeh sarkar modi sarkar nakara sarkar hai, nikami sarkar hai, nasamajh hai. desh 7 saal se dho rha hai inko aur desh ne dekha hai 2/4/14 ke chunaav mai inhone jo vaade kiye the ki 2 crore rojgar naujavano ko hum rozgar denge wo jhuta sabit hua hai. ",0
18:46 ,(anchor)," giriraj garg ji, awaaz jaa rhi hai kya unn tak. awaaz pohonch rhi hai aap tak?",0
18:55 ,(speaker 1), haan aa rhi hai.  ,0
19:20 ,(anchor)," sanju varma mai aapko floor dungi lekin usse pehle mai chahungi ki aseem waqar ke ek comment le loon kyunki unke pass bhi aap hi ke liye sawal honge. toh ek comment mai unka bhi le leti hoon. aseem waqar breh brahm bhaukal, vipaksh yeh kaam kar rha hai. sankat ki ghadi mai nakaratmak rajneeti kar rha hai. jaldi se aapka comment fir sanju verma aapka jawab.",0
19:40 ,(speaker 2)," dekhiye bohot shukriya aapka. aaj ki jo debate hai wo modiji ke 7 saalon kpar hai ki 7 saal mai kya khoya kya paaya. mai mukhtar abaaz sahab ko sunn rha tha . ek bhi jawab unhone uplabdhi par nhi diya . ek bhi jawab agar diya ho toh mai rajneet se stifa de dunga. jo hindustan mai tapka hai wo modi bhakt ke liye iss hatt tak pagal ho gya hai jo desh ki barbadi bhi ab dekh rha hai aur chup chap. aap keh rhe hain ki modi ne yeh kiya, modi ne wo kiya, modi ne bhla kiya. mai aapke channel par ek sawal bharat ke nagriko ke saamne aur aapke saamne puch rha hoon ki harr desh mai tareeka hota hai vyapar ka ki kaun si cheez kis bhau kharedna hai aur kis bhau becha jaye. agar koi cheez apni kimmat se 10 guna ya 5 guna zyada bechi jaa rhi hai usko hum bolte hain kala bazari jo over pricing hoti hai. uske liye sarkar ne kanoon bnae hai. abhi 25-30 saal purani baat hai ki cinema house mai jab itne pvr nhi hote the, jab koi picture lagti thi toh ticket aur wo black . aaj hindustan mai 27 . ",0
21:36 ,(anchor), aseem waqar ji clarity nhi hai sir. iss technical glitch ko aapke audio mai haan boliye boliye sir. ,0
21:46 ,(speaker 2), mai keh rha hoon ki hindustan mai 27 rupay ki lanat wala petrol 100 rupay mai becha jaa rha hai. 27 rupay ke petrol ko agar maximum tax lagaenge . ,0
22:07 ,(anchor)," aapke audio mai firse pareshani aa rhi hai. isko hum fix karaenge. sanju verma. aapki audio mai glitch aa rhi hai lekin aapne jo sawal uthaya aapne mehngai ko lekar sawal uthaya. aapne mehngai ko lekar sawal uthay na, sanju verma. dono ke jawab congress aur AIM jo aapse sawal puch rhe hain. dono ke sawalo ke jawab.",0
22:28 ,(speaker 3)," ji, aditi ji jo kahavat hai kamr kalit mai bhul karta rha dhul chehre par thi aur mai aina saaf karta rha. toh congress ka yeh haal hai ki haathi ke daant khane ke aur dikhane ke aur. 60 saalo tak congress ne iss desh par raaj kiya aur yeh bade durbhagya ki baat hai ki 40000 ventilator nhi dila pai. yeh baar baar duhai dete hai ki modi sarkar ne kya kiya. manmohan singh ke 10 saal ke karyakal mai sirf 1 aiims ki stapna hui thi. modi sarkar ki 7 saalon mai 15 aiims ki stapna hui hai. mai aur ek bohot ehem cheez btana chahti hoon ki log kehte hain ki modi sarkar ne middle class ke liye kya kiya? toh aaj jo repo rate. repo rate ke saath hi baaki jo byaz ke rate hain wo link hote hain. pichle 7 saal mai home loan ka average rate rha hai 7-10% jabki congress ke manmohan singh ke 10 saal karyakram mai home loan byaz ka darr tha 12-16% toh aap soch sakte hain ki jo congress aaj twitter par baithkar aaj inke neta rahul gandhi jo siwae modi sarkar par tipni karne ke ilava kabhi koi constructive kaam karte hue maine nhi dekha unhe bta doon ek baat ki pehle mai 2013 ki baat karti hoon, india ka sanitation rate kya tha, 40%. aaj india ka sanitation rate kya hai, 100% ke lagbhag 12 crore swach bharat mission ke under toilets bnae gye hain taaki jo hmari ladkiya hai wo school jane se vanchit na reh jaye sirf kyunki schoolon mai toilte nhi the. dusri baat aaj 256 districts mai zillon mai jal shakti mission modi sarkar  ka chalu hai taaki peene ka pani nal dwara 5.5 lakh gaon ko agle 2-3 saal mai uplabdh kiya jaye. mai aur ek cheez btana chahti hoon, 2013 banking penetration tha 40%, aaj lagbhag 100% ke karib hai aur teralis crore jann dhar account khule hai aditi ji jispe 22 crore jann dhan account toh sirf mahilaon ke liye khule hain toh aap sichiye mahilaon ka kitna sashakti karan hua hai yakin nhi aat ki 2014 se pehle. ",0
24:48 ,(anchor), theek hai mai  ,0
24:52 ,(speaker 3)," modi sarkar ke aane se pehle mahilaon ke pass bank khata tak nhi hota tha aur yeh log women empowerment ki baat karte hai fir aur ek cheez mai aapko btati hoon, aapko bhi yeh jaankari hai. ",0
25:00 ,(anchor)," fir mai ek aur sawal hota hai ki agar congress party yeh sab kaam kar rhi hoti toh fir janta unhe power se out nhi karti maam. congress party ke kaam nhi kar rhi thi isliye janta ne vote kiya aapko toh uske liye accountability hai, uske liye aapki accountability hai maam aur vipaksh ka kaam hai maam sawal puchna. maam ek second. yeh aseem waqr ka audio clear hai maam unka sawal sunn lijiye. theek hai maam baat puri kijiye 30 seocnds mai baat puri kijiye.",0
25:27 ,(speaker 3)," theek hai aur ek jo bohot ehem baat hai aditi ji jiske baare mai humme se koi baat nhi karta. aarthik vyavastha ko modi sarkar ke tehet bohot zabardast tareeke se par iske ilava aapko yeh jaankar khushi hogi ki pichle 6-7 saalon mai kabhi bhi humne sampradayik sange nhi dekhe jabki mujhe yaad hai 2012 mai manmohan singh ki sarkar ne bombay mai riots hue the chahe bhataprasor ke dange, chahe muzzafarnagar ke dange ho, chahe bhagalpur ke dange ho, chahe anti sikh riots ho 1984 ke. congress ke haar karyakal mai sampradayak dangon ne iss desh ki jo vyavastha hai, hmari gantantrik vyavsatha hai usko tehes nehes karke rakh diya, gantantra ki dhajiya udane ke baad aaj yeh log. ",0
26:22 ,(anchor)," theek hai maam, aapne 30 seconds mange the maine aapko usse zyada time de diya hai. aseem waqar aur uske baad shakir ali please jaldi jaldi. ",0
26:31 ,(speaker 2), dekhiye ab meri awaaz agar aa rhi ho toh mujhe pta mera pichla wala sawal  ,0
26:37 ,(anchor), ji ji aa rhi hai baat rkhiye sir. ,0
26:39 ,(speaker 2)," mai fir se yeh baat keh rha hoon ki agar koi desh ki sarkar 27 rupay ki khareedi hui  cheez, 27 rupay ki laanat ki cheez agar 100 rupay mia bech rhi hai toh aisi sarkar ko aap kya kahenge. yeh loot hai ya nhi hai. mai 2 baatein kehne ke liye baitha hoon ki 70 saal ho gye hian ",0
27:03 ,(speaker 3)," kaunsi cheez hai jo 27 rupay ki laanat hai aur 100 rupay mai bik rhi hai. utharan dijiye. bai buniyaad ilzam mat lagayiye utharan dijiye, utharan dijiye. kis cheez ki laanat 27 rupay hai aur uski bikri 100 rupay mai ho rhi hai iska utharan dijiye kyunki bina itharan ke befzul ilzaam lagana toh vipaksh ka kaam hota hai. ",0
27:45 ,(anchor)," chaliye aseem waqar ek second. saju verma aur saeed aseem waqar dono ka audio down. ek second ke liye saeed aseem waqar ji aap sawal baad mai puchiyega sir kam se kam jis manch par baithe hai pehle usse beizzat karne ki koshish mat kijiyega sir. in all humility. aapko respect karti hoon sir, aapki baat ko yahan par manch dena tha isliye aapko bulaya. ",0
28:15 ,(speaker 2), meri awaaz aa rhi hai? ,0
28:15 ,(anchor)," ji bilkul aa rhi hai. jab aapki awaaz mai khami thi tab uss awaaz ko fix karaya gya aur jo sawal aapne abhi uthaya hai wo sawal aapke karyakartao honge unse puchiyega sanju verma ke pass mai issi sawal ke saath gyi thi. aur teesri baat sunn lijiye sir, ungli uthane se pehle yeh dekh lijiyega ki aapki taraf kitni ungli hain. theek hai sir. aap beizzat ek second sir sunn lijiye sir. channel par tipni mat kijiyega. mai naraz nhi ho rhi sir, aapke facts bas mai durust kar rhi hoon. nhi nhi sir mai aapke facts sirf durust kar de rhi hoon. nhi nhi channel par tika tipani mat kijiyega sir . mai aapko bas itna clear kar dena chahti hoon. aap political taur par lad , sir kyunki mai yeh mant hoon suniye sir mai yeh manti hoon. ",0
28:58 ,(speaker 2), aapko sunna padega. ,0
28:58 ,(anchor)," nhi nhi sir mujhe nhi sunna padega, mujhe sunna nhi padega. agar mai apne sawal janti hoon aur mujhe sawal uthana aata hai vipaksh se bhi, sarkar se bhi toh mujhe sunna nhi padega. unko sunaiye jinhone yeh kaam kiya hoga. mujhe nhi suniyega sir, mujhe nhi sunayenge, iss manch par baithkar nhi sunaenge sir. ",0
29:11 ,(speaker 2), ab mai bol loon? ,0
29:13 ,(anchor), yeh maine aapko clear kar diya. agar aapko aoni siyasat se judi baat karni hai toh zarur kijiye. arre boliye na sir bolne ke liye bulaya hai. aap hi isko dusri disha mai le gye. aap channel ko mulayan karne lag gye. ,0
29:27 ,(speaker 2), ijazat hi toh bolun. ,0
29:27 ,(anchor), boliye boliye. ,0
29:29 ,(speaker 2), aaj ki report mai de rha hoon ki bharat mai 260% tax hai petrol par yeh sanju verma ji ko bta dijiye. 27 rupay ki cheez 100 rupay mai bechi jaa rhi hai. ,0
29:43 ,(speaker 3), sabse zyada tax congress aur vipaksh shasit rajyo mai hain. maharashtra mai petrol par vat 36% hai. rajasthan par vat petrol par 40% hai. dilli par vat petrol par 35 % hai. ,0
29:54 ,(anchor)," sanju verma ji, please now let him finish. maam aap unhe tarkeek taur par jawab dijiyega maam. maam aap unhe tarkeek taur par jawab dijiyega. please maam. please. sanju verma please, let him finish sanju verma. let him finish please maam ek second. maam mai sabse puch rhi hoon, mai sabse puch rhi hoon unke jo sawal the maine aapse bhi puche. muktar abbas laqvi ji se bhi puche maam. please iss tarah se nhi harr panelist ko bolne ke liye bulaya hai, do panelist ab bhi aise hai jinhe apni baat rkhne ka mauka nhi mila hai. please waqt zaya mat kare. saeed aseem waqar, agle 30 seconds mai baat puri kijiye. ",0
30:28 ,(speaker 2), ek sawal aur chahta hoon. ,0
30:28 ,(anchor), haan haan boliye sir. ,0
30:30 ,(speaker 2)," 2018 mai adani ka jo fortune ka oil hai. sarson ka tel wo 85 aur 90 rupay mai tha. aur aaj wo 224 rupay liter bik rha hai yaani 910 gram 1 kilo bhi nhi. 910 gram tel 224 rupay ki mrp par bikk rha hai isko kala bazari nhi kaha jayega, isko loot nhi kaha jayega, isko jebo mai daka nhi kaha jayega, isko bharat sarkar ki fifalta nhi kaha jayega, isko modiji ki vifalta nhi kaha jayega toh kya kaha jayega? mujhe bataiye ki kyun itni permission di jaa rhi hai logon ko kyun itni mehngai badh rhi hai. aap itni aved tareeke se bharat sarkar gareebo ki jeb se paise nikalkar apne khazane bhar rhi hai aur uske baad desh ke logon ko teeka bhi free nhi de paa rhi hai. teeka nhi khareed rhe hain. abhi laqvi sahab bol rhe the , mai mukhtar sahab se agar baat kar rha hota toh mai puchta ki aap logon ne kitne teeke khareede? aptarksh ne 19 gharo ko teeka lagaya pehli dose aur dusri dose sirf 4 crore logon ko lagaya hai hindustan ki abadi 140 crore ke aas pass hai . 280 crore ka teeka karan karna hai, aapke pass teeka nhi hai. aapne ek saal mai kya kiya hai. aapne kyun teeka nhi khareeda hai? ",0
32:04 ,(anchor)," jawab le lijiye sir, sanju verma. theek hai ",0
32:06 ,(speaker 3), mai bhi kuch kehna chahungi. aditi ji. ,0
32:12 ,(anchor), boliye na maam boliye.,0
32:11 ,(speaker 3),Ji pehli baat toh yeh jo baar baar teeka karan ki baat karte hain. mai aapko yeh baat yaad dila doon aseem waqar. ,0
32:26 ,(speaker 2), abhi toh aap pehle sarson ke tel par jawab dijiye. ,0
32:25 ,(speaker 3), nhi nhi aditi ji ab aap inko chup karvaiye. aapne baat karli ab meri baari hai. aditi ji please moderate. ,0
32:34 ,(anchor)," saeed aseem waqar please pehle wo bol rhi thi maine unhe interrup kiya. pehle unhone interrup kiya toh maine unhe roka ab aap jawab sunn lijiye. sir please, sanju verma ka jawab. bohot waqt zaya ho gya hai. sir jawab suniye toh sahi. maam jab apne toka tha toh maine aapko interrupt kiya , unhone toka maine unhe interrupt kiya. maam 30 seconds mai aapka jawab maam. please 30 seconds mai . 30 seconds  ",0
33:09 ,(speaker 3), yeh chup honge toh mai jawab dungi. ,0
33:09 ,(anchor), jis panelist se sawal hai ussi ki awaaz. ,0
33:12 ,(speaker 3), yeh jo baar baar chila rhe hain inko boliye shant ho jaye inki baukhlahat mujhe samajh mai nhi aa rhi. inko chup karvaiye. ,0
33:19 ,(anchor)," maam jawab dijiye, sanju verma. pleae jawab.",0
33:25 ,(speaker 3)," theek thai aditi ji dhanyavad. 30 seconds mai mera jawab yeh hai. pehli baat toh yeh jo mehngai ki duhai dete hain. april ka jo mahngai ka darr hai wo tha 4% aur jo khadya padarth i mehngai thi wo 2% thi aur jo sabzi i mehngai thi wo thi -16% toh padh likh kar aaya kijiye. dusri baat 2013 mai gas cylinder ka daam kya tha. 1270 se lekar 1290 rupay. modi sarkar ke 7 saal mai LPG cylinder ka average price daam kitna rha hai, 650-809 rupay. matlab ki 2013 ke mukable ek LPG cylinder aaj ek LPG cylinder ka daam middle class ko 2013 ke mukable 40-50% kamm mai mil rha hai. aap galat aakde daalke news ke darshako ko gumrah kar rhe hain. aur ek baat puchna chahti hoon, yadi modi sarkar kaam nhi kiya hota toh hmko 2019 mai 303 bahumat kaise mila. bihar mai 15 saal ki anti incumbency ke bawazud aaj bohar mai hmari sarkar hai. assam mai dusri baar hume itni zabardast bhumat milli. bangal mai 3 se lekaar 77 seete milli jo ki lagbhag 2800% ka jump hai toh aap yeh baar baar modi sarkar ko kosna band kare aur khud aatm chintan kariye.",0
35:12 ,(anchor)," theek hai shakir ali. aap national election ko state election se jod rhi hain. ek second shakir ali vipaksh sarkar ko gher rha hain, sarkar palatkar vipaksh par brahmit krne ki rajneeti laga rhi hai aur maafi aapse iss baat ke liye ki aadha ghanta aapne intezaar kiya hai bolne ke liye toh uske liye maafi bhi aapki baat. rajiv ji iske baad aapko dungi floor.",0
35:33 ,(speaker 4), mai aditi ji maafi chahta hoon ki agar humko pehle pta hota ki aap enter hai toh hum iss debate mai nhi baithte kyunki isse pehle hum aapki debate se uthkar chale gye kyunki aapko debate krana aata nhi hai yeh clear hai hmari taraf se.  ,0
35:48 ,(anchor)," theek hai sir abhi aapko baat rkhni toh baat rkh sakte hain sir baat rakhni hai aapko. aap baat karne ke liye aaye hain. haan toh baat kariye, tipni mat kijiye. ",0
35:59 ,(speaker 4)," toh baat karne ke liye aap de kahan rhi hain aap baat karne ke liye de kahan rhe hain. aapne maafi manga, humne bhi maafi manga.",0
