timeStamp,speaker,text,label
01:08 ,(ANCHOR)," namaskaar aap dekh rhe hain aajtak. mai aap ke saath rohit saradaana, shyam ke 5 baj rhe hain. aur waqt ho gya hai dangal ka. pichle saal wing commander abhinandan ki rihai par pakistan sansad ayaaz sadiq ke kuboolname se bharat ne rajniti ka kyoshthai. pakistan ke bade neta ayaaz sadiq ne kuboola hai ki bharat ke hamle ke darr se  abhinandan ko riha karane ka phaisala pakistan ko lena pda. paakistaanee sansad ne yahan tak kaha ki abhinandan ko lekar hamale kee aashanka par paakistaanee sena pramukh kamar jaaved baajava ke pair kaanp rhe the .maathe par paseena aa gya lekin pakistani sansad ke khulase ke baad congress neta rahul gandhi par BJP ne morcha khol diya hai . BJP ke adhyaksh JP nadda ne kaha ki congress ke shahajaade ko bharat mein kisee par bharosa na ho to apane bharosemand pakistan ki suniye. toh isiliye aaj dangal mein bahas abhinandan kee rihaee par pakistan ka qubulnama aur usake baad bharat mein use suyasi savaal. pehle yeh report dekhie aur usake baad aapako bataate hain dangal mein aaj hamaare saath kaun-kaun se mehman hain.",0
06:08 ,(ANCHOR)," to aapako bata den ki dangal mein aaj hamaare saath kaun-kaun se khaas mehamaan hai saiyad japhar islaam hamaare saath aa gae hain vah BJP ke pravakta hain raajyasabha ke saansad hain charan singh shaahapura hamaare saath hai, vah congress party ke pravakta hai. retired major vishambhar dayaal hamaare saath aa gae hain. raksha visheshagy , retired leautenant general shankar prasaad hamaare sath aa gya hain. raksha visheshagy aur ashok sanjanhaar hamaare saath hain,former diplometik kootniti ke jankaar. aap sab ka svaagat hai dangal mein sabase pahale mera savaal, charan singh shaahapura aapase. jo aarop BJP laga rhi hai, ab to khush hai aap? ki pakistan iss baat ko kubool kar raha hai ki haan bharat se dar gae the, isiliye chhodana pada? ",0
06:47 ,(SPEAKER 1)," dekhiye rohit jee, main aapako yaad dilaana chaahoonga ki congress working committee kee meeting mein bhi, resolution hua tha jisamen hamane pooree tarah se. hamaaree senaon ka aur sena ke dvaara kee gaee kaarravaee ka hamane hamesha samarthan kiya hai. Darasal baat yeh hai ki bihar ke chunaav chal rhe hain aur bhaarateey janata party ke adhyaksh naada saahab. dishagul karana chaahate hain, janata ka dhyaan bhataka na chaahate. aur unko yah kaaran mil gaya hai, kisi tarah se. iss vishay ko wo congress ke oopar chipakaana chaahate hain aur pahale charan ka chunaav hua unhonne dekha ki pehle charan ke chunav mai bhaarateey janata party aur jedeeyoo ko bahut jyaada kuch samarthan mil nhi rha hai. isase pahale bhee nityaanand raay ne kashmeer ke aatankavaadiyon kee baat kee. yogee jee ne pakistan ko iss chunaav ke andar laane ka prayaas kiya lekin bihar kee janata ne pahale charan ke chunaav mein  isko nakaar diya hai, bihar kee janata chaahatee hai naukariyon par chunaav ho. berojagaaree par chunaav ho, mahangaee ke mudde par chunaav ho aur nada jee iss mudde ko bhataka karake pakistan kee entree karaana chaahate hain. yeh wo hi log hai jo bin bulaye mehman ban kar ke nawaz shareef ko gale milne gye the. nawaz shareef ke janamdin par aur beti shadi par bin bulaye mehman begani shadi mai abdula deewana .yeh wo hi log hain jinhone isi ko red carpet welcome diya. azar masood ko chhoden ke liye kandam tak gye the. dhruv saxena jab ek isi ka agent pakda gya toh wo isi ka agent bhaarateey janata party ka pratinidhi nikala. niranjan hijoi asaam se pakda jata hai toh bhaarateey janata party ka padaadhikaaree nikalata, 10000 pathar walo ke case yeh wapas lete hain. major aditya kumaar ke oopar FIR yeh karate hain kashmeer ke andar aur fir pakistan kee entree aur congress ke saath pakistan ko chipakaane ka kaam yeh karate hain maatrak chunaav ke karan.",0
08:46 ,(ANCHOR)," shahpura jee, aapne bol liya ho toh aap se savaal pooch lo ab aapse? mai aapse sawaal pooch loon ab aap ka ho gaya poora toh? subhoot kisne maange the. surgical strike ke? postar kisane lagaaye the surgical strike ke saboot ke lie? yeh kisane kaha tha ki wahan 4 darak gire hain keval? kis party ke neta the wo jinhone yeh baat kahi thi?",0
09:11 ,(SPEAKER 1)," Dekhiye rohit jee mai aapko bataun, jin jin neta ne yeh baat ki hogi wo netao ke vyaktigat bayaan the wo koi congress party ke bayan nhi the.",0
09:19 ,(ANCHOR), Arre sir yeh bda accha tareeka hai. yeh bda accha tareeka hai sir. ki jab chahe jiska marzi bayaan vyaktigat ho jaye aur jab chahe jiska bayaan party ka ho jaye. yeh shahpura jee abhi aap jo baate bol rhe the pichle 2:30 minute se. yeh aapka vyaktigat byaan toh nhi ho jayega thodi der ke baad? ki yeh toh charan singh shahpura ne kaha tha congress party ne nahi kaha kyonki agar aap 10 sir rakhenge aur 10 siron se alag-alag baaten karenge to kis sir ko kab maanana hai yah kaise tay hoga?,0
09:46 ,(ANCHOR)," Dekhiye mai aapko congress working committee ke resolution ki baat kar raha hoon, congress party kee baat kar rha hoon. ",0
09:52 ,(ANCHOR)," congress working committee ne navjot singh sidhu ke khilaf resolution pass kiya? jo yeh keh rhe the ki 4 darak gire hai wahan par, kuch nhi kiya bhartiye fauj ne. congress working committee ne sanjay nirupan ke khilaf resolution pass kiya jinhonne postar banner laga die the? ki suboot dikhao. ",0
10:12 ,(SPEAKER 1), Dekhiye main rohit jee aapako batao kee yeh maatr bihar ke chunaav ko turn karane ka ek prayaas hai aur bihar,0
10:18 ,(ANCHOR)," Mai bihar ka shabd istemaal bhi nhi kar rha hoon. maine aapke saamane abtak jitni baat kahi shahpura jee, shahpura jee, shahpura jee. maine abhi tak , abhi iss samay ghadee mein 5:06 ho re 4:56 par yah kaaryakram shuroo hua tha tab se lekar ab tak mere poore kaaryakram mein na meree taraph se na report mein bihar ka shabd istemaal nahin kiya gaya. jitanee der aap bole aapane poora zor bihar par diya. usake baad aap kah rhe hain ki bihar ke lie is tatye ko rakha ja raha hai. mujhe keval yah bata deejie, pakistan kee sansad mein jo aadamee bol raha tha vah bihar ke chunaav ke lie prachaar kar raha tha kya? kya hum abhinandan ko chhodane isliye gae kyonki hamaare sena chief ka paseena tapak raha tha? ki hindustaan 9 bje tak attack kar dega, agar nhi chodda toh. wo bihar chunaav mein bhashan de rha tha? aap log chunaav ke ilava kuch nhi sochte kabhi?",1
11:19 ,(SPEAKER 1)," pakistan kee sansad mein ya pakistan ke neta kya bol rahe hain yah vahee jaane usake oopar vaktavy mein nahin karana chaahoonga lekin yah jarooree hai, yeh nishchint hai ki kahin na kahin bhaarateey janata party ne yeh dekha hai ki unko siyasan dol rha hai aur bihar ke chunav mai pakistan ke",0
11:37 ,(ANCHOR)," Matlab aapko chunav ke ilava kuch nhi dikhta na shshpura jee? yeh aapko chunav ke ilava kuch nhi dikhta na? aapko chunav ke , shahpura jee, hum ghatna par yahan 1 ghanta baith kar debate kari hai . aapki party ne aapko nhi bhejna tha, 6 bje ussi par debate hogi lenkin aapki party ne fir bhi aapko nhi bheja.",1
11:55 ,(ANCHOR)," shahpura jee mai pakistan pooch rha hoon, aap bihar mai atke hain. uske baad aap yeh keh rha hain ki dusre log bihar ke chunav mai istemaal karna chahte hain. aap bihar se bahar nhi nikal paa rhe. chunav aapke zehen se utar nhi paa rha shahpura jee.uske baad aap yeh baat kar rhe hain.",0
12:11 ,(SPEAKER 1), Mai aapko yeh samjhana chah rha hoon ki kahin par nigahain aur kahin par nishana .,0
12:14 ,(ANCHOR)," shahpura jee, aap mujhe bas yeh samjha dijie ki jo aapki party ke neta pakistan ke paksh mai uss samay bayan de rhe the. ek tareeke se yeh kehkar ki aap suboot dikhao, yeh kehkar ki 4 darak gire hai. unse maaphee maange? unse maaphee maange? maine maan liya ki CWC mai prastav pass hua tha, netaon se mafi mangvaenge? karvai karna toh dur ki baat hai. maafi mangvaenge unse? nhi mangvaenge na sir, nhi mangvaenge na, kyunki aapne 10 sir pale hai aur aap 10 sir rakhte hai taki jab jo jaisa mauka aaye, uss tareeke se wahan se firing krva lein zubaani aur baad mai keh de ki yeh toh inka niji bayaan tha. haina sir?",1
12:57 ,(SPEAKER 1)," Accha toh sakshi mahaaraaj kya bolate hain kabhi , giriraj singh kya bolte hain kabhi? ",0
13:00 ,(ANCHOR)," toh yeh hi baat inse bhi kahi jati hai. toh kya aapke liye navjot singh sidhu sakshi maharaj hai? theek hai sir, shapura jee theek hai. ok. aapke liye navjot singh sidhu sakshi maharaj hai. maafi mangvana toh aap bhul jaye. maafi mangavana, karwai krna aap bhool jaye. aap bihar ke chunav ko apne dimaag se utar nhi paa rhe hain. ab mai sayad zafar islam, aapke pass aata hoon. sir mai keval pakistan ke darr pe baat kar rha hoon. mere karyakram ka naam hai ""pakistan ka yeh darr acha hai"". lekin aap zyada khau sda lag rhe hain bihar ke chunav ko dekhkar. mujhe hairaani hai, sir. sayad zafar islam.ek second sir ek second please. sayad zafar islam,  pakistan ka neta kahata hai ki pakistan darr gaya tha, pakistan ka neta kahata hai ki hamaara army chief to kaamp rha tha, usako paseene chhoot rahe the lekin BJP ke adhyaksh rahul gandhi par nishaana sadhte hain, kyun?",0
14:08 ,(SPEAKER 2)," dekhiye, yeh achchha mauka tha congress party ko aur rahul gandhi ko jinhone saboot maange the, jinhonne bahut saare galat bayaan dene mein kaheen na kaheen pakistan ke samarthan mein bole the unake lie aaj mauka tha ki desh kee janata ke saamane maaphee maangate jo unhonne gunaah kiya tha jo unhone ghor aparaadh kiya tha usako kaheen na kaheen maaphee maange aur usako dhone ka kaam karen lekin aaj bhee inhone nhi kiya. isliye inki chinta aaj yeh pakistan ko khush dikhaane vaalee chinta hai. aaj bhi yeh kahin na kahin yeh soch rhe hain ki inki zameen toh bihar mai hai hi nhi. kisi aur ke kandhe par baithe hai aur wo bhi inhe down na kar de. iski inki chinta hai. mai sirf keh rha hoon ki yahan ke sansad pakistan mai unki tareef hoti hai , yahan ke sansad pakistan ke sansad ko khush kar, pakistan ke pradhaanamantree pakistan kee aavaam ko khush karane vaalee baat karate hain are bhaee aaj aap yahaan ke saansad the aap yahaan ke jab pakistan ka ek saansad kaha rha ki ham kaanp rahate hain. paseene paseene hamaare chhoote hue the, to aise mauke par kam se kam 2 shabd achchha arabee ke lie bolate hain ki bhaee hamaare se galatee ho gaee hamane galat samajha. aapane galat bayaanee se kaam liya, aaj main aapake jo itane jaabaaj sipaahiyon ke khilaf hamane bola kaheen na unaka shaury hamane kam karane kee koshish kee lekin main maaphee maangata hai donon haath jodakar to shaayad desh kee janata maaph kar dete lekin ab aap bihar ilekshan ke aage aane vaale ilekshan mein bhee aap baat karen pradesh kee janata desh kee janata aapako maaph nahin karenge isalie yah ghor aparaadh kiya hai yah aapane jo aparaadh kiya hai sirph desh kee janata ke saath ke saath kiya aur pakistan ka aapne",0
16:03 ,(ANCHOR), Kya rahul gandhi par nishana isliye saadha gya kyunki bihar ka chunak hai jo wo aarop lga rhe hai?,0
16:14 ,(SPEAKER)," bilkul nahin. main to kah raha hoon ki dekhie inake lie haseen mauka tha rohit jee kah dete ki hamaare party ke logon se galatee mujhase bhee galatee huee hamane baar-baar pradhaanamantree par apshabd baat kie, hamane unake apane jaambaaj sipaahee ke bahaaduree par hamane kaheen nahin ? khada kiya, hamane apane leedaraship ke khilaf bola, hamane pakistan ke ministar ko madad kee, pakistan ke paanch gandee baaten ki usako hamane kabhee usake baare mein kuchh nahin kaha lekin desh ke arbee par question barabar uthaya, saboot uthaya party ke logon ne leader . pakistan mein jaakar unhone galat bayani se kaam kiya hai. aise mai mera farz hai ki hum na unhe rokte, na sawaal uthate. ek bohot accha sunehra mauka tha sapra jee jo aap congress party ne kho diya kyunki aapki chinta pakistan hai .pakistan ko khush dikhana chahte hai, desh ki chinta nhi hai . kya desh mai chuna hua sansad. usko sabse pehle chinta desh ke pehle.",0
17:11 ,(ANCHOR)," Theek hai, Ok, karan sapra jawab dijie.",0
17:16 ,(SPEAKER)," rahul gandhi rahul gandhi kahin bhi aisa koi vaktaviya nhi kiya jis par aa itni badi charcha karna chah rhe hai. aapko dhyan rehna chahiye ki zbani chot se aapko vote nhi milne wali hai, yeh saari zubani chot hai. Mai aapke beech mai nhi bola tha zafar bhai, mai nhi bola tha. oh zafar bhai, aap niyam mat todiye, dekhiye zubani.",0
18:06 ,(ANCHOR)," Mai aap dono ko jaankari de deta hoon zra. rukiye aap dono, rukiye zra. aap logon ko zankari de deta hoon. ek badi jaankari aa rhi hai. ek badi jaankari aa rhi hai. sunn lijiye. kuch jaankari behtar ho jayegi aap logon ki. pakistan ke mantri, fawad hussain chaudhary ka bayaan hai, imran khan ke mantri hai fawad hussain chaudhary. aur unka bayaan hai ki pulwana hamla pakistan ki badi kamyabi hai. jin cheezon ko leke hindustan mai rajnitik partiyan, satta, paksh aur vipaksh. shankar prasad sahab, ek dusre ka collar pakad rhi hoti hai. ki dekho tum rok nhi paye. tumne aisa kar diya, tumne waisa kar diya. unko lekin ek ek lekar khulase ho rhe hain. kal sansad mai ek aadmi bolta hai ki pakistan darr gya tha isliye abhinandan ko chodhna pada aur aaj doosara vyakti bol raha hai ki pulavaama hamala pakistan kee badee kaamayaabee thee. aur sir hum yahan petty politics mai uljhe huye hai. iss baat par kis par vote mil sakata ki nahin?",0
19:02 ,(SPEAKER)," rohit bade dukh kee baat hai ki is masle mein jo aajakal ke haalaat mein us par bhee congress aur bjp kee aapas mein ladaee chal rahee hai. aapakee dibet mein 15 minat bihar aur isamen lag gae. dekhie aaj bharat ek bade bhaaree sankat se lad raha hai. china ka bharat ke upar kya aakraman ho rakha hai aapako sabako maaloom hai. jis tarah se international security environment ban rahee hai voh bhee aapako maaloom hai. jis tarah se log baaten kar rahe hain strategic circles mai ki chaina aur pakistan milakar 2 front war kee situation bharat ke lie khadee kar sakate hain. ek taraph china aur doosaree taraph pakistan bharat ke oopar ek saath milakar hamala kar sakata hai jise bharat kee badee bhari shakhat hogee. dekhie iss samay is byaan ka aana bahut matalab rakhata, bahut maayane rakhata hai na congress ko is se matalab hai na bjp ko iss se matalab hai. isaka matalab hai national security kee jo hamaaree policy ban rahee hai dil par din ubhar rahee hai. daily uskee update hotee hai usase yah lag raha hai ki pakistan jab se pooree ka surgical strike hua usane koee reaction nahin dikhaen. pulavaama usane avashy kiya aap ne maan liya aaj kee pakistan isakee responsibility leta hai aapane yah dekh liya ki baalaakot ka hamala ab kis tarah se bol raha hai. isse sabh yeh zaahir hota hai ki pakistan kee army kisee vajah se bhee kis andar no circumstances will go to war with india chahe fir china kee madad ho jae china ke madad na ho. iss samay keval baaton ke alaava pakistan kuchh nahin kar sakata, pakistan army ka koee iraada kisee kisam ka nahin ho sakata. vah aatankavaad karata rahega kashmeer ke andar, aur jagah bhee lekin vah bharat kee sena ke sang koee aisa kadam nahin uthaegee jisase vah war mein hissa lena pade to yah bharat ke lie badee bhaaree 1-1 inaput hai. isaka  mai kahunga jo intelligence input confirm hai nahin hai ki hame iska yeh matlab nhi hai ki hum pakistan ke karan apni taiyaari kam kar denge. pakistan ke barkhila bharat sena ki taiyaari puri rahegi, china ke sang puri rahegi. lekin ab  aap dekhiye ki kis tareeke se pakistan uss samay darr rha tha. pakistan uss samay darr rha tha, uske army chief ke passeene nikal rhe the.",0
21:13 ,(ANCHOR)," mai aapko ek cheez sunana chahta hoon, sir. sir mai aapko ek cheez sunana chahta hoon sir. thoda rokte hue. aur bayaan jiska maine abhi abhi zikar kiya, fawad chaudhary ka, wo keh rhe hai ki pulvama hamla pakistan ka ki kamyabi hai aur iska credit jo hai. wo imran khan ko jana chahiye. hum iss desh mai rehte hai jahan log tareefon ke pul band rhe the imran khan ke. jab imran khan ne yeh kha tha ansad mai ki hum toh wing commander abhinandan ko chodh rhe hai toh hmare yahan se tareefon ke pul bandhe jaa rhe the imran khan ke aur ab pakistan ka ek nhi, do-do rang saamne aa rhe hai ki khauf mai tha pakistan uss samay isliye unhe abhinandan ko chodhna pada aur dusra ki kitna credit de rhe hain imran khan ko ki kitna kamaal kar diya imran khan ne . suniye zara fawad hussain ka yeh bayaan fir prasad sahab aapse aage comment leta hoon. suniyega zarra.",0
