timeStamp,speaker,text,label
00:00,(INTRO), Har khabar par hogiaapki pakad download kijiye abp live. ,0
00:05,(ANCHOR), Badi baat Pradhanmantri narendra modi ki taraf se yahi kahi ki dekhiye corona ke khilaf yah jo ladai hai yah people driven hai. Log ek juth hokar is ladai mein apni bhagidari jo hai usko nibha rahe hai. Hamari pahli prathmikta desh mein logon ki jaan ko bachana hai yah pradhanmantri narendra modi ki taraf se saaf kiya gaya sayam sadbhav ke sath ramzan banae social distancing sa ka palan kare. Corona ke khilaf jung mein pura desh ek team ki tarah kaam kar raha hai. Pradhanmantri narendra modi ki man ki baat ki badi batein main apko bata rahi hun. PM kalyan yojana ke tahet garibo ko seedhe paise bheje jaa rahe hain. Kis tarah se sarkar is mushkil vakt mein garibo ka khyal rakh rahi hai iska zikar PM ki taraf se kiya gaya. Kendra aur rajaye ek sath corono ke khilaf kaam kar rahe hai. Yah teamwork jo sankhaye danche mein nibhaya ja raha hai kendra aur rajayon ki taraf se uska zikar PM ne kiya. Doctors ki suraksha ke liye sarkar jo adhyadesh lekar aayi hai uske bare mein pradhanmantri narendra modi ne desh ko bataya aur railway aviation dak vibhag bahut achcha kam kar rahe hai. inki tarif pradhanmantri narendra modi ki taraf se ki gayi. bharat mein corona ke khilaf ladayi janta lad rahi hai. People driven hai yah ladayi. Jagrukta badhi hai bimari se bachne ke liye mask lagana jaruri uski ahmiyat pradhanmantri narendra modi ne ek bar fir se rekankith ki aur yah bhi kahan ki aapko bajar se khareed kar mask lagane ki jarurat nahin hai gamchha ka istemal jis tarike se PM karte hain uss tarike se log kar sakte hain. Sarvjanik jagahon par thukne ki aadat bhi ab band karni hogi. Dekhiye do gaj duri bahut hai jaruri vahi mantra bhi pradhanmantri narendra modi ki taraf se diya gaya hai aur is samay mere sath do khas mehman maujud hai varishth patrakaar pradeep singh ji hamare sath maujud hai. Aur sath hi rajnitik vishleshak nishant sharma ji bhi hamare sath jude hai. Mujhe lagta hai ek ek reaction pahle le lete hain. Nishant ji aap se shuruaat karti hun. Kaisi lagi aap ko pm ke man ki baat. ,0
01:55,(SPEAKER 1)," Nahin mujhe ek baat bahut acchi lagi savdhani hati durghatna ghati. Mananiy pradhanmantri ji kahan hai. Aur maaf kijiyega aaj ki man ki baat mein mujhe kuchh bhi raspradh nahin laga. Vo isliye kyunki ham pura desh aasha kar raha tha ki kis tarike se sarkar kadam utha rahi hai. Kyon 550 marizon ke lockdown aaj 26000 ke upar ho gaya hai use per mananiy pradhanmantri kuchh apna byan denge aur bataenge desh ko ke exactly kis tarike se is mahmaari se ladne ka kam ho raha hai. Yah santon ki tarah gurbani dena isse kuchh nahin hoga isse koi fayda nahin hoga maaf kijiyega shayad meri baat acchi na lage lekin yah man ke chaliye ke chandragupta maurya ko aacharya chanakya ne kaha tha ki shikar se ladne ki avashyakta hai aur na ke ghar mein baith ja karke dubakne ki uska tatparya yah tha ki aap yah bataiye ki aap ladai kaise kar rahe hain aap sab kuchh andar baitha karke nahin kar sakte. Maaf kijiyega lekin ek baat mein saaf kar dun ki is samay jo avashyak hai vo hai corona se ladna uska maine data check kiya hai ki 3 din do din pahle tak kah deta hai ki duniya mein per million, million matlab 10 lakh, har 10 lakh logon per jahan desh duniya ke andar alag alag deshon mein. 18000 40000 50,000 90000 logon ka test kiya ja raha hai vaha bharat ki average 10 lakh logon per 450 ke aaspaas ki. Agar itne kam test honge to hamein sacchai pata nahin chalegi. Maaf kijiyega modi ji aapane aaj fir panic create kar diya aapke vaktavya mein aapane yah kaha ke corona aap ke daftar mohalle gali tak nahin pahunchega aisi galti na paale to sahab yah bataiye savdhani hati durghatna ghati. january aur february mein aap kya kar rahe the. Aapane savdhani tab hata di jab pehali february 2020 ko Romana ji W H O ne apni guidelines nikaali lekin ham log kis chijon mein vyast rahe humne dekha middle of march tak. To yah sunna man ki baat achcha lagta hai zara desh ki man ki baat bhi samajh le ke ek vyakti nahin lekin ek pad per aaseen vyakti.",0
04:02,(ANCHOR), Main jawab le leti hun. ,0
04:03,(SPEAKER 1), Jab pichhle do mahine se desh ko nahin sambhal pa raha hai jab nahin sambhal pa raha hai to use jagah khali kar deni chahie. ,0
04:09,(ANCHOR), Nishant ji. ,0
04:10,(SPEAKER 1), desh apne aap ko sambhal lega.,0
04:11,(ANCHOR), Nishant ji. Mai jawab le leti hun. ,0
04:12,(SPEAKER 1), Aaj jis tarike ki man ki baat jo modi ji ne kaha hai wo nahin chahie.,0
04:13 ,(ANCHOR), Waise Nishant ji yah apka personal opinion hai jo aap ka personal opinion hai jo aap kah rahe hai ki sambhal nahin pa rahe hai desh ko. puri duniya jo hai vo to tarif kar rahi hai. ,0
04:20,(SPEAKER 1), Yah mera personal opinion kaise ho sakta hai?,0
04:21,(ANCHOR), Nahin nahin. Sir personal opinion aapka isiliye ho sakta hai kyonki puri duniya jo hai tarif kar rahi hai. Bill Gates jo hai vo chitthi likh kar tarif karte hai sir. W H O jo hai vo kahta hai ki Bharat ki taraf nazar hai ki bharat kis tarike se iss mahamari se bahar nikalta hai. Sir aapke kahne se nahin hoga na. Aap hath hila kar kah denge ki aisa kuch nahin hai to sachayi nahin badal jayegi. [speakes over speaker 1] Mujhe lagra hai K K Sharama ji ko aana chahie. Ab hamare sath BJP ke pravakta K K Sharma ji bhi jud gaye hai. Man ki baat mei kuch thos nazar nahin aaya Nishant verma ji ko. [speakes over speaker 1],1
04:51,(SPEAKER 2), Dekhiye Nishant Verma ji se aap kya apeksha karte hai. Yah negative aadmi aur usse lekar nakaratmak logon se aap koi apeksha nahin kar sakte. Inka to ek tota rattant hai uss par mein koi baat nahin karunga. Aise vyaktiyon ko main koi tarif bhi nahin deta. Koi aur bhi nahin samjhta inki. Isiliye kyunki aaj desh kash ke sava sau karod janta judi. Aaj pradhanmantri shri narendra bhai modi ji ke. Saath jo hai kadam se kadam mila kar khada kiya. Aaj unka jo vyaktatva hai man ki baat hai. Us mein jo hai unki sankalp shakti. Double aatma vishwas aur pradeepadhata. Yah to jhalakti hi hai. Sath hi sath aam janata ko sava sau karod ki janta ke man mei bhi unki sankalp shakti unki ichcha unke aatma vishwas aur unka is ladai ke prati joh pradeepadhata hai usko bal deti hai jo sakaratmak soch par hai. Aap pure sandesh ko suniye. Mann ki baat ko suniye. Ek bhi paksh unhone nahin chodha. Itna sarv yane sarvasparshi sandesh.,0
06:01,(ANCHOR), Sir. main main aapke pass lautoongi K K Sharma ji. Iss samay kendriya mantri prakash javadekar ki pratikriya a rahi hai. Zara sunte hain kya kah rahe hain prakash javadekar. Acha vo sunvayenge ham aapko aage sunayenge ham aapko prakash javadekar ki pratikriya jo aa rahi h. Par pahle zara suniye pradhanmantri narendra modi man ki baat mein Ramzan ke mahine ko lekar pradhanmantri narendra modi ki taraf se kya kaha gaya hai. ,0
06:25,(CONTEXT SPEECH), Sathiyon ramzan ka bhi pavitra mahina shuru ho chuka hai. Jab pichli baar ramzan manaya gaya. To kisi ne socha bhi nahi. Is bar ramzan mein. Itni badi musibaton ka bhi samna karna padega. Lekin. Ab jab pure vishva mei yah Musibat aa hi gai hai. To Hamare samne avsar hai. Is ramzan ko. Sanyam. Sadbhavna. Samvedansheelta. Aur seva bhav ka pratik banaye. Is bar ham. Pahle se jyada ibadat kare. Taki eid aane se pahle. Duniya corona se mukt ho jaaye. Aur ham pahle ki tarah. Umang aur utsah ke sath eid manaye. Mujhe vishwas hai ki. Ramzan ke dinon mein. Sthaniye prashasan ke disha nirdeshon ka palan karte hue. Corona ke khilaf iss chal rahi ladai ko hum aur majbut karenge. Sadkon par bazaaron mein mauhalon mein. Physical distancing ke niyamo ka palan abhi bahut avashayak hai. ,0
07:25,(ANCHOR), Pradeep ji akshy tritiya ka bhi zikar ramzan ki baat sabse samvad pradhanmantri narendra modi ke iss man ki baat mein. ,0
07:33,(SPEAKER 3), Bilkul rumana ji dekhiae unhone 3 shabdon ka zikar kiya. Apne sambodhan mein. Prakruti vikruti aur sanskriti. To jab prakriti mein vikriti ho to sab taraf nakaratmak hi dekhta hai. To aise log hamesha samaj mein rahenge jinko nakaratmakta hi dikhai degi unhen koi sakaratmak chij dikhai nahin degi. Dusra yah manch jo man ki baat jab se shuru hua hai. Lagbhag 5 sal shayad ho rahe. Kabhi pradhanmantri ne is manch ka upyog. Rajnitik baton ke liye. Yah sarkar kya karne ja rahi hai uski goshnaon ke liye nahin kiya hai. To yah apeksha karna is mein sarkari yojnaon ki koi ghoshna hogi yah yah shayad thik nahin hai. Dusri baat unhone samaj ki pragya ko jagane ka prayas. kiya hai. Ki samaj aur sarkar. Milkar kis tarah is chunauti ka samna kar sakti hai. Aur unka hamari sanskriti. Jo hamen sikh aati hai ek dusre ki madad karna. Sankat mein dusre ke liye khade ho na. Aapas mein milkar aage badhane ki koshish karna. Aapas mein ladne se ham kahin nahin pahunch wale. Aapas mein milkar chalenge tabhi aage badh sakte hai. To unki unki baton ka aap dekhie to ek taraf se aane wale lockdown khulne ki ummid hai 3 may ke bad. To uske bad ki sthitiyon ke prati unhone aagah kiya hai ki uske bad bhi aap yah mat samajhiye ki sankat khatam ho jaega lockdown khatam hua to sankat khatam ho gaya. Duniya bhar mein duniya bhar ke desh is sankat se jujh rahe hain to ham ko vyavhargat parivartan laane honge.,0
09:14,(ANCHOR), Bilkul. ,1
09:14,(SPEAKER 3), Apne vyavhar mein jis tarah se ham jivan jite the. unmei badlav lana hoga. ,0
09:19,(ANCHOR), Nahin nahin aap aap mahatvapuran baat kah rahe hai. Aur pradhanmantri ki taraf se kaha gaya ki kasauti kal mein hi. Kasauti kal mein hi asli guno ki pariksha hoti hai. To suni aapne pradhanmanti narendra modi ke man ki baat is corona kal sankat kal mein badi baat yahi pradhanmanti narendra modi ke taraf se ki gayi ki. Dekhiye corona ke khilaf jo ladai hai vo darasal log khud lad rahe hai. Vo people driven hai. Aur sath hi pradhanmanti narendra modi ne mantra diya logon ko. Corona se agar bachna hai to fir do gaj ki duri zaruri hai. ,1
09:50,(CONTEXT SPEECH), Do gaj duri banaye rakhiye. Khud ko swasth rakhiye. Do gaj duri. Bahut hai jaruri. ,0
09:59,(ANCHOR), Ham seedhe ruk karte hai khaas mehmano ka. Mujhe lagta hai nishant ji ko aana chahie. nishant ji jagrukta ke samay sabse jyada jarurat hai. aur pradhanmantri narendra modi ki jis tarah ki lok priyata hai desh mein. pradhanmantri se behatar koi ho nahi sakta logon ko jagruk karne ke liye. Aaj bhi pradhanmantri narendra modi ne jagruk kiya logon ko sir. Tareef toh banti hai. ,1
10:23,(SPEAKER 1), Aapki line badi acchi lagi ke pradhanmantri se jyada koi jagruk kar nahin sakta uske liye kahin sanskrit ke shlok ki ek line yad aati hai na hi suptsya sihansya pravishanti mukhe mrigah. yah bachpan mein padi thi aur pradhanmantri ji ke lagu hoti hai aur main isliye kahta hun ki january february mein to yah sote rahe march mein aakar panic kia. aaj ki tarikh mein yah kahana ki ya jagruk kar rahe hai to maaf kijiyega jo khud sote rahe vo aaj kya jagruk kar rahe hain desh duniya to pahle se jagruk thi aaj dari hui hai. yah fark aaega dusri baat yad rakhiye kuchh log kah rahe the panel per ke nakaratmakta duniya mein jyada faili hui hai aur dikh rahi hai. nakaratmak nahin hai aaj main bina naam liye kahunga ki pahle jab vipaksh ne kaha tha corona ki tsunami aane wali hai 24 tarikh ko ahmedabad municipal commissioner ne kaha ki may ke ant tak 800000 corona case sirf ahmedabad mein hone ki aashanka aa gayi hai. Iske andar bajaye is samay gungan karne ke yahan bhartiya janata party ke panalist baithe hai bilkul gungan karenge lekin gungan karne ke bajaye man ki baat mein agar jaise pradeep ji ne kaha ke koi sarkari baat nahin ki jaati to fir ispeti tavajjo bhi nahin deni chahie ham kisi sant shri ke aashram mein baithkar ke gungan nahin sun na chahte. Hamen is samay desh ko ja pura desh aur duniya atki hui hai hamen yah bhi nahin kahana hai koi hamen mein is samein politics nahin karni hai. yah pahle kyon nahin kiya bad mein kyon nahin kiya lekin aage kya hoga yah to bataiye . Economy ka kya hoga yah bataiye.,0
11:43,(ANCHOR), Hmm.,1
11:43,(SPEAKER 1), Sare business thap padhe hain,0
11:45,(ANCHOR), Hmm.,1
11:45,(SPEAKER 1), Kitne din tak logon ko aap paise bhij waenge,0
11:47,(ANCHOR), Hmm.,1
11:47,(SPEAKER 1), kitne logon ko khana bhij waenge aapke pass koi line of direction hai nahin aap is samay baithkar ke sirf sant shri narendra modi ji ka agar aap bhashan sunna chahte hain ya pravachan to uske liye desh taiyar nahin. ,0
11:58,(ANCHOR), Ek. Ek second sir. Sir sir sir. mujhe lagata hai K K Sharma ji ko aana chahie. K K Sharma ji jis tarike ke alag alag reports aa rahe hai. Jis tareeke ki studies aa rahi hain. Kal hi IIT Delhi ki taraf se ek study aayi ki sahab agar lockdown khol diya jaata hai agar puri tarike se lockdown hata diya jata hai to fir 13 May tak 10 lakh corona ke mariz. Agar partial lockdown khulta hai to 13 may tak 2.5 lakh corona ke marij aur yahan per nishant ji ne ek akada de diya gujarat ke sandrbh mein ki 8 lakh to gujarat mein hi corona ke marij nikal aayenge. To sir fir aage ka rasta dikh kya raha hai. ,0
12:23,(SPEAKER 2), Khali Ahmedabad. ,0
12:26,(ANCHOR), Thik hai. Thik hai sir. Thik hai.,0
12:27,(SPEAKER 2), Khali Ahmedabad. ,0
12:27,(ANCHOR), Aaiye. Ji Aayie.,0
12:27,(SPEAKER 2), Is mein is mein rumana ji main aapse keval itna hi kahunga. Dekhie mujhe aaj bahut negative baton par bahut jarurat nahin hai. Na desh ko jarurat hai. Kyonki desh aaj pure atmavishwas se is ladai ko lad raha hai. Aap dekhte honge ki kya aage ke. Jo hai kaise kadam uthana hai.,0
12:44,(SPEAKER 1), Batein hai nahin. Baat kare. ,0
12:45,(SPEAKER 2), Arre aap inhe beech mein band karaiye na. Inko kahe ke liye aap beech mei bolne de rahe hai. To jo bhi aage ke jo karyakram hai. Aage ki karvahi hai. Din Pratidin jo hai. jo hai. 4:00 baje.,0
12:53,(SPEAKER 1), Kyon beech mein kyon nahin bolenge. Desh mein bolenge. Aap desk ko gumrah karenge. To desh baat nahin sunega kya. ,0
12:58,(ANCHOR), Haanji.,0
12:58,(SPEAKER 2), Nishant ji apni vo band kijiye. ,0
13:01,(ANCHOR), Nahin nahin aap apni baat rakhiye sir aap ki awaz ja rahi hai. Sharma ji aayie.,0
13:03,(SPEAKER 2), To unko thoda band karein. 25 din jo hai. Jo hai yah 4 baje aap press conference sunte usmein sari baten jo hain aage ki yojana aur is sapandh mein sabhi jo pramukh vibhag hai uske log usmein hote aur vo uski jankari dete hai. ,0
13:17,(ANCHOR), Hmm. ,1
13:17,(SPEAKER 2), Vo sari vishay jo hai janta ke samne aati hain. Aap bhi pratidin dikhate hai. ,0
13:21,(ANCHOR), Haa ji.,0
13:21,(SPEAKER 2), Kitne test ho rahe hai. Kya ho rahe hai. Aage kya karenge. Aur sabhi ministry apni apni yojanaye bhi rakhti hai. To yah sab chij desh ke samne hai yah koi chij aisi nahi hai.,0
13:33,(ANCHOR), Bilkul. ,1
13:33,(SPEAKER 2), Aur charcha ke sath hoti hai badi yojana ke sath hoti hai aur puri samiksha ke sath hoti hai. ,0
13:38,(ANCHOR), Nahin mera sawal darasal isi vajah se hai. Mujhe lagta hai ki Pradeep ji ko aana chahiye. Sir aa rahi hun. Sharma ji aa rahi hun. Pradeep ji ke pas ja rahi hun. Pradeep ji abhi tak bharat mein corona ke khilaf jis tarike se jang ladi hai.,0
13:49,(SPEAKER 1), Shame on BJP yar. ,0
13:50,(ANCHOR), Jis tarike se ladai ladi hai. Kya itna nakaratmak hone ki jarurat hai humein jis tarike ki nakaratmak tasvir yaha par Nishant ji uker rahe hai sir. Kyonki dekhie aap jab test desh mein 14000 ke aas pas ho rahe the tab bhi 4% hi positive nikal kar aa rahe the. Ab sadhe paanch lakh se jyada ho rahe hai tab bhi 4% ke aas pas hi positive nikal aa rahe hai.,1
14:05,(SPEAKER 1), Nakaratmak kaha hai. Agar fact nakaratmak hai to mai kya karun? ,0
14:13,(ANCHOR), Sir main bhi fact bata rahi hun. Main bhi fact bata rahi hun. But fact shayad aap sun na nahin chah rahe hai. ,0
14:16,(SPEAKER 1), Main data bata raha hun. Sarkari data bata raha hun. ,0
14:19,(ANCHOR)," Main bhi data hi bata rahi hun sir, sarkari data bata rahi hun sir. Pichle 30 din mein jo beds ki sankhya hai desh ke andar vo kareeb 2 lakh par pahunch gayi hai. Main bhi facts aur sarkari data wale facts hi bata rahi hun sir. Isko bhi zara suniye. ",0
14:33,(SPEAKER 1), Kyon. Kyon 2 lakh tak hai kyonki aapko aashanka hai ki itne lakh hone wale hai na. 2 lakh isiliye toh bed taiyar kiye gaye. ,0
14:42,(ANCHOR), Nahin to desh ne shuruat kahan se ki thi. sarkar ki tayarion par. Acha chitt bhi meri patt bhi meri. chitt bhi meri patt bhi meri. Chaliye aapne yah toh maan liya ki is chitt-patt ke khel mein ki haan sarkar ne taiyarian ki hai. ,1
14:50,(SPEAKER 1), Total mariz is required to have beds. To aap sahi to kah rahi hai 25 lakh to aapke mariz hone wale hai. Kya kadam liye aapne isse rokne ke liye.,0
14:56,(ANCHOR), Nishant ji. Nishant ji. Pradeep ji ko aane to dijiye. nishant ji pradeep ji ko aane dijiye sir. ,0
15:05,(SPEAKER 3), Dekhie rumana ji ka baat-cheet ka arth hota hai agar vo taarkik dhang se ho. Sidhi si baat hai koi bhi tulna jo hai vah sapeksh hoti hai. hawa mein tulna nahin hoti hai. Tulana ka sapeksh. Tarika yah hai ki duniya mein jab sau mamle samne aaye kis kis desh mein tab testing kitni ho rahi thi. 500 huye to kitni ho rahi thi 1000 per kitni ho rahi thi. Aur dusri dusri chij aap dekhe ki duniya bhar ke desh. Bharat ki prashansa kar rahe hain ki bahut proactive kadam uthaya. Unhone apne yaha bahut bade khatre ko filhal taal liya hai. Yah virus aisa hai jis ke bare mein koi kuch nahin janta hain. Ham ham jo abhi thodi bahut jankari hai uske aadhar par baten kar rahe hain. Aankdon ki jahan tak baat hai mera manana hai ki jo vaigyanik hai un per bharosa bharosa karna chahie icmr jo aankden de raha. Jo projection bata raha hai abhi tak jo hua hai aur aage jiski aashanka hai sambhavna hai un donon baton per ICMR ke aankadon manana chahie. Bharat ne jo kadam uthaen use usko lekar sirf desh mein ek chhota sa varg hai jo lagatar nakaratmak prati pratikriya de raha hai.,0
16:24,(ANCHOR), Aap mehatvapuran baat kar rahe hai sir. Aap mehatvapuran baat kar rahe hai. ,1
16:29,(SPEAKER 3), Jo humse jyada samparn the bahut shaktishali the vahan halat dekhiae. ,0
16:33,(ANCHOR), Nahin nahin bilkul aap sahi kah rahe hai sir iss vakt badi badi mahashaktiyan jo hain. Jo vikasat desh hai vo ghutno par nazar aa rahi hain. ,1
16:40,(SPEAKER 1), Ek line. Ek sawal.,0
16:40,(ANCHOR), Ek line nahin aur ek sawal nahin. Sawal mera hai jawab aap dijiye. Aur jawab yah dijiye ki kyon na yah kaha jaye ki Nishant ji baith kar panic faila rahe hai. Nishant ji baith kar ke nakaratmakta faila rahe hai. ,1
16:54,(SPEAKER 1), Bahut achcha sawal hai. sikke ke do pehlu hote hain aaina dikhana panic machana nahin hota hai. abhi aapane kaha rumana ji ki bharat sarkar ne yah kaha hai ki 2 lakh bed taiyar ho chuke hain aur yah data fact hai ke jitne bhi mariz hote hain. uske liye 10% ka hamare pass bed arrangement hona chahie modi ji ko khul ke bolna chahie hamare pass 25 30 lakh mariz hone wale hain tabhi to ham ne do lakh bed kiye us chiz ko rok nahin pa rahe hain aur aap relaxation lockdown ki baat kar rahe hain ki ham relaxation denge kuchh dukaan khol de kuch vo kia. aapke pass sarthak kadam nahin hai aap failure hain aur failure ko ki baten nahin suni jati. Jo vyakti meri company ka manager jo sales barbad kar deta hai usko main nahin kahta ke theek karo usko hataya jata hai dusre ko bithaya jata hai yah ek sidhi baat hai agar rahul gandhi ne kaha tha carona ki tsunami aa rahi hai to aa rahi hai aaj pratyaksh dikh rahi hai. kahie kk sharma ji nahin dikh rahi hai. do lakh bed kiske liye banaya aapane. ,0
17:46,(ANCHOR), [Ad break] Lagatar ham charcha kar rahe hain pradhanmantri narendra modi ke man ki baat jis lekar vipaksh ke man mei kayi sawal hai. ham seedhe liye chalte hai aapko kk sharma ji iss samein hamare sath maujud hai. Sharma ji nishant ji ko ab dikkat iss baat ki hai ki sarkar ne itni taiyarian kyon karli hai sir. 2 lakh bed kyon banaa liye sarkar ne. ventilators ki sankhya jo hai vah sarkar ne 40000 se badhakar 60000 tak kyon pahuncha di hai. 1 mahine mein 33% jyada test kyon karne lagi hai sarkar ab isse lekar sawal hai Nishant ji ke. ,1
18:17,(SPEAKER 2), Nahin aisa hai rumana ji yah toh haatash-niraash log hain aur aise logon ke prashnon ka uttar dene ki avashyakta nahin hai. desh samajhdar hai main to pradhanmantri ji ke uss sandesh ki baat karunga jo aaj unhone kaha. Ki dekhie iss ladai ko kon lad raha hai. Is desh ki ladai ko janata lad rahi hai. Aur kis tarah se lad rahi hai. Janata ka ek yogdan dekhie. Kisanon ke madhyam se desh ke khadyan bhandar bhare hue hai. Log jo hai niswarth bhav se seva bhav se logon ko bhojan kara rahe hain logon ko iss dhang se vo sahyog kar rahe hain. yah aaj hamare desh ki yuva shakti naye naye jo hai kuch kar rahi hai naye naye tarike nikal rahi hai bahut si chijo ke. Prashasan kis tarah se kam kar raha hai. Chahe rail karmi ko chahe aviation ho chahe jo hai aapke. Dakiya dak vibhag ho ya health swasthya vibhag ke log ho vo sabhi jo hai police vibhag ke log ho vo bhi bhojan kara rahe hai to sab log jo hai seva bhav se kis tarah jo hai apne kamon mein lage hai. Aaj pradhan mantri ne unhi sab ko dhanyavad bhi nahin diya har chij ko jo hai uska hausala bhi unhone badhaya. unhone unke aatam vishvas ko bhi badaya aur unki hausalazaid ki hai. Aur aaj hi isi tarah unhone uss parampara ki bhi baat ki hai. ,0
19:27,(SPEAKER 1), Sawal ka jawab kyon nahin dete. ,0
19:29,(SPEAKER 2), Jo Prachin sanskriti hai jisme ayurved hai jisme jo hai. ,0
19:35,(ANCHOR), Samay mere pass abhi itna hi hai. samay mere pass abhi itna hi hai. bahut bahut dhanyavad aap sabhi ka mujhe lagta hai yah corona kal sankat kal nakaratmakta yuhi bahut bani hui hai. Aise mein behatar yahi rahega ki ummid ka jo daman hai vo ham sab thame rahe aur jo mantra hai na is corona kal sankat kal mein. Khudko apne parivar ko samaj desh ko corona se bachane ka vo hai do gaz ki duri jaruri.,1
