timeStamp,speaker,text,label
00:00 ,(ANCHOR), namaskar taal thok ke aap sabhi ka bahut bahut swagat aapke saath main hun aman chopra aur humesha ki tarah janta darbar jan sansad kyunki taal thok ke janta ki awaaz aur is beech humare saath badi sankhya mein log hai desh ki awaaz hai main chahunga jordaar taaliyon ke saath aap sabhi ek baar hi apna swagat kijiye yaad kariye rahul gandhi ne kya kaha tha rahul gandhi ne kaha ki kashmir mein log mar rahe hai kashmir mein hinsa ho rahi hai log trahi trahi kar rahe hai bura haal hai kashmir mein bahut bura haal yeh rahul gandhi ke shabd the jab rahul gandhi ne yeh kaha toh logon ko laga ho sakta hai rahul gandhi fake news fela rahe hai ya ho sakta hai rahul gandhi nadani mein jaane anjane is tarah ki baat keh rahe hai unko jaankari nahi hai lekin aaj jo ek chitti saamne aayi pakistan ki taraf se jo sankhyut rashtr ko likhi gayi usse samjh mein aaya ki rahul gandhi nadani mein anjane mein nahi keh rahe the darsal ek patkatha likhi gayi thi rawalpindi se ek script likhi gayi thi jiske taiht rahul gandhi kashmir ki disturbed picture dikhane ki koshish kar rahe the woh yeh saabit karne ki koshish kar rahe the ki kashmir mein mahamaari hai maramari hai kashmir mein log mar rahe hai unke exact words jo the woh yeh the ki kashmir mein bura haal hai log kashmir mein mar rahe hai bahut galat ho raha hai yeh rahul gandhi ke shabd the aur yeh kyun kaha tha rahul gandhi ne yeh dekhiye yeh chitti mere haath mein hai federal minister hai wahan ki shireen mazari yeh federal minister hai maanav adhikar mantri pakistan ki unhone chitti likhi hai pakistan ki taraf se sankhut rashtr ko usme rahul gandhi ka maksad samjh mein aaya ki kyun unhone kaha tha kashmir mein log mar rahe hai pakistan ne jo chiitti likhi sankhyut rashtr mein agar camera yeh dikha paaye usme likha gaya hai violence have been acknowledged by mainstream politicans such as leader of the congress party mr. rahul gandhi who has noted people dying in jammu kashmir in the light of events going very wrong there aap samjhiye desh ko sharmsaar aaj hona padha kiski wajah se rahul gandhi ki wajah se aaj desh ko neecha dikhane ki koshish vaise pakistan nahi dikha sakta pakistan ki aukaat nahi hai lekin dikhane ki koshish ki pakistan ne kiske kandhe par bandook rakh ke rahul gandhi toh bhi taal thok ke aap hi log thy kariye ki yeh nadani hai bewakoofi hai ya yeh deshdroh hai rashtr droh hai gaurav bhatia mukthar abbas naqvi yeh keh rahe hai ki rahul ki nadani congress ki pareshani sir yeh nadani keh ke unko aap clean chit mat dijiye yeh nadani nahi hai yeh deshdroh ki serhni mein sir meri nazar mein toh aata hai mujhe pata nahi aapki nazar mein aata hai nahi aata hai sir gaurav bhatia ,1
02:54 ,(SPEAKER 1), aman ji main toh yeh kahunga bahut peedha ke saath ki desh pe nyochavar ho jao toh yeh saubhagye hota hai har bhartiye ka lekin aise bhi kabhi kabhi aparipakhv log aate hai gairjimmedar log aate hai jo apne hi vatan se mohabbat nahi karte aur apne shtru desh ke liye baar baar kaam aate hai unme rahul gandhi aaj jo hai shaamil ho gaye hai aur yeh bada dukh aur chinta ka vishe hai ki ek taraf jahan narendra modi ji patkani de rahe hai pakistan ko har antarashtriye manch par aur pakistan aaj icu mein pada hai wahan rahul gandhi pakistan ka ventilator ban ke usko jeevit rakhe huye hai aur main puri jimmedari se ek baat kahunga aap dekhiye ki kitna taalmel hai rahul gandhi aur pakistan mein jammu and kashmir anuched teen sau satar yeh bharat ki akhandta ka mudda tha isme koi dharam ki baat nahi thi lekin rahul gandhi ke ishaare pe p chindambram ne bhi kaha ki anuched teen sau satar jammu and kashmir se isliye hataya gaya kyunki muslim bahuley ilaka hai aur yahi baat pakistan bhi keh raha hai kya yeh coincidence hai ya yeh kahi na kahi taalmel congress aur pakistan ke beech mein hai dusri baat main manch se aapke ek baat badi jimmedari se bhartiye janta party ki taraf se kahunga aaj hume pakistan ki chinta nahi karni hai kyunki pakistan jaise dus pakistan bhi aa jaye toh unko neste naboodh karne ki takat agar kisi mein hai toh woh humare desh mein hai humari jabaaz sena mein hai lekin yeh deemak pisu jaichand jaise log jo humare desh ke andar reh ke humare desh ka khaate hai aur unhe khoala karte hai unse ladhi ladna bada aavshyak hai aur unki chinta karne ki aavshyakta hai ,0
04:50 ,(ANCHOR), ashutosh maksad pura ho gaya aaj jis maksad ke taiht rahul gandhi ne yeh kaha kashmir mein log mar rahe hai aaj toh maksad khush honge rahul gandhi aaj toh bahut khush honge bhi maksad pura ho gaya desh ko neecha dikhane ka maksad tha ashutosh ashutosh mishra abhi mere saath judhe nahi hai mujhe bataya ja raha hai aamir haider zaidi aap log bhi gaye the na sir political tourism kashmir mein tourism karne d raja aapke neta bhi gaye tha na sir koi afsoos koi dukh ki aapke ho sakta hai jaane anjane main yeh nahi kahunga jaanbooch kar aapne pakistan ki madad kari sir jaane anjane hi madaad toh huyi na sir pakistan ki jimmedari toh aap logon ki banti hai jo log aap gaye the barah log ,1
05:31 ,(SPEAKER 2), ab suniye dekhiye sun lijiye ji samay dhara teen sau satar lagayi ja rahi thi samvidhan nirmatri sabha ke andar ek matr candidate maulana hasrat mohani the jo communist party ke founder the unhone iska virodh kiya tha ki ektihasik galti ho rahi hai etihasik galti humara tab bhi virodh hua tha ki yeh communist jo hai league se alag chalte hai aur woh saabit hua satar saal ke baad desh ne mana ke ehtihasik galti hai aap sun lijiye sun lijiye jawaab de raha hun jawaab de raha hun ,0
06:02 ,(ANCHOR), aap kis party se hai mujhe pata nahi hai. aap left se hai na ,0
06:06 ,(SPEAKER 2), communist party ka jawaab de raha hun pehle communist party ka naam liya maine communist party ka naam liya na ,0
06:12 ,(ANCHOR), mujhe confusion ho gayi thodi ,0
06:14 ,(SPEAKER 2), ab baat puri hone dijiye. kashmir aantrik mamla hai isme paksh aur vipaksh kuch nahi hota koi sarkar mein koi bhi ho isme koi sabki maan na hai pure desh ka manana hai ki koi paksh vipaksh nahi humara mamla hai ab main aata hun pakistan ko pakistan kya likhta hai isse humara koi sarokar nahi lekin rahul gandhi ya vipaksh ke virodh ke baad yeh saabit jaroor ho jaata hai ki hindustan mein loktantr zinda hai aur isse hindustan ki saakh badhtri hai kam nahi huyi ,0
06:43 ,(ANCHOR), sir yeh virodh hai yeh virodh hota hai yeh virodh hai yeh virodh hai desh virodh ,1
06:48 ,(SPEAKER 3), ek minute ek minute ,0
06:49 ,(SPEAKER 2), woh bataiye na desh ko aap aandolan ,0
06:53 ,(SPEAKER 3), ek minute ek minute ,0
06:54 ,(SPEAKER 2), hum virodh kar rahe the ki dhara teen sau satar nahi hone denge tab aap hume gaali de rahe hai ,0
06:59 ,(SPEAKER 3), ab aap chup karenge ,0
07:00 ,(ANCHOR), chaliye thik hai ,0
07:02 ,(NEWS), halat kaisi hai control mein hai kashmir pe ,0
07:07 ,(ANCHOR), ji jay singh mujhe ek chjeez bataiye agar gaurav bhatia yahan par keh rahe hai ki yeh pak prasti hai yeh ji jay singh abhi shayad humare saath nahi hai lalit ambardar yeh ji jay singh thik ab dikh rahe hai ji jay singh pak prasti kaise kya vote bank politics ya kuch aur kyunki pak prasti par koi bhartiye kyun vote dega bhi ashutosh aa raha hun aapke paas ,0
07:32 ,(SPEAKER 4), dekhiye aman harkoi politics party jo hoti hai vo koshish karti hai politcal mileage lene ke liye magar main congress ko yeh poochhana chahta hoon aur woh jo supporters hai uske ke kya yeh jayaz hai apne hi rashtr ko nukasaan pahuncha kar apne hee desh ko nuksaan pauchajar jahaan jis thali mein khaate hain usee mein chek karke kya kahi jayaz baat hai kya yeh sahi baat hai political mileage lene kee yeh to bhi desh drohee huyi ,0
08:07 ,(ANCHOR), sir political mileage kaise main sir isse samjhna chahta hun ,0
08:11 ,(SPEAKER 4), aap united rahiye ,0
08:13 ,(ANCHOR), political milege baat prasti se political milege kaisey milligi koi hindustaani ,0
08:17 ,(SPEAKER 4), aman mai ek cheez last mei kehna chahta hu ,0
08:19 ,(ANCHOR), ek minute ek minute aa raha hu lalit jijay singh ,0
08:24 ,(SPEAKER 4), yeh kya political political milega milegi inko kuch nahi milega dekhiye jo yeh swaal utha rahey human violation human rights violation ke upar yeh jo keh rahey hai ke log marr rahey hai inko yeh maloom nahi ki hamari desh ki indian army jo hai usko duniya mei sab se disciplaned army samjha jata hai bilkul kamm se kamm human right violation ke saath ,0
08:56 ,(ANCHOR), ji ,0
08:56 ,(SPEAKER 4), koi violation nahi chehti vo aur dusri baat ,0
09:01 ,(ANCHOR), ji ,0
09:01 ,(SPEAKER 4), ek baar nahi kayi baar general vipin rawat ne aur unke vo jo dhillon core commander hai baar baar kaha in logo ko ke dekhiye hum gali challaiyenge majboor hokar uss ke upar jiss ke haath ke hatiyar hai jiss ke haath mei bandook hai dusre upar nahi itni counseeling karte hai vo ,0
09:21 ,(ANCHOR), kashmir mei maanav adhikar ullanghan ,0
09:25 ,(SPEAKER 4), itne abhimann se kehte hai unn logo ko milane ke liye yeh sab bhool jate hai ,0
09:30 ,(ANCHOR), inko pak adhikrit kashmir mei manav adhikarr ullanghan nhi dikhta ek baar vo byaan ek baar fir se rahul gandhi ka sunvaya jay uss ke baad lalit ambardhan mai aap ke pass aata hu ek baar vo byaan ,0
09:37 ,(NEWS), some reports have come that there is that things in jammu and kashmir are going very wrong there are reports of violence there are reports of people dying in jammu and kashmir ,0
09:53 ,(ANCHOR), as told reports of people dying in jammu and kashmir log marr rahey hai kissi ne awaaz nahi nikali hai jo pakistan keh raha hai vohi rahul gandhi keh rahey hai ,0
10:01 ,(SPEAKER 5), aur yeh yeh dekhiye iss ab aap suniye iss ko yeh jab hua tha jo yeh byaan hua tha yeh sora ke incident ko leke baat hui thi aur uss ke baad jand k official ne jo hai ek press conference kari thi jiss mei kaha gya tha ki jo cheezen ,0
10:20 ,(ANCHOR), yeh toh rahul gandhi ,0
10:21 ,(SPEAKER 5), jo number battaye jaa rahey hai ,0
10:23 ,(ANCHOR), yeh toh rahul gandhi ko bhi nahi pta jo aap btaa rahey hai ,1
10:24 ,(SPEAKER 5), yeh accept kiya tha ,0
10:24 ,(ANCHOR), yeh toh yeh rahul gandhi aap ne alag rahh hi le liya ,0
10:35 ,(SPEAKER 5), aap iss ko chuppa kyu rahey hai yeh toh media ne report kariye ,0
10:38 ,(ANCHOR), kashmir mei log marr rahey hai hallat kharabb hai hinsa ho rahi hai ,0
10:43 ,(SPEAKER 5), abb marna matlab yeh nahiho gya ki rahul gandhi ka ho gya ki marna log hallat se  joojh rahey hai ,0
10:46 ,(ANCHOR), rahul ke vakeel sahab ,1
10:51 ,(SPEAKER 6), koi kissi ko kehta hai mai marr raha hu ,0
10:53 ,(ANCHOR), kha marr raha hi kaun marr raha hai kashmir mei kaun marr raha hai ,0
10:55 ,(SPEAKER 6), vo hallat se jhoojh rahey hai jo andar baithey hai curfew se ,0
10:59 ,(ANCHOR), accha ,0
11:00 ,(SPEAKER 1), aman ji ek ek insaan ki jaan nahi gayi ,0
11:13 ,(ANCHOR), acha rahul gandhi ke kehne ka woh matlab nahi tha haan ho sakta hai nahi nahi humne samjhne mein galti kari pakistan sahi samjh gaya hum logon ne galat samjha gaurav bhatia rahul gandhi agar keh reh the na mar rahe hai matlab woh halat se mar rahe hai vaise actual nahi mar rahe toh yeh manzoor bhai unke vakeel unki vakalat kar rahe hai woh halat ke maare hai bechare vaise nahi mar rahe hai na haan thik hai gaurav bhatia ji koi killing woh ho gayi nahi ab ab teen sau satar khatm killing khatm gaurav bhatia uske baad gaurav bhatia ,1
11:45 ,(SPEAKER 6), acha hoga na agar keh rahe hai killing nahi hogi ,0
11:46 ,(ANCHOR), nahi hogi sir nahi dekhiye chaar taarik se ,1
11:47 ,(SPEAKER 1), aman ji aap keh rahe hai ,0
11:50 ,(ANCHOR), gaurav bhatia gaurav bhatia uske aamir haider zaidi aur lalit ambardar ,0
11:55 ,(SPEAKER 1), dekhiye aman ji aisa hai itni samjh hoti agar paachas saal ke aparipakhv balak mein toh phir kya baat thi lekin ek baat bade dukh se kahunga yahan sab log prashan kar rahe the ki woh neta jo kashmir ke hai woh jail mein kyu hai ya unko arrest kyu kiya gaya arre unka charithar toh dekhiye umar abdullah ne kaha tha burhaan wahni ke marne pe ki kashmir ko naya hero mila pdp ki mehbooba mufti ne kaha tha teen sau satar hatayi toh tirange ko khandah dene wala nahi hoga yeh baat alag hai ki aaj pdp ki arthi nikal rahi hai aur koi kanda dene wala nahi hai aur ghulam nabi azaad khade ho gaye the patarbaazo ke saath aur aatankwadiyo ke aur army pe sawaal uthane lage kehne lage ki army zyada jo hai civilians ko marti hai aantankwadiyo ko kam in logo ki sahi jagah agar kahi hai toh woh jail salakho mein hai koi bhi vkhyati agar galat karye karega desh ke khilaaf jayega toh usko jaroor sazah hogi ,0
12:54 ,(ANCHOR), kahan gaurav saare khule ghum rahe hai ,1
12:59 ,(SPEAKER 7), pachaas hazaar rupye ke kamre mein reh rahe hai dus hazaar rupaye ke kamre mein ,0
13:01 ,(ANCHOR), kahan gaurav saare khule ghum rahe hai yeh tv studios mein baith kar unki jagah jail mein hai kehne se nahi hoga na gaurav bhai saare khule ghum rahe hai laila rashid kya bayan diya unhone sab khule ghum rahe hai ek minute uppal bhai uppal bhai uppal bhai uppal uppal kaul uppal kaul ek minute haan aamir haider zaidi bolenge iske baad gaurav bhatia saare khule ghum rahe hai inki toh himmat badh gayi hai ,1
13:24 ,(SPEAKER 1), algavwadi jo hai na woh jail mein daal diye gaye unko laye aaya gaya kashmir se aur jail mein shift kar diya gaya aaj bahut badi uplabdhi hai ki aithehasik faisla hua batar saal mein pehli baar narendra modi ji ne kiya aur ek humare bhartiyon ko kharoch nahi hai aayi yeh badi baat hai eid manayi gayi jumme ki namaz padhi gayi ,0
13:54 ,(ANCHOR), ek minute rukh raha hun rajyepal satyapal malik ,0
13:56 ,(SPEAKER 1), aur aage aap dekhiyega vikas ki dhara bahegi kashmir mein ,0
14:01 ,(NEWS), aapko yeh batane ki jaroorat nahi hai ke kuch hafte pehle bahut major decisions government of india ne liye aur woh nirnay jammu kashmir aur ladakh ke logo ke bhvishe ke liye unki tarakki ke liye unki behtari ke liye liye gaye unki tarakki ka raasta kholne ke liye liye gaye log piche choot rahe the pure desh ke tulna mein aur kuch ho nahi raha tha investment nahi aa raha tha bahut saari cheeze thi jinki dikaate thi to ab yeh ho gaya hai ispe koi bhais ki jaroorat nahi hai ab humara udeshy yeh hai ke ki hum yahan itna kaam kare logo ke hiton mein ke logo yeh dikhai dene lage ke vaakhi yeh humare fayde ke liye kiya gaya aur main aapko aashsvat karta hun ki seh mahine mahine mein kashmir mein jammu kashmir mein aur ladakh mein itna kuch hoga ki jo paar wala kashmir hai wahan ke log yeh kehne lagenge ke hum un jaisa hona chahte hai kender sarkar ke saare mantrlayo mein baithke chal rahi hai kya kya kaam hum kar sakte hai wahan log visit kar rahe hai mantrlayo ki teame aa rahi hai roz kam se kam ek delegation mujse milta hai investment summit ho rahi hai aur bahut saare kaam ho rahe hai lekin isse pehle aapse yeh batana chaha raha hun ki jab yeh kiya gaya tha toh humara jo total focus tha woh ispe tha ke law and order ki koi aisi problem na ho jisme ek bhi jaan ka nuksaan bahut shor machaya jata hai ki telephone nahi hua dikat ho rahi hai main sabse nivedan karna chahta hun haath jodh ke ki yeh dikaate pehle bhi thi jab telephone nahi tha dus bees din in dikato ko aap bukht le humare liye ek bhi kashmiri bhai ki jaan mahetvpooran hai hum nahi chahte ki ek bhi aadmi ki jaan humare hisse lage abse pehle jab yahan is tarah ki ghatnay huyi toh mujhe bataya gaya maine dekha bhi hai do hazaar aath mein shuru ke pehle do hafte mein pachaas se zyada log mare the do hazaar dus mein sau se zyada log mare the do hazaar suleh mein aasi se zyada log mare the ab agar logo ko human life ki koi kadar nahi hai unki toh alag baat hai lekin humko hai humne panchayat ke chunaav mein loksabha ke chunaav mein aur ab bhi itna restrain rakha hai ki koi loss of life nahi hone diya thoda bahut jo log upadrav karke ghayal hai woh bhi sab kamar ke neeche hai agar koi loss of life hua humari forces ka toh hua hai ek adh jagah lekin humne koi civilian casualty nahi hone di aur hum isko ek badi uplabhdi maante hai yeh aisi jagah hai jahan cross border terrorism hai chaalis hazaar log aaj tak usme maare gaye hai economy khatam kar di hai karib karib koi growth nahi hai jobs nahi hai tourism badly affected hai aur parli taraf se jo bayan aata aate hai usse yahan ka narrative chalta hai false rumours falayi jaa rahi hai jisse aapko maloom hoga ek din keh diya gaya ke jk police has been disarmed issi tarah keh diya gaya haspatalon me dawai nahi hai jabke main us waqt haspatal visit kar raha tha dawai nahi sab dawaiya free thi ilaaz free tha ek bacha jab main gaya hun usme woh jo pankh tha usme ek bache ki halat bahut kharaab thi mere hi suggestion pe usko jahan se delhi bheja gaya sab ilaaz ke liye saari suvidhae uplabdh hai lekin jhuth falane walon ka ab main kya kya batao kis kis tarah ke jhuth kal mere silsile mein keh diya ki maine kisi neta se baat ki hai li kuch toh koi maeyar toh rakho aisa mat karo deaths chpai ja rahi hai aap mujhe bataye death kaise chupayi ja sakti hai humne toh jo kisi ko charra bhi laga hai uska bhi bataya hai aur hum safely keh rahe hai ki zyadar ek case ko chhod ke zyaadatar logon ko kamar ke neeche charre lage hai jisko gardan mein laga tha woh nhi ishwar ki krpa se recoup kar gaya hai woh safe hai bilkul usko koi nuksaan hone wala nahi hai jo restrictions hai inko aap samjhne ki koshish kare ab sab vidhvaan aadmi hai yeh jo media hai khaas taur yeh sorry jo madhyam hai iska phone wala internet wala yeh kiske kaam aata hai thoda bahut humare kaam aata hai lekin zyaada yeh terrorist ke kaam aata hai pakistanio ke kaam aata hai mobilise karne ke kaam aata hai indocunation ke kaam aata hai yeh ek tarah se humare khilaf haithiyar hai isliye humne isko roka hua hai aur dheere dheere hum usko khol denge as on today aap samjh lijiye main aapko bata do ekyasi ek sau gyarah mein se ekyasi police stations ne relaxations ho gaya hai time ka ek sau sarsat out of one ninety seven police stations mein note no data in restrictions isi tarah jo yeh apna telephone hai landline wala yeh zyaadatar jagaon mein khul gaya hai aur yeh jo humara mobile hai isko hum jaise jaise pristithi sudarthi rahegi hum yeh logon ka kholte rahenge internet abvakta hum shayad thodi der se khole usko give up karna padega logon ko kyunki woh sabse khatarnak instrument hai saara jhuth ussi se failya jaata hai is teen hazar primary school aur ek hazaar middle school khul gaye hai aur kuch jagah hazri kam hai kuch jagah hazaari achi hai woh dheere dheere badhegi ho sakta hai unke parents ke area mein phone na khula ho phone khulega toh woh aane lagenge public transport khoob ache se kaam kar raha hai jammu ladakh mein bilkul school college sab kuch khule hai telecom connectivity ka yeh hai ke forty six out of ninety five exchanges have been opened up covering major areas and also rural mobile phones are working in six districts of jammu today will be opening mobile phones in all ten districts of jammu all ten districts of jammu and two districts of ladakh will have no mobile connectivity issue we are also opening all mobile phones in kupwara and handwara police districts in a few days relaxation will be considered in other areas there are no surety of medicines main khud haspatalo mein dekh ke aaya hun yeh sab false rumours falai ja rahi hai patients ko hum financial aid de rahe hai unke ghar ke logon ko doctoron bulaane ke liye buses lagayi gayi hai militants jaroor petrol pump ke logon ko dhamki dete ghum rahe hai lekin public transport pickup kar raha hai hazar haaji vapaas aa rahe hai unka badiya arrangement humne kiya hai aur airlines booking ke liye bhi humne trc mein woh khol diya hai counter khoob ache se booking ho rahi hai ab asli jo cheez hai woh yeh hai jo main aapko kehna chahta hun normalcy mein vapaas aane ke liye main ek logon ek ashshatav karna chahta hun ki jammu kashmir ki identity iska culture iska religion society language heritage har cheez ki hum hifajat hum karenge ,0
21:40 ,(ANCHOR), toh rajyepal jammu kashmir ke satyepal malik jinki taraf se yeh bata diya gaya hai haalki aap keh sakte hai rahul gandhi ko jawaab unhone diya jo woh keh rahe the log mar rahe hai lekin satypal malik bata rahe hai ki ek bhi jaan jaane nahi di gayi hai ek bhi shaksh ki jaan nahi gayi hai ek ek kashmiri ki jaan humare liye kimti hai bahut jaroori hai halat dheere dheere samanay ho rahe hai log aapko dara rahe hai fake news faila rahe hai ki dawaio ki kami ho rahi hai traahi traahi aisa kuch bhi nahi hai dawaiyan wahan par hai haspatalo mein ilaaj ho raha hai haala ki internet ko lekar unhone kaha usme thoda samay lagega kyunki woh uska istemaal aatankwadi kar sakte hai aur wahan par bhadkaya ja sakta hai mahool ko kyunki abhi sensitive mahool hai lekin halat dheere dheere samnay aur sabse jarrori jo unhone kaha ki jammu kashmir ki tasveer aur taqdeer badal kar rakh degi modi sarkar che mahine ke andar andar itna nivesh aur itna behtereen tarike se wahan par kaam hoga investors summit tak october november mein hone jaa raha hai itna kaam hoga jammu kashmir mein ki pok ke log bhi yahan par aana chahenge aamir haider zaidi ab toh koi saboot nahi chahiye aap logon ko ki saboot ke liye phir paunch jayenge srinagar ,1
22:47 ,(SPEAKER 2), pehle rajyepal mohoday kehte hai vipaksh ke neta se aaiye hum apka swagat karte hai yahan kuch nahi hai yeh rajyepal mohoday ka jab vipaksh ke neta wahan jaate hai toh kehte hai aap bahar nahi nikelenge jo galat afvaahe faila rahe hai unke jimmedar yeh hai unke saath jo press ke log jaate hai unke saath jo reporter jaate hai unke saath durveyvaar hota hai yeh reporting humare reporter karte hai ,0
23:08 ,(ANCHOR), saare reporers paunch gaye kisi ke saath nahi hua ,0
23:11 ,(SPEAKER 2), sir aapke reporters ,0
23:11 ,(ANCHOR), saare reporters maaf zee news ke vishal pandey manish saare paunch gaye sir kisi ke saath yeh fake news nahi aap phir fake news faila rahe hai aap phir fake news faila rahe hai aap phir fake news faila rahe hai sir main wohi keh raha hun main wohi keh raha hun phir fake news faila rahe hai nahi aamir haider zaidi aamir haider zaidi aap aap kiska ,1
23:31 ,(SPEAKER 2), toh yeh kisi tarah ki afvaah nahi failti. acha dusre ek cheez aur ,0
23:35 ,(ANCHOR), chaliye thik hai thik thik thik thik thik thik thik sir saboot toh nahi chaiye ,0
23:42 ,(SPEAKER 2), vipaksh ka neta wahan koi nahi jaa sakta ,0
23:43 ,(ANCHOR), acha zaidi sab saboot toh nahi chaiye kashmir mein halat samanay hai dheere tezi se samanay ho rahe hai saboot toh nahi chaiye aapko saboot nahi chaiye aapko surgical strike ke baad kashmir mein shanti ke saboot toh nahi chaiye ,1
23:56 ,(SPEAKER 2), ek shabd nahi bolne diya usko ek shabd toh yeh lokta arre aap shukar maaniye ke vipaksh ke do chaar zwaaze uth rahi hai yeh duniya ke duniya ,0
24:05 ,(ANCHOR), pakistan ki taraf se pakistan ki taraf se ,0
24:08 ,(SPEAKER 2), zinda rakhne ki awaaze hai desh ka sar ucha kar rahi hai ,0
24:12 ,(ANCHOR), sir vipaksh ka matlab desh virodh nahi hota na lalit ambardar ji thik manjoor manzoor bhai ,1
24:21 ,(SPEAKER 2), mehbooba mufti ne bjp ke saath sarkar banayi farooq abdullah ne bhi banayi lekin aaj woh kehna chahiye mukhe dhara ke log nahi hai woh samvidhan ka palan nahi karte ,0
24:28 ,(ANCHOR), thik thik unka sawaal hai gaurav bhatia jawaab de dijiye uske baad manzoor aur lalit ambardar aapke paas aaunga ek ek comment sabka le leta hun gaurav bhatia sarkar chala rehe the tab koi dikat nahi thi aaj nazarbandh kiya hai sabko ,1
24:44 ,(SPEAKER 1), dekhiye dekhiye aisa hai ,0
24:46 ,(SPEAKER 2), kal inhi partyion ke jaana hai janta ke paas ,0
24:46 ,(ANCHOR), thik thik thik let him respond thik ,0
24:49 ,(SPEAKER 1), lagta hai thoda yaaddashth kamzoor padh rahi hai haan main bata raha hun aapko suniye suniye aap aapka dard main samjh sakta hun mehbooba mufti se samarthan di ,0
25:03 ,(ANCHOR), bhaisahab zaidi sahab ,0
25:04 ,(SPEAKER 1), bhartiye janta party ne hi desh hit mein liya arre kya hoga bhai kyun bukhla jaate hai aap log main samjhta hun aaj jo rajyepal ji satyepal malik ji ne kaha woh bada sakratamak baat kari isse vishwas badhega kashmiri bhaiyon bheno ka bhi aur dekhiye kitni ache se unhone ujgaar kiya ki wahan stithian samanay ho rahi hai telephone line bhaal ki jaa rahi hai ek bhi humara kashmiri bhai bhen aisa nahi hai jisko koi dikat hogi aur vikas ki wahan pe ganga bhegi isme dard jo ho raha hai main phir kahunga yeh un partyion ko ho raha hai jo nahi chahte ki kashmir mein aap vikas dekhe aamir haider zaidi inki soch aap dekhiye kaisi hai arre bhi beech mein kyu bolte hai aapko kya hai aap yeh jo firing karte hai apne mukh se isko thodi der rokhiye yeh aap aadat se majboor hai islie aapki party ,0
26:01 ,(ANCHOR), zee news dekha kariye zaidi sahab zee news dekha kariye roz ho rahi hai roz reporting main yeh keh raha hun na sakta hai ho sakta hai manzoor bhai isliye meri manzoor bhai aapko bhi salah hai zaidi sahab ko bhi zee news dekha kariye sir deshhit dekha kariye usme hum dikhate hai asal tasveer ,1
26:21 ,(SPEAKER 1), aaj modi ji jaisa vkhyati aaya amit shah ji ne yeh himmat jutai aur anuched teen sau satar ko sampat kar diya toh aapko dard ho raha hai ,0
26:28 ,(ANCHOR), chaliye thik hai ab yahan par ek baar logo ke comment le leta hun uske baad lalit ambardaar haan boliye kya sawaal aapka jaldi se ,0
26:32 ,(AUDIENCE), mera sawaal rahul gandhi ke supporters se hai ki yahan toh woh apne aapko bahut hoshiyar samjhte hai ya hum logon ko bahut bewakoof samjhte hai ki woh kuch bhi anaab shanab bolenge aur hum log unki baat mein aa jayenge ,0
26:42 ,(ANCHOR), ashutosh ji rahul gandh ya toh khud ko hoshiyar ya inko bewakoof ashutosh ji haan thik hai zaidi sahab aap thodi na rahul gandhi ke supporter hai kya kyu haath khada kara hai rukhiye na aap rukhiye na ek minute main congress samarthak ke taur par aapko khada kar dunga aage se ashutosh ji boliye aur koi sawaal ji ji jawab dijiye ashutosh ji ,1
27:00 ,(SPEAKER 5), agar agar abhi agar abhi aapne jo hai agar aapne rajyepal ka bayan suna ho jo woh baat kar rahe the toh usme unhone kya kaha ki pellets chal rahe hai logo ko goli pellets lag rahe hai yani charre charre ,0
27:16 ,(ANCHOR), puri pc mein wohi sunai diya ,0
27:18 ,(SPEAKER 5), ghayal bhi hote hai aur mar bhi jaate hai aage hai na aage aage chaliye aage chaliye yeh baat karte ki seh mahine ka samay dijiye ,0
27:31 ,(ANCHOR), ashutosh bhai jo shanti bhang karega pellet hi padhenge na usko jo shanti bhang karega pellet hi padhenge na aarti thodi na utarenge na uski ,1
27:41 ,(SPEAKER 5), narendra modi ne kaha tha aapne sawaal toh mujh se pucha sawaal mujh se diya toh jawaab dene dijiye ya sach sunne ka dam nahi hai sach sunne ka dam bhi toh rakhiye ,0
27:51 ,(ANCHOR), ji ji ji saara dum rahul gandhi mein hi hai sir hum toh kamzor aadmi hain ,1
27:54 ,(SPEAKER 5), modi ji ne jab notebandhi huyi thi to kaha tha ki pachaas din ka haan nahi nahi woh notebandhi mein dau jo hai prjatantr mein hai isliye rahul gandhi bhi hai aur isliye narendra modi bhi hai notebandhi mein modi ji ne aise hi kaha tha ki pachaas din ka time do ab yeh keh rahe hai seh mahine ka time do sab sahi ho jayega ,0
28:11 ,(ANCHOR), maaf kariye aap phir notebandhi pe paunch jaate hai utna time nahi hai aap apni baat rakhiye to the point rahul gandhi ya toh zyaada hoshiyar hai janta ko bewakoof samjhte hai yeh bache ka sawaal yeh tha sir ,0
28:21 ,(SPEAKER 5), wahi halat yeh kashmir ki karenge ,0
28:22 ,(ANCHOR), bache ne sawaal pucha hai rahul gandhi ya toh khud ko zyaada hoshiyar samjhte hai ya inko bewakoof iska jawaab de raha tha na sir apne diya hi nahi boliye aapka kya sawaal hai hai ,0
28:28 ,(AUDIENCE), rahul gandhi ji ko anumati di mahamahim rajyepal mohoday ne partanu unki nishtha dagmagga gayi aur isliye unko rokhna padha aise mahamahim rajepal ka toh abhinandan karna chahiye tha unko ,0
28:39 ,(ANCHOR), unko thik rokha gaya acha woh kehte hai rahul gandhi nadan hai woh nadani mein yeh keh gaye lagta hai rahul gandhi nadan nadani mein keh gaye aisa ki log mar rahe hai kashmir mein ,0
28:49 ,(AUDIENCE), pachaas saal ka aadmi nadan ho sakta hai yeh toh manne wali baat hi nahi ,0
28:51 ,(ANCHOR), thik hai haan haan haan haan ,0
28:54 ,(AUDIENCE), main zaidi sahab se aur ashutosh ji kehna chahungi ki kashmir mein itna modi ji ne kaam karne ke baare mein kaha hai pachaas hazaar naukariyon ke baare mein kahaan hai davaiyaan pahunche sab kuch kar rahe hai main zaidi sahab se yeh kahana chaahoongee kya aapko mehbooba ke prati itana ,0
29:08 ,(ANCHOR), mehbooba kyon hai ,0
29:14 ,(ANCHOR), thik hai aur koi ,0
29:15 ,(SPEAKER 2), main nahi banata inke saath sarkar ,0
29:15 ,(ANCHOR), haan ji ji ji ji boliye ek minute zaidi sahab zaidi sahab ,0
29:24 ,(AUDIENCE), main zaidi sahab se ek vinarm bhaav se puchna chahta hun ,0
29:26 ,(ANCHOR), aapse bahut prem hai sabko dekhiye aap ,1
29:27 ,(AUDIENCE), san churasi mein aur dange huye the kitne din mein normal huye tha aap dus din mein hi haal chaal puchne chale gaye ,0
29:33 ,(ANCHOR), samay samay lagega ji aur koi sawaal aur koi sawaal jaldi se ,0
29:37 ,(AUDIENCE), sir kya reasons rahe jo ladakh ko aaj tak ut banne se rokte rahe aur jo baat karte hai congress ki ki kis tarah se congress ke log vahan pe sorry ladakh ko pehli university kisne di thi pehli university abhi recently kisne di hai aur jo baat karte hai congress ki kiteen sau satar ke karan kuch nahi hua wahan pe toh unko bata diya jaye ki ,0
29:57 ,(ANCHOR), vikas ke dushman lalit ambardar teen sau satar sabse bada avrodhak deewar ghiri vikas shuru ,1
30:03 ,(SPEAKER 3), dekhiye aisa hai ,0
30:04 ,(ANCHOR), jaldi se mujhe windup karna hai ,0
30:05 ,(SPEAKER 3), aap ke madhyam se batan chahta hun kashmir mein jo kuch hai ek koi ek choti si rajnaitik samasya ,0
30:10 ,(SPEAKER 2), shayad isliye rokha hua ,0
30:12 ,(SPEAKER 3), main bol sakta hun sir ,0
30:13 ,(ANCHOR), aapko dikhta hi nahi hai chaliye thik hai mujhe windup karna hai sir nahi windup thirty second thirty second ,1
30:22 ,(SPEAKER 3), dekhiye suniye kashmir ke andar jo kuch ho raha hai bhuliye mat yeh jihaad ka jung chal raha hai tees saal se kashmir ke kashmir ke andar jung chal rahi hai vishav bar mein jahan par aisi junge chali usme misinformation aur,0
30:33 ,(ANCHOR), thik aur mere khayal se wohi jo lalit ambardar keh rahe hai ,0
30:39 ,(SPEAKER 3), jaise partition se pehle muslim league ka tha pakistan banane ke liye aaj bharat ke andar congress aur unke saath ,0
30:45 ,(ANCHOR), thik taal thok ke mein itna hi thik sir samay itna hi maaf kijiyega samay itna hi tha aap sabka bahut bahut shukriya shukriya sab taal,0
