timeStamp,speaker,text,label
00:00 ,(ANCHOR), namaskar shaam ke paanch baj chuke hain. aap jaante hain waqt ho gaya hai bhains ka. Number one show taaal thok ke aapke sath main hun aman chopra. madarase ka badala kumbh se lenge to kya kumbh band krayegi congress? assam mei sarkaari madarson ko band karane ke faisale par congress ke bade neta sansad pravakta aur bihar vidhaan sabha chunaav mei star pracharak udit raj ne kaha hai kee aise toh u p sarakaar ko bhee kumbh ke mele par 4200 rupay 4200 crore rupay kharch nahin karane chahiye the madarase se tulana. duniya ke sabase bade sansritik mele se kee udit raj unhone kaha kee phir jo hai kumbh mele par bhee yah 4200 karod rupaya u p sarakaar ne jo kharch kiya vo galat hai. iss hisaab se agar logic ke hisaab se kee dharmik kharcha nahin karana chahiye sarkaar. isake baad halaki udit raj ne vivaad jaise hi hua tweet delete kardi. tweet delete kardiya. fir unhone ek aur tweet kiya aur kah rahe hain kee ye congress ka nahin ye mera personal vichaar tha. isako maine congress ko tag ismein nahin kiya ye mera personal vichaar tha. ek aur tweet kiya. lekin congress ka alakamaan pooree tarah se khaamosh hai. aap kah lijiye jinah udhaari rahul gandhi ya shiv bhakt rahul gandhi ya priyanka vaadra koee bolane ko taiyaar nahin unake bayaan se. pehele bayaan dena phi usse vapis le lena ab b j p  nahin toh saadhu sant bhee savaal puch rahe hain ki kya congress kumbh band karana chaahti hai agar nahin toh rahul gandhi priyanka vaadra sonia gandhi sab ke sab chup kyon hain. taal thok ke badee bahas mein aaj ke panalist hain hamaare saath udit raaj mujhe bataya jaa raha hai khud mere saath live jud chuke hain. bahut bahut svaagat hai udit raj jee aapaka samay nikaalane ke lie zee news ke lie mere saath bjp ke raashtreey pravakta sambit patra aapako najar aa rahe hain. sambit aapaka bhee bahut bahut svaagat anuraag bhadauriya samaajavaadee party ke pravakta hain aur mahant naval kishor das jee hain aapaka bhee bahut-bahut svaagat hai sabase pahale udit raj jee. ab bura lagata hai ham logon ko bhee aapase savaal iss kyonkee aapako bhee tweet delete karana pada. aapane bhee tweet delete kiya lekin kahate hain rahul ke kahane par aapako rahul gandhi ke kahane par ye tweet karana pada. acha nahin hota vo khud aakar ye baat kahate jo unhone aapase bulvai sir. yah acha nahin hota shayad. ,1
02:13 ,(SPEAKER 1), mere saath mera khyaal dhokha diya hai mujhe nahin maaloom tha yah debate tha main debate se bhaagata nahin hoon lekin aapaka channel mauka nahin deta hai isalie yahaan hamane kaha tha ki one to one aapaka hai,0
02:27 ,(ANCHOR), jee sir one to one kar lenge aap aap. one to one rahega. nishchint rahiye aap one to one. ,0
02:33 ,(SPEAKER 1)," lekin aapako yah bata doon. nahin aman jee aman chopra jee main kumbh mela ko khatam karane kee baat nahin kaha. main madarasa ke baarebaare mein kuchh bola hemant biswa sharma jee ne kaha ki sarakaaree kharch par quran ya dharm ko promote nahin kiya jaana chahiye. usee context mein mainne bola kyonki yah raajy hamaara kalyaanakaaree raajya hai aur baaba saahab doctor ambedakar ka poora sanvidhaan ka debate hai ki dharm aur raajaneeti mein mishran nahin hona chaahie usake baad mein hee sanvidhaan bann karake taiyaar hua. mainne bilkul ya nahin kaha ki kumbh mela nahin hona chaahie ek contest mein hamane bola jaroor kee jo hemant biswa sharma jee ne agar galatee kiya hai to mujhe bhee aap galat kah sakate hain. ek baat hai. doosaree baat hai kee suvidha anusaar b j p jab chaahe hindoo dharm ka apamaan karen aur jab chaahe hindoo dharm ka thekedaar ho jae. jab dalit ladakee haatharas ka usako raat mein jala diya hindoo dharm reeti rivaaj ke maamale mein tab to kisee ne tamaam bavaal nahin hue kya vahan hindoo dharm nahin laagoo ho raha teesaree baat aman jee main eemaanadaaree se kah raha hoon mera vyaktigat vichaar tha vichaar hai varana ham i n c ko jaroor tag karate hain jab political hota hai. I have a right mera apana aparadhikaar hai ki main apana raajaneetik saamaajik dhaarmik va aarthik vyaktigat vichaar ka adhikaaree hoon, rakh sakata hoon. isamen gandhi parivaar aur congress ko ghaseetne kee kya baat hai i n c agar tag kiya hota aur jab ek baval macha to mainne apane twitter ko restore kar diya hai. hamane kaha ki chalie main is debate ke lie taiyaar hoon lekin main yah nahin kaha ki kumbh mela ka band kar do ya aur dhaarmik band kar do lekin hemant biswa hemant biswa sharma ne jab kaha usse context maine ek debate ka baat kahee ek ideology kee baat kahi. ambedakaree vichaardhaara ko saamane rakha baakee hamane kumbh ke khilaaph aman jee kuchh nahin bola. ",0
05:03 ,(ANCHOR), achha udit raj jee ek thoda clarification bas chaah raha tha main aapase usake baad sambit main aapake paas aaunga. matalab aapako kyonkee aap pravakta hain kyonki aap bihaar vidhaanasabha chunaav ke star pracharak bhee abhee haal hee mein banae gae hain. congress party ke ek bahut hee lokapriya bahut hee bade neta hain sir aap. saansad bhee rahe hai aapaka ek pad hai aapaka ek kad hai congress party mein toh kya rahul gandhi kee sehmatee kee aapako jaroorat nahin hotee iss tarah kee baat agar aap kah rahe hain kee kumbh ko 4200 karod nahin dene chaahie to aapako rahul gandhi kee sehematee kee jaroorat nahin hotee. aap unase bade hain matlab. ,1
05:32 ,(SPEAKER 1), nahin aman jee sehmati jaroor honee chahie aur unaka aadesh saropari hai agar main as a spokesperson of congress bola hota toh vo kuch bhee dand de sakte the. lekin as a person of congress. ,0
05:57 ,(ANCHOR), toh isame. ,0
05:58 ,(SPEAKER 1), main parisye ka rashtriya adhyaksh hoon. aman jee ek cheej main puchna. aman jee ek thoda aadha minute de dijiye please. supreme court ne jab faisala diya kee ayyappa mandir jo keral mein hai usamein mahila aur purush dono ka pravesh hona chahiye. main b j p mein bhee tha aur maine usaka virodh kiya tab toh inhone hindu dharam se nahin joda. ,0
06:15 ,(ANCHOR), udit raj jee main uss par jaa raha hoon ek minute main bas yah samajhana chaah raha hoon ho sakata hai main galat samajh raha tha. jee udit raj jee ho sakata hai main galat samajh raha tha matlab rahul gandhi kee sehmati ismein thee. aur unase pooch kar aapane yah tweet kiya tha. rahul gandhi ke ishaare par aapane kumbh mele ke khilaaph tweet kiya ya unako pata nahin tha unakee sehmati ke bager aapane kiya.,0
06:32 ,(SPEAKER 1), unakee sehmati kyon unakee sehmati ka kya matlab hota hai. nahin unakee sehmati. bilkul yah mera vyaktigat hai unaka kya lena dena hai congress ka kya lena dena hai. main person kee har baar rally karata hoon. main poora desh mein mera apana sanghathan hai. vo sehamat rahein ya na sehamat rahein mera apana vyaktigat vichaar hai. ,0
06:58 ,(ANCHOR), achha aapako farak nahin padata rahul gandhi se. ,0
07:01 ,(SPEAKER 1), nahin mera vyaktigat vichaar hai aman jee main ek dalit samaaj ka hoon. ek mera parisang hai. rashtriya adhyaksh hoon parisang toh poore desh ka karamchaaree. kya hi usake behalf pe doctor ambedakar ne sanvidhaan sanvidhaan sabha mein ye charcha ho rahee hai usamein yah baatein aayi thee. ,0
07:18 ,(ANCHOR), jee udit raj jee darasal mera concern tha kyonkee rahul gandhi kee ek chhavi hai vo janeudhaaree hain vo datareb aur kolbrahmin datarya gotra shiv bhakt hain. toh aapane unakee chhavi ka dhyaan nahin rakha aur kah diya kee kumbh mele ko 4200 karod rupay nahin dene chahiye. ,1
07:31 ,(SPEAKER 1), bahiya main na janeudhaaree hoon. ,0
07:34 ,(ANCHOR), nahin nahin rahul gandhi ka aapako dhyaan rakhana chahiye tha na unakee chhavi ka vo janeudharee shiv bhakt hain. ,0
07:38 ,(SPEAKER 1), aman jee vo janeudhaaroon hain. nahin kyon kare hum. mera yah vyaktigat hai. aman jee main kyon karun yah mera vyaktigat hai meri koyee cheen lega. mera samaajik mera dhaarmik mera aarthik view personal ho. toh isase kya hota hai. meri vyaktigat life nahin hain. ,0
08:00 ,(ANCHOR), aap kya bol rahe hain. rahul gandhi iss vakt aapako sunn rahe honge iss vakt.,1
08:02 ,(SPEAKER 1), main toh aarakshan kee maang karata hoon toh koyee savaal nahin karata congress neejee chhat mein aarakshan kee maang toh nahin karatee hai.  ,0
08:08 ,(ANCHOR), jee poore sammaan ke saath udit raj jee aap jo baatein kah rahe hain vo rahul gandhi sunn rahe honge. aap kah rahe hain mujhe koee farak nahin padata hai vo rahul gandhi janne udhaaree hain dattaraykaul bhraman hain shiv bhakt hain farak nahin padata aapako vo aap kumbh virodh kar lenge aapako farak nahin padta unakee sehmati ya asehmati se aapako farak nahin padata. aap unase bade hain sir. mujhe nahin pata tha yakeen maanniye. mujhe aapake kadd aur padd ka andaaza nahin tha udit raj jee kee aap rahul gandhi se bhee bade hain.  ,0
08:31 ,(SPEAKER 1), nahin bade aur chhote kee baat nahin hain. aman jee aman jee aman jee bade aur chhote kee baat nahin hai yaha sandharab galat. rahul jee ka dharm unaka vyaktigat hai main koee interfere nahin kar sakata unake dharm mein. mera vyaktigat koee mera interfere nahin kar sakata yah kahane ka matalab hai. iss mudde mein na rahul jee kisi se puchenge na main kisi se puchunga. ,0
08:55 ,(ANCHOR), theek hai udit raj jee ek breaking news batau mujhe jarooree hai. mai aa raha hoon sir ek badi khabar iss vakt hai aa raha hu sir ek minute ke liye aa raha hu. badi khabar hai pakistani pradhaan mantri ke suraksha salahkaar ne darasal davaa kiya tha baarat ne diya hai baatcheet ka prastaav moyeed yusuf. bhaarat ne diya baatcheet ka prastaav pakistan ke jhooth par darasal ye bhaarat ka bada bayaan vo daava kar rahe the kee bhaarat kee taraf se baatcheet ka prastaav diya gaya yah badee khabar iss vakt kee bhaarat ne kabhi bhee baatcheet kee baat nahin kee thee yah videsh mantralay kee taraph se saaf kar diya gaya hai. bhram failane kee paksitan kee taraf se koshish kee jaa rahee thee pakistaanee pradhaan mantree ke jo adhikaaree hai unakee taraph se davaa kiya gaya tha. ab boliye sambit paatra jee ab aap boliye usake baad udit raj jee main aapake paas aaunga. mujhe pata lag gaya kee vo congress ya rahul gandhi kee sehmati ke bager aapane tweet kiya aur aap unase bade hain matlab unakee sehmatee kee aapako jaroorat nahin hoti sir. theek hai main aapake paas aaunga. sambit patra ab aap boliye bhai rahul gandhi aapane jo tweet kiya hai.,1
09:44 ,(SPEAKER 1), yah aisa kyon kah rahe hain aap. aman jee aisa toh na kahiye aman jee aisa toh na kahiye kee main unase bada hoon. aman jee yah toh na kahiye kee unase bada hoon. ,0
09:52 ,(ANCHOR), aapane kaha sir farak nahin padata vo janne udhaaroo hain vo dattaraykaul bhraman hain. ,0
09:59 ,(SPEAKER 1), arre bhai vo. isaka kya matalab hai ismein completed kahan hain. vo unaka apana personal hai mera apana personal hai aapaka personal hai. ,0
10:07 ,(ANCHOR), nahin nahin sir main samajh nahin paa raha hoon. abhi aap personal capacity mein baithe hain ya congress ke pravakatak kee capacity mein hain sir. ,0
10:15 ,(SPEAKER 1), personal capacity mein. personal capacity mein. personal capacity mein. aur tweet bhee maine personal capacity mein kiya hai.  ,0
10:21 ,(ANCHOR), aur jo congress party aapako inaam deti hai bihar vidhaan sabha chunaav ka star prachaarak aapako banaya toh rahul gandhi ko gussa aaya jab aapane yah kaha. unako bura laga kee aap kumbh virodh kar rahe hain.  ,0
10:31 ,(SPEAKER 1), mera vyaktigat vichaar hai mera vichaar mere vichaar toh neejee karan ke khilaaph bhee hain mere vichaar toh neejee chetre mein aarakshan ka hai mere vichaar mein jaatee todane ka bhee hai uss par bhee savaal puchiye uss par congress se agree nahin hotee vahaan par savaal aap nahin karenge. kya mere vyaktigat vichaar nahin hai aap jaanate nahin hai tamaam chetron mein vyaktigat vichaar hai uss par bhee puchiye javaab dunga. ,0
10:44 ,(ANCHOR), sambit paatra. theek hai sir. yah udit raj ka valid point hai. yah udit raj ka valid point hai. jee jee. bilkul valid point hai. personal capacity mein apanee baat nahin rakh sakate hain sambit paatra vo. aapane tweet kiya hai kee yah hai gandhi parivaar ka asalee chehraa. aapane jo tweet kiya hai sambit. press conference bhee jo kee gayi hai kee yah hai gandhi parivaar ka asalee chehra. gandhi parivaar kahan se aa gaya iss beech mein udit raj kah rahe hain. ,1
11:14 ,(SPEAKER 2), dekhiye udit jee toh mere bade bhai hain main main main inaka badaa sammaan karata hoon. aur dekhiye abhee chand dinon pehle main u p jaa raha thaa noida ke baahar maine bahut bada hoarding dekha udit raj for congress president. aur maine twitter mein bhee dekha aur mujhe badee prasannata huee ki abhee haal philahaal mein jo a i c c kee baithak hone vaalee hai sunane mein aa raha hai ki bhavishy mein yah congress ke adhyaksh banenge us race mein bhee hain aur bahut gambheerata se congress charcha kar rahee hai udit raj jee ko president banane kaa main badhaayee bhee deta hoon aur iseelie main maanata hoon yah chhote neta nahin hain. aur jab yah kumbh ke oopar aagaamee congress ka adhyaksh jab is prakaar ka tweet karate hain to svaabhaavik hai na keval poore desh mein apitu poore videsh mein bhee isaka ek lahar daud jaata hai kyonkee aakhirakaar yah rahul gandhi ke uttaraadhikaaree bhee hain aur ek bahut bade pad ko dhaaran karane vaale hain to svaabhaavik hai is par charcha hogee hee dekhiye main do teen cheej kahana chaahata hoon jahaan tak udit jee ka kahana hai ki main to hemant vishv sharma jee kee baat par react kar raha tha dekhee hemant vishv sharma jee madarasa ko lekar kis prakaar kya ham bhagavat geeta bhee padha sakate hain kya ham quraan bhee padha sakate hain aur kya ham bible bhee padha sakate hain teenon ko samaan paayadaan par khade karake secularism ko hee aage badha rahe the  vo kah rahe the na to ham geeta padha sakate hain na bible padha sakate hain na madarasa padha sakate hain aur usamen bahut saaree technical vishay the. usamen unhonne kumbh ko laake compare kiya hai madarasa aur kumbh alag alag cheej hai kumbh hai ek celebration hai kumbh ek apane aap mein ek bahut bada param bahut badee parampara hai jo saikadon varsho se chalee aa rahee hai aur madarasa ek educational technique hai ek educational policy matter hai. ab dekhie kumbh mein koee sarakaar participate nahin karatee hai technically. sarakaar nahin karatee hai kahane ka matalab hota hai kumbh mein mass gathering hota hai to svaabhaavik roop se logon ke vahaan par suraksha ka vyavastha karana. log paanee mein doob karake hatahaat na ho jaayein usake lie suraksha karmee post karana. vahaan par hygiene ka dhyaan rakhate hue svaasthy ka dhyaan rakhana doctoron ko lagana peene ka paanee kee vyavastha rakhana isiliye toh sarakaar nivachit hotee hain. chaahe kumbh ho chaahe eid ho jahaan bhee bheed hotee hai chaahe oorsh ka mela ho jahaan bhee bheed hogee vahaan vyavastha karan vahaan par terrorist attack na ho jaaye inn sabakee chinta karana yah sarakaar ka kaam hota hai aur baabaasaaheb ambedakar jee ne jo constitution banaaya hai usake antargat yah sarakaar ke farz ke roop mein pesh kiya gaya hai jahaan tak congress party ka savaal hai. dekhiye congress party ek repeat offender hai. hinduon ke prati kumbh ke prati shankaraachaaryon ke prati hamaare paramparaon ke prati unake man mein ghrina hai. inhonne hindu aatankavaad aaj tak poore vishv mein karodon varshon se jab se hindu dharm janm hua kisee kee himmat nahin huee yah kah de saahab kee hindu aatankavaadee hote hain poore vishv mein dhindhora peeta ja ke inake rahul gandhi ne kee hindu aatankavaad hota hai aatankavaadee hota hai. ,0
14:01 ,(ANCHOR), sambit aap samajh nahin rahe. sambit aap samajh hee nahin rahe hain. vo unake neejee vichaar hain bhai. rahul gandhi gandhi parivaar kahaan se aa gaya vo unake neejee vichaar hain. rahul gandhi ke ishaare pe nahin kaha aur rahul gandhi ne bahut daant lagayee unako aisa bol rahe. ,0
14:13 ,(SPEAKER 1), inahone bahut jyada aarop laga diya hai main javaab doonga aman jee mujhe mauka dijiye.,0
14:17 ,(ANCHOR), jee sir main aa raha hoon. jee udit raj jee main poora mauka doonga aapako poora mauka doonga udit raj jee. sambit paatra complete kar lein aapako poora mauka doonga. ,0
14:24 ,(SPEAKER 2), main nahin jaanata. main main nahin main phone tapping ityaadi nahin karata hoon to mujhe nahin pata inako rahul gandhi jee ne daant lagaee hai ya daant nahin lagaee hai vo aap poochhie inase magar main jaanata hoon ki congress ka jo sachcha kaaryakarta hota hai arre vo to washroom bhee nahin nahin jaata hai bina gandhi parivaar ko poochh kar aur aap bol rahe hain kumbh mela hataane kee baat bina rahul gandhi aur priyanka vaadra jo incharge hai congress party kee uttar pradesh mein unase bina poochhe is prakaar se jo bhavishy ke adhyaksh banane vaale hain unhonne tweet kar diya mujhe apane bade bhaee par poora vishvaas hai ki unhonne aisa anushaasan ka jo lakshman rekha hai usaka ullanghan nahin kiya hoga avashya. apanee bahan priyanka vaadra se poochhane ke baad hee unhonne tweet kiya hoga aur main sirph itana kah raha hoon jahaan tak congress party ka savaal hai. congress party to hindu dharm ke khilaaph hai yah toh keval fancy dress competition chal raha hai inaka. yah bhai behen dekhiye yah priyanka vaadra radhey maa banake baithi thi pichale election mein yaad kariya madhya pradesh kee vo photo dikhaeeye aap main toh jaan nahin. teen din laga mujhe jaanane mein kee yah radhey maa nahin yah priyanka gandhi hai. bataeeye aisa bes dhaaran kiya thaa aur vo rahul gandhi poora chitta chetanay lagake bhasam bhasam ramakarake kah rahe hain bhasam rama karake shiv mandir mein bhasam vibhushit hoke aise baithe the jaise kee abhee sansaar tyaag karake sanyaasee ban jayenge. ab asalee roop saamane aa raha hai. bataiye fancy dress competition bhai behen dono. ,0
15:45 ,(ANCHOR), nahin chaliye ho sakata hai. nahin nahin ho sakata hai. theek hai udit raj jee matalab hota hai kahana aap ko rahul gandhi ke unake ishaare par padata hai lekin sunana aapako padata hai. hamein bhee nahin achchha lagata hai aapase itane savaal poochhana lekin aapako lagata hai aap ke bayaan se unako thes pahunchegee janeoodhaaree shiv bhakt rahul gandhi ko unako thes pahunchegee. jo aapane kaha. ,0
16:03 ,(SPEAKER 1), aaj aapaka dhanyavaad karata hoon kee aaj jo aap aaj aap bahut sahee sahee kara rahe hain.  ,0
16:10 ,(ANCHOR), certificate ke liye shukriya sir. ,0
16:12 ,(SPEAKER 1), hamare dost sambit paatra jee ka javaab dena chaahunga kee yah future president of congress ek b j p ke i t cell ke dwara twitter trend karaee karaee gaee  hai. ek baat hai vah adhyaksh bana rahe hain yahee jaanate hain congress nahin jaanatee na main jaanata hoon na main koee line mein hoon. yah hamaare beech mein aur netrtv ke beech mein daraar paida karana chaahate hain aur koshish kiya hai yah sab jaanate hain. doosaree baat hai ki sandeep jee jab yogee jee ne dalit betee ko raat mein jalava diya aur hindu dharm kee parampara ke khilaaph mukhaagni raat mein nahin ho sakatee toh yogee jee se aapane savaal javaab kiya. nahin savaal javaab kiya.,0
17:05 ,(ANCHOR), topic deviate na kare ham. with due respect sir. ,0
17:07 ,(SPEAKER 1), teesaree baat hai ke. nahin nahin dekhiye baat hindu dharm kee aayi hai aman jee. teesaree baat hai ki jo hemant biswa sharma jee ne kaha usee baat ko hamane kaha ek religious unnanko ka koee religious activity na karate expense except the government toh promote hona chahiye. maine kabhee nahin kaha kee kumbh mela nahin hona chaahie ek kumbh mela ke khilaaph main nahin bola koee main bevakooph nahin hoon lekin ek jab unhonne bayaan diya to usaka ek wider context uss context mein hamane kaha kee phir saaree jo rituals hain activity jo hai government funded nau chaahe jisakee hai kahane ka mera vahee matalab hai aur koee matalab nahin hai.,0
17:55 ,(ANCHOR), achcha ek main aapase savaal poochata hoon. udit raj jee ek savaal aapse main poochta hoon,0
17:57 ,(SPEAKER 1), raahul jee ka apana dharm ho sakata hai. aman jee bas aadha minute please aadha minute. rahul jee ka apana alag dharam ho sakata hai. rahul jee ka dharam apana ho sakata hai mera dharam apana ho sakta hai. mera khyaal apana ho sakta hai main ambedkar vaadee hoon main bahut dharam ko maanane vaala haath bhee hoon. vo unaka adheekaar hai personal personal choice hai personal freedom hai. mera personal mera. aaj sambit paatra jee ne personal life par attack kiya personal choice of freedom par attack kiya hai kee ham kya bolein kya na bulwayein ek nirdeshit nahin kar sakate hain aap aage bolie aman jee. ,0
18:47 ,(ANCHOR), achcha main ek savaal usake baad sambit bas ek savaal mujhe poochana hai sambit bas ek savaal main poochloon usake baad aap pooch lijiyega. udit udit raj jee aapane kumbh mele ko lekar kaha kee 4200 karod jo diye vo bhai agar dhaarmik batwaara kharch ka nahin hona chahie madarso ko nahin toh kumbh ko bhee nahin yahee aapane kaha toh phir aapako pata hai kumbh kee economy ke baare mein kharch kitana kiya kumbh se kamaya kitana aapako pata hai.  ,0
19:07 ,(SPEAKER 1), saaree religious activites. haan. ,0
19:10 ,(ANCHOR), aur kumbh manaya kyon jaata hai aapako yah pata hai kyonkee aap toh hindu hain na sir. udit raj jee aap bhee hindu hain aapako pata hoga kee kumbhi kyon manaya jaata hai ,0
19:16 ,(SPEAKER 1), i know. i know economics. sunn toh lo aap. sunn toh lo aap. arre usmein main bhains mein jaana nahin chaahta lekin aapane uss bhains ko le gaye theek hai. main finance ka aadmee hoon mujhe maaloom hai. expenditure involved in organising the kumbh mela exceeds far less than income return. pilgrim to se sarkaar ko faayeda kahin nahin hota hai exception ko chhod karake. yah jo pleasure ka aur picnic ka tourism hota hai usse sarakaar ka fayadaa hota hai. isamein jitana investment hota hai usase jyada sarakaar usase jyada kahin tourism jo itana paisa milata hai usase jyada kahin sarakaar. ,0
20:03 ,(ANCHOR), yahan sir aap galat hain sir. maafi ke saath udit raj jee achcha ek badi khabar. ek badi khabar ek badi khabar ek badi khabar sushant singh rajput maut maamale mein c b i  ka bada bayaan saamane aaya hai. c b i ne kaha hai kee sushant maamale kee jaanch pooree nahin hui hai. sushant singh rajput maamale kee jaanch abhee chal rahi hai. jaanch pooree nahin hui hai. badee khabar hai ye abhee jaanch pooree nahin hui hai jaanch chal rahee hai pehle aisi khabar aayi thi saamane kee sushant maamale mein c b i kee jaanch darasal pooree ho gayee hai iss tarah kee khabaren aayee thee lekin abhi c b i kee taraph se yah bataya gaya hai kee sushant maamale kee jaanch abhee pooree nahin hui hai jaanch abhee chal rahi hai. udit raj jee darasal 4200 karod jab kharcha kiya to ek anumaan ke hisaab se delhi sarakaar ko dhai hazaar karod kee kamai hui hai. aur ek anumaan ke hisaab se ek lakh karod se jyada kee kamai hui 47 dinon ke andar andar sir number ek. yah bas main aapako batana chaah raha tha 4200 karod agar kharch keeya sarakaar ne 47 dinon ke iss utsav ke liye. sanskritik utsav ke liye. toh sir sarakaar kee kamai ek lakh karod se zyada kee kamai hui hai yah sanskritik utsav hai sir yah dharmik nahin hai. isamein hindu muslim sab aate hain sir. madarse se tulana isiliye mujhe theek nahin lagi. baaki aap toh hindu hain sir aur aapako bhee bura lagana chahiye kee kumbh aap aap khud hindu hoke aisi baat kar rahe hain udit raj jee. sambit ek minute.  ,1
21:22 ,(SPEAKER 1), haa dekhiye aisa hai. phir uttar pradesh ke jo budget hai usamen reflect hona chaahie income kaheen dekha aapane income itanee aaee hai. kis paper mein hai kahaan hai mujhe bhee pata lag jae ki itanee income aaee hai tab toh yah badee achchee baat hogee. main kahunga kee das kumbh mela karao. ,0
21:41 ,(ANCHOR), aapako homework karke kahna chahie tha vo sir. bas mera ye concern tha. ,1
21:43 ,(SPEAKER 1), nahin kaha nahin kaha aapane padh liya kaha dekh liya ek baat. main phirse bol raha hoon kee kumbh mela are organise karane ke khilaaph mein nahin bola hoon. main phirse baar baar bol raha hoon lekin jab hemant biswa sharma jee kahte kee religious activity jo quran aadi ke oopar sarakaaree kharch nahin hona chahiye uss context mein kaha hai maine. main kumbh mele ke khilaaph mein nahin bola hoon aur main kyon bolunga. ,0
22:06 ,(ANCHOR), toh phir sir. theek hai sambit paatra. theek hai udit raj jee main aapaka bhav samajh gaya. udit raj jee. jee udit raj jee main aapaka bhav pooree tareeke se samajh gaya aap kah rahe hain sab barabar. sab barabar matlab uniform civil code kee baat kar rahe hain. boliye sambit paatra. ,0
22:20 ,(SPEAKER 2), dekhie main bade dhyaan se suna udit raj jee ko pahalee baat to unhonne kaha main bhagavaan buddh ko maanata hoon main bhee bhagavaan budh ka bahut bada bhakt hoon. ham sab maanate hain bhagavaan buddh ko aur ab dekhie buddh circuit kis prakaar se gaya ka development ho kis prakaar se bhaarateey hee chhodie japan se bhee jo buddh dharm ke anuyaee aate hain ya doosare deshon se aate hain unake lie bhee suvidha yahee sarakaar muhaiya karaatee hai. buddh circuit ke vishay mein chinta chal rahee hai na construction ho raha hai usamen bhee paisa kharch kiya jaa raha hai. kyon na ho. bhagavaan buddh hamaare desh ke ek abhinn ang the unakee mittee hai aur unaka culture hai hona chaahie number ek. number do iftaar party hajj ab jaake supreme court ke kahane par hajj subsidy khatm huee hai usase pahale 50 ke dashak se hajj subsidy chal rahee thee karodon rupay kharch hue hai. iftaar party na jaane kitane ab iftaar party mein khud udit raj jee gae hue hain usamen paisa kharch hota tha aap jaanate hain tirumala tirupati devasthaanam vaishnov devee mandir karanatak ke mandiron se kitane karod rupay karodon karod rupay tax ke roop mein vasool kiya jaata hai aur main aapako do aankade deta hoon jisako sunake aap aashcharyachakit rah jaenge. jabaran mandiron se abhee tamil nadu ke mandir se das karod rupay aur keral e mandir se das karod rupay covid ke naam pe jabaran liya gaya. jab mandiron se aap karodon kharbon rupay tax ke roop mein vasoolate hain par chand usmein se hissa kharch kar dete hain to aap itane pareshaan hain. aap jaanate hain k c r ne jo mukhyamantree hain k c r ne pratyek church ke lie 200 churchon ke lie dedh dedh laakh rupaya avantit kiya. pachaas karod rupay karnaatak kee sarakaar ne 2016 mein congress party ne church ke renovation aur restoration ke lie kharch kiya yah sab theek hai. magar agar kumbh mele mein hygiene maintain karane ke lie peene ke paanee ke lie paisa kharch ho jae toh gadbadee hai. ,0
24:05 ,(SPEAKER 1), main kahaan kah raha hoon theek hai. ,0
24:06 ,(SPEAKER 2), dekhiye yah congress party. nahin nahin main toh aapako nahin bol raha hoon main toh congress ko party ko bol raha hoon. yah toh aap vyaktigat baithe hain. main toh rahul jee ko bol raha hoon. aur sabase badee baat hai abhee mere bade bhai udit raj jee ne ek badee baat kah dee hai. unhone kaha hoga rahul gandhi jee ka apana dharm matalab udit raj jee bhee confused hain rahul gandhi jee konse dharm ke hain. vaise ham sabhee confused hain kyonkee kabhee toh vo bolate hain haan ham musalamaano kee party hain. toh kabhee chita chaitanay bhasam lagake bolate hain main shiv bhakt hoon. toh kabhee radhe maa banake priyanka vaadra baithi hui thi. toh pehle toh yah ghoshna karane vo hai kya hum samajh hee nahin paa rahe hain.  ,0
24:38 ,(ANCHOR), theek hai sambit. sambit sambit main aapake paas aa raha hoon. shehzad poonawalla main aapake paas aa raha hoon usase pehele ek baa anurag bhadouria. iss beech aapako ek badee khabar bhee aapako batadein manoj mukund naravane sena pramukh manoj mukund naravane ka yah bada bayaan seema se lagataar seema paar se lagataar ghus baith kee koshish kee jaa rahee hai lagataar seema paar se ghus baith kee kosish kee jaa rahee hai  manoj mukund naravane m m naravane sena pramukh ka yah bada bayaan. inakee taraph se kaha jaa raha hai kee lagataar seema paar se surakshabalon ne pichale 21 dinon mein sattarah aatankvaadiyon ko maar giraya hai yah manoj mukund naravane ka bada bayaan 21 dinon mein sattarah aatankvaadeeon ko maar giraya hai. aur lagataar ghusbaith kee koshish kee jaa rahee hai. anurag bhadouria usake baad shehzad main aapake paas aaunga. anurag bhadouria aapako bhee bura laga jab udit raj jee kee taraph se congress party ke bade neta iss tarah kee baat kee gayee kee kumbh ke lie bhee yah kharch band ho jaana chahie. 4200 karod madarase aur kumbh kee tulana. ,0
25:26 ,(SPEAKER 3), hamane toh bahut pehle hee kah diya hai kee iss desh hamara jo desh hai sanvidhaan se chalata hai aur raajneet mein. raajneet mein . ,0
25:31 ,(SPEAKER 1), maine madarasa aur kumbh kee tulana kiya hee nahin. ,0
25:33 ,(SPEAKER 3), sunn lijie sunn lijie main apanee baat kah doon. aur desh ke andar main dharam kee rajneetee nahin honee chahie jaise kee ek party lagataar karate chale aa rahee hai. aur jaat dharm kee raajneet karana paap hai iss desh ke andar mein jo bharatiye janata party karatee chali aa rahee hai. abhee sambit jee kah rahe the abhee apanee baat ko dekhie kaise kah rahe the. kah rahe the jahaan bheed hotee hai vahaan intejaam pooree sarakaar karatee hai. toh kyon aapane phir raat ke andar mein hathras kee beti ko jala diya aap toh kah rahe the vahaan bheed ho jaati hai aap sambhaal nahin paate. aap hee baat ko ek hee baat ko kitanee baar palatoge bhai. ,0
25:59 ,(SPEAKER 2), kya kya vishay hai kya bolate hain kuch samajh mein nahin aata hai. yah hara kurta pehenke aake bas shuru ho jaate hain.,0
26:03 ,(SPEAKER 3), paltu ram ho kya. vishay nahin yaad dila raha hoon. yaad dila raha hoon. yaad dila raha hoon kee aapako yaad aaye baat ko kitanee baar bologe. ,0
26:09 ,(SPEAKER 2), arre bhaiya hara kurta kholke ek din aap kumbh mein naha hee lo. bahut hare kurte ke neeche bahut paap ikatha ho gaya hai. nahin nahin main toh arre bhaiya hum sponsor kar denge aapako aap hara kurta khol karake dupkee lagao. yah hare kurte ke neeche bahut saara paap ikatha hua hai. magar aap kahan jaaoge kumbh aap toh tontee khol ke hee le jaa rahe ho kumbh kahaan jaoge. yah tontee ke neeche hee nahao ab ghar mein tontee bhee nahin hai. tontee bhee le gaye akhilesh jee saara.  ,0
26:37 ,(SPEAKER 3), reet rivaaj ka apmaan kiya hai. aapane apamaan kiya hai hindu reet rivaaj ka jokee aapako maafi maanganee chahie poore desh se. aur sharam aanee chahie kee aap t v pe baith kar naatak karo. ,0
26:44 ,(SPEAKER 2), yah kya vishay ho raha hai. yah kya bol rahe hain mujhe kuch samajh mein nahin aa raha hain. ,0
26:47 ,(ANCHOR), vishay rahul gandhi ke lie bol rahe hain. unako maafi maanganee chahie. ,0
26:49 ,(SPEAKER 2), matlab jabase inaka janam hua hai tabase yah hara kurta pehen kar hee hamein bhaashan dete rahe hain. aur yah aake secularism sikha rahe hain hamein. ,0
26:56 ,(SPEAKER 3), kabhee aarthik samasaya kee baat karate ho. ,0
26:58 ,(SPEAKER 2), ab puchiye inase jara yah hara kurta kyon pehne hain.  ,0
27:00 ,(SPEAKER 3), kisaan ke baare mein baat karate ho kabhee. ,0
27:02 ,(SPEAKER 2), yah corona kahan se aaya beech mein. yah kumbh ke beech mein corona kahaan se aaya. nahin kahan arre. corona pe debate karana tha toh ghar mein baithana tha na kyon aaye the phir. kumbh ke naam pe debate karane aaye phir yahaan aake corona corona kar rahe hain. ,0
27:12 ,(SPEAKER 3), aap udit jee ka tweet ko lekar yahaan pe halla machaa rahe ho lekin. ,0
27:17 ,(SPEAKER 2), udit rai nahin hain vo bhaavee adhyaksh hain congress ke udit raj hain. thode din baad inako aapake adhyaksh cycle pe bithake chal rahe honge. aapane udit rai bola. aapane udit rai bola. yah udit raj hai congress ke hone vaale adhyaksh hain aur ho sakata hai bhavishya mein gathbandhan ho inake saath cycle ke career pe bithaana bhee padega isiliye inaka sammaan kariye. ,0
27:39 ,(SPEAKER 3), yah vahi hai. yah vahi b j p hai jisako udit raj jee kah rahe the. ,0
27:42 ,(ANCHOR), chaliye theek hai. anurag anurag anurag achcha nahin lagata anurag. anurag topic kya tha aapako pata hain na anurag. anurag aapako topic bataya gaya anurag. aisa nahin hai aapako nahin bataya gaya. ya toh aap kanee kaat rahe hain topic se aur aap aap udit raj ke saath hain aap bhee nahin chaahte hain kee 4200 karod mille kumbh mele ko. aap aap bhee nahin chaahte hain mujhe pata hai. yah aapaka tushtikaran appeasement mein aayega. aap aap dabee zubaan samarthan kar rahe hain udit raj ka. aap dabee zubaan samarthan kar rahe hain rahul gandhi ka. aap dabee zabaan sir samarthan kar rahe hain. aap deviate mat kariye na sir topic par baat karenge na anurag bhai. anurag bhadouria yahee achcha nahin lagata sir aap har tarah se lekar economy corona se sab kuch bol denge. kumbh par boliye na galat kaha unhone. boliye galat kaha unhone. boliye galat kaha unhone. ,1
28:25 ,(SPEAKER 3), maine kya kaha aapase kee b j p congress ek hai. yah dharm kee rajneet karana. ,0
28:29 ,(ANCHOR), aap boliye galat kaha unhone baat khatam. ,1
28:31 ,(SPEAKER 3), bilkul. bilkul. bilkul. dharm kee raajneet nahin honee chahie. yah hamare aastha ka vishay hai. isamein kumbh kee baat kahan se aa jaayegee. ,0
28:37 ,(ANCHOR), kumbh kee hee toh baat ho rahee hai sir. sir 4200 karod kumbh kee hee toh baat ho rahee hai anurag bhadouria. aap jaanake bhaagate hain topic se. aapako pata hai. aapako pata hai aap rahul gandhi ke khilaph bol nahin sakate hain kuch. ,1
28:49 ,(SPEAKER 3), hamane bhee kumbh karaya hamane bhee kharch kiya. ,0
28:51 ,(ANCHOR), toh phir aapako bhee bura lagana chahie kee voh kah rahe hain aisi cheez kee kumbh ko nahin dena chahiye paisa. kumbh aur madarase kee kya tulana hai shehzad poonawalla. shehzad poonawalla. shehzad poonawalla. shehzad poonawalla. kumbh aur madarase kee kya tulana hai mujhe yah bata dijiye. ,1
29:08 ,(SPEAKER 4), achcha theek hai hogaya anurag jee hogaya arre dekhiye na jo log jo log ram bhakton kee goliyon chalane ka garv lete hain vo iss tarah kee bhasha bolenge hee. kyonkee dekhiye udit raj jee ka main bada sammaan karata hoon bhaavi congress ke adhyaksh bhee ho sakate hain vo isiliye main inase sammaanpooravak do cheejen puchana chaahta hoon aur dono savaal unase. madhyapradesh mein jab suniye na sir muskaraiye aapakee muskuraahat bahut pasand hai mujhe. ab dekhie aapane bola madarason par kyon savaal uthaaya ja raha hai aapakee baat bilkul sahee hai to aap mujhe bata deejie jab congress ne madhyapradesh mein isakee khilaaphat kee kee geeta ko public school mein nahin padhaana chaahie. vahaan kee b j p kee sarakaar karana chaahatee thee kya vah galat tha aur doosaree baat jo congress kee kamalanaath kee sarakaar ne ram gaman path shuroo kiya kya vah bhee galat tha. in dono baaton ka saral javaab dedijiye mujhe bas. adhyaksh jee.,0
30:03 ,(SPEAKER 1), mujhase kah rahe hain aap?  ,0
30:05 ,(SPEAKER 4), adhyaksh jee savaal to aap hee se hoga mera savaal sun lijiye. madhyapradesh mein congress ne jab virodh kiya geeta ka public school mein padhane ka kaam jo karana chaahtee thee b j p kee sarakaar kya vo aapake paymaane par galat tha aur kya ram gaman path ka kaam jo kamalnaath kee sarakaar ne pehela kaam usane shuru kiya kya vo galat tha. kyonkee aapane ek benchmark apana banaya hain. toh uss benchmark ke aadhaar par inn dono baaton kee tulana kar dijiye. ,0
30:28 ,(ANCHOR), haa bilkul secular benchmark. ,1
30:29 ,(SPEAKER 1), main ek main sanvidhaan ko benchmark banaya hoon bas. main sanvidhaan ko benchmark banaya hoon hemant biswa sharma ke reaction hai mera.,0
30:38 ,(SPEAKER 4), sir kamalnaath galat the kya? ek second udit jee itane achche muskuraate hain aap itane samajhdaar gyaani aur aage ke aap yah bhee banenge adhyaksh. kamalnaath jee kee sarakaar ne galat kiya tha na? sir kamalnaath jee ne galat kiya tha haan ya na. itana lamba chauda nahin hai isaka. ,0
30:58 ,(SPEAKER 1), koee cheej bhee ho. har ek ek cheej ko jaa karake kon kya kiya hai usaka nahin. sabako aap sammaan dekhiye. ,0
31:04 ,(SPEAKER 4), koee nahin sir kamalanaath kee baat kar raha hoon main. mujhe kamalanaath mein interest hai kya kamalanaath ek saampradayeek hindutvavaadi kamalanaath ek saampradayeek hindutvavaadi mukhyamantaree tha jisane ram gaman path shuru kiya savaal sirph itana hai.,0
31:17 ,(SPEAKER 1), aman jee aman jee aap jarurat se jyada humein time de diya mujhe ijaajat dijiye. dhanyavaad main karata hoon aur yahan apanee baat ko aman jee main kah chuka hoon. ,0
31:23 ,(SPEAKER 2), udit sir aur yah udit sir mat jaiye. udit sir rukiye.,0
31:27 ,(SPEAKER 4), sir main toh meme hoon aap bheem hain main meme hoon. meme se bheem dar gaya. meme se bheem toh dara nahin hoga. meme ka bhee aarakshan hai main aapane aarakshit samay mein savaal pucha hai. ab bheem meme se naraaj ho gaya. bheem meme meme kar rahe the. vo hare kurte vaale muskura rahe hain. arre bheem meme ka hamara gathbandhan hai sir. maine savaal puch liya kamalanaath sampradaayeek the kya ya congress kee sarakaar ne congress ke vipaksh galat kiya. ,0
31:47 ,(ANCHOR), main baar baar repeat kar raha hoon. main udit raj jee itana hai kam se kam udit raj jee udit raj jee kyonkee aap khud hindu hain aur aap kumbh virodhee nahin ho sakte. bas mera yah concern tha. mujhe isiliye nahin achcha laga tha isiliye maine vishesh taur pe aapako bulaya. ,1
32:00 ,(SPEAKER 1), sambit jee itana mera majaak uda rahe ho aap log itana majaak uda rahe ho. arre bhai itana mujhe poora. ,0
32:05 ,(SPEAKER 2), nahin nahin chhote bhai ka request ka maan lijiye. ab chhota bhai bol raha hoon apane aapako majaak kahaan uda raha hoon. nahin koee majaak nahin uda rahe hain bahut achche se chhota bhai ka request maan lijiye. aap debate ke beech mein se mat jaiye. ,0
32:20 ,(SPEAKER 4), ab congress ka adhyaksh banana majaak vaalee baat hai. congress ka adhyaksh banana itana majaak kee baat hai kya sir. ,0
32:27 ,(SPEAKER 2), yah majaak ka vishay kahaan hai. ,0
32:29 ,(SPEAKER 4), congress ka adhyaksh banana garv ka vishay hai sir. ,0
32:30 ,(SPEAKER 2), abhee jo baitha hai congress ka adhyaksh banake vo majaak hai. aap jab baithenge tab seriousness hoga. abhee jo baithe hain congress ke adhyaksh banake vo majaak hai. jab aap baithenge tab jaake kursee pe kursee kee shobha badhegee. ,0
32:43 ,(ANCHOR), naval kishor das. naval kishor das. naval kishor das. naval kishor das aisa nahin hai. naval kishor das jee. udit raj jee abhee aapako bihar vidhaan sabha chunaav ka star pracharak bhee banaya gaya sir. abhee inaam diya gaya hai aur ab aapane yah baat kahee hai toh naval kishore das jee ab inako aur inaam diya jayega. boss khush hoga shaabaashee dega rahul gandhi khush honge jo unhonne kaha hai. naval kishore das jee.,0
33:09 ,(SPEAKER 5), dekhiye kumbh ho poore vishv ka ek aisa utsav hai poore vishv ke maaravaadee log yahaan par aate hain aur maaravata kya hai paramtatv kya hai aise log aaraadhana aur saadhana karate hain. yah toh swatantra bhaarat se purv jab mughal samaraaj tha tab bhee kumbh lagata tha. kumbh koee abhee se nahin lagane laga hai isiliye madarase mein jihaad sikaya jaata hai vahan narsangarsh sikhaya jaata hai par yahan toh srishtee ko kaise maanv yukt banaya jaaye. maanvata hai kya vahaan aap kumbh mein jaayenge na toh kisi prakaar ke koee bhed bhaav nahin hota. vahaan nar seva naaraayan seva hotee hai aur na hee kisee sarakaar se koee akhaada koee saadhu sant paisa maangata hai ham log to tab bhee kumbh karate the jab ped ke neeche kamandal lekar baithate the aur doono lagaate the aaj bhee sarakaaren vyavasthaen karate hain to koee hamako paisa nahin detee jo pooree duniya se log aate hain use vyavastha karane mein paisa deti hai sarakaar hum koee saadhu sant paisa nahin lete hain iss prakar se halake shabdon ka prayog karana. kahaan madarasa abhee jitane 147 leke milate hain jinhone kashmeer khaalee kardi ya jahan bomb phodete hain vo lagabhag jaadatar log madarase se nikalte hain. kyonkee madarase mein maanavata ke vipareet hee jyaada sikhaaya jaata hai main poochhana chaahata hoon udit raj jee ko jee ko haj karane jaate hain kabhee poochha kee vahan pe aisa kyon diya jaata hai toh is tarah se mujhe lagata hai kaise bayaan nahin dena chaahie kis bhaav se unne diya to vah jaane parantu kumbh kumbh kabhee kisee ko halaka nahin karata hai. ,0
34:39 ,(SPEAKER 4), swaamee jee aapako pata hai congress mein jo sabase jyada hindu virodhee bolata hai usako inaam milata hai. swamee jee. ,0
34:47 ,(SPEAKER 5), kumbh puranata pradaan karata hai. isiliye mujhe lagata hai kee aise halake shabdon ka prayog nahin karana chahie.,0
34:53 ,(SPEAKER 4), swamee jee congress mein congress mein aap janate nahin ho main raha hoon. main raha hoon na vahaan pe. udit raj ko pata hai jo congress mein hindu ko gaali deta hai hindu ko aatankvaadee bolata hai jo mandir mein jaate hain vo log molestation karate vo bolata hai usako inaam milata hai rahul gandhi ka. inake mann mann mei raam nahi mann mann mein rome hai. ,0
35:10 ,(SPEAKER 5), ab inako lagata hai kee number badh jaayenge isiliye kumbh ke liye kabhee nahin bolana chaahie. kumbh aur madarasa isamen usee prakaar ka antar hai jaise amrit aur usake vipareet. ,0
35:19 ,(SPEAKER 4), nahin dikkat yah hai aman jee. aman jee dikkat yah hai udit raj kee dikkat kya hai. ,0
35:24 ,(ANCHOR), ab udit raj mere khyaal se ab hamare saath nahin hain. sambit sambit sambit sambit. theek hai. sambit. sambit sambit sambit. sambit. sambit. ,0
35:34 ,(SPEAKER 5), maanavata kya hai daya kya hai dharm kya hai punya kya hai paap kya hai. isaka aise itane bade aayojan par aise shabd bolana mujhe lagata hain yah bahut halaka pan hain. kumbh puranata pradaan karata hain. ,0
35:44 ,(SPEAKER 4), nahin halkapan nahin hain strategy hain kumbh isakee. yah congress kee saajish hain. yah congress kee ranneetee hai. hindu ko gaali do muslim ka vote lo. yah unakee strategy hain. ,0
35:54 ,(ANCHOR), sambit. sambit. sambit. theek hai. theek hai naval kishore das jee. ,0
35:58 ,(SPEAKER 2), apane swaamee jee bol lein. swaamee jee bol lein. swaamee jee bol. dekhiye mahant jee ne mahant jee ne ek mahant jee ne mahant jee ne ek bahut mehatavapoorn baat kahee mahant jee ne kaha kee ham toh tab bhee kumbh mein jaate the kamandal leke jab hamein ped ke neeche baithna padata tha aur ab bhee kumbh mein jaate hain. hamein koee paisa nahin diya jaata hain. haath mein magar aap yaad kariye congress party trinamoon congress ya samaajvaadee party aam aadmee party yah aisi party hain jo imaam bhakta. yah aam aadmee party ne abhee das hajaar pehle kiya tha imaam bhakta badha karake atharah hajaar rupay imaam bhakta kar diya hai. t m c keval imaam bhakta deti hai keval muslim imaam jo hain unahee ko bhakta deti hain. panditon ko koee bhakta nahin hain. kahin panditon ko bhakta diya jaa raha hain hindustaan mein. har rajya mein aap dekhiyega jahaan congress shaasit rajya hai aam aadamee party t m c yah to haathon mein atharah atharah hajaar rupay tak das das barah barah hajaar rupay prati imaam prati prati bilkul bilkul mandiron se paisa tax ke roop mein liya ja raha hai aur imaamoo ko bhatte ke roop mein diya ja raha hai aur oopar se congress ke bhaavee adhyaksh koee chhota-mota neta nahin aadaraneey udit raj jee matalab jo jo adhyaksh banane vaale hain jinako matalab poore america mein bhee charcha hai main abhee america mein phon baat mein baat kar raha tha log vahaan bhee kah rahe the ki udit raj jee issi baar a i c c mein shayad unaka naam propose hone vaala hai aur vo adhyaksh banane vaale hain jab congress party ka bhaavee adhyaksh is prakaar se bole ki yah hinduon matalab kumbh mela band hona chahie paisa kyon kharch ho to aap bataiye.,0
37:21 ,(ANCHOR), kya yah number badhane ke liye kiya jaa raha hain? kya yah number badhaane ke liye jo unako ,0
37:26 ,(SPEAKER 4), yah dekhiye. yah main aapako batata hoon congress mein hota kaise hai. ,0
37:30 ,(SPEAKER 2), arre yah benchmark yah benchmark kya kar rahe the udit raj jee. arre rahul gandhi ke neeche se bench chala gaya hai. yah benchmark hai kya hota hain. bench hain nahi unake adhyaksh ke baithne ke paas yah benchmark leke chale hain. ,0
37:38 ,(ANCHOR), anurag anurag anurag ek comment anurag usake baad. ,0
37:42 ,(SPEAKER 4), swaamee jee aur sambit jee dono full flow mein par kya hai kee upar se janayoo pehente hain andar se unaka muslim parastee jagah hua hain. isiliye kehte hain kee bandh kamare mein kya kaha hum muslim party hain. yah muslim votebank paana isiliye hindu ko gariyaana hai. aur hindu terror se lekar bhagva aatank. aap dekhie na ek ek udhaaran hindu talibaan yah baar baar kaha jaata hai.  ,0
38:00 ,(ANCHOR), theek hai aapase concluding comment lunga. ,0
38:02  ,(SPEAKER 4), yah toh anurag ka badappan hai bahar se hara kurta pehen kar. ,0
38:05 ,(ANCHOR), isiliye anurag. isiliye anurag suit karti hai aapako congress party. anurag anurag anurag. koee halla nahin. anurag anurag anurag bhadouria aap bolein. anurag bhadouria. ,1
38:16 ,(SPEAKER 3), haan kya. kya puchiye puchiye. ,0
38:18 ,(ANCHOR), anurag bhadouria isiliye suit karti hai congress party. vahaan par hindu virodh ka inaam diya jaata hai aur samaajvaadi party toh jaane jaati hai karserko par goliyan chalvaane vaalee toh suit karata hai aapako. ,1
38:28 ,(SPEAKER 3), dekhiye dekhiye bharatiye janata bharatiye janata party aur congress mein koee antar nahin hain. aapane dekha sambit jee ek hee baat ko kitanee baar bole. pooree debate mein ek hee baat kar rahe hain. kuch aur baat inake paas hain nahin kyonkee inhone kuch kiya nahin saat saalon mein toh nayi baat batayenge kahaan se.,0
38:40 ,(SPEAKER 2), koee antar nahin hain hamare beech mein toh kahe ko cycle mein baithaya tha rahul gandhi ko. koee antar nahin hain toh kahe baithaya tha cycle mein rahul gandhi ko. cycle mein baithke saath mein chale the phir bol rahe hain phir bol rahe hain koee antar nahin hain. ,0
38:52 ,(SPEAKER 3), mathura kee baat karenge toh mathura ko bhee hamane sajaya. ,0
38:53 ,(SPEAKER 5), indra gandhi. indra gandhi mein gayee thee. ,0
38:58 ,(SPEAKER 2), vahaan bhee tontee inhone lagaya tha. ,0
38:58 ,(SPEAKER 4), dukh kee baat yah hai. dukh kee baat yah hai kee anurag bhadouria aap logon ko jab vote chahie tab aap madarase kee baat karenge. muslim bachon ke shiksha kee asliyat mein kaam nahin karenge aur phir aap kahenge yah toh vishnu bhakt bhee nikale. yah toh mandir banana chaahte hain vishnu jee ka. aur yah dekhiye madarase. ,0
39:18 ,(ANCHOR), mujhe yah laga tha mujhe yah laga tha kyonkee samaajvaadee party ne bhee kumbh ka aayojan kiya hai isalie ho sakata hain anurag bhai aapako bhee bura laga ho. jab iss tarah ka bayaan kumbh ke khilaaph diya gaya kyonkee kumbh ka dharam se lena dena nahin hai yah sabase bada saanskritik aayojan hai. yah aur isamein har dharam ke log isamein shaamil hote hain madarase se kumbh kee tulana karana hee bachkana tha. iss vajah se tweet delete karana pada udit raj ko. savaal yah hai kee pehle bulva dena phir peeche hatt jaana aur rahul gandhi ke ishaare par ho raha tha kya ye sab.,1
