timeStamp,speaker,text,label
02:01 ,(anchor)," namaskar shyam ke 5 baj chuke hain. waqt ho gya hai behens ke number 1 show taal thok ke aapke saathmai hoon aman chopra. ab tak 135 seeton par matadan ho chuka hai. matlab aaj ke agar mila de abhi toh matdan chal rha hai. 135 seeton par bangal ki . lekin aap jante hain aaj ek audio tape ne bangal ki siysat mai bhuchal laa diya aur pk ne bhi mana mamta ko padega jaana aur modi ka hai zamana. ok ne mana modi ka hai zamana aur mamta ko padega jaana. mai jaldi se aapko bata deta hoon ki darasal ek audio tape samne aaya . yeh clubhouse ek open chat ek tareeke ka platform hai .isme jo mamata bannerjee ke chanakya hai jiss tarah bjp ke chanakya amit shah ussi tarah mamta bannerjee ke chanakya hai unka naam hai prashant kishore, PK. election strategsit khe jaate hain aur yahan tak kaha jaata hai ki TMC ko koi chala rha hai toh wo PK chla rhe hain,  prashant kishore. kabhi kabhi mamta jitne powerful matlab TMC ko koi chala rha hai toh prashant kishore. mai aapko 2-3 baatein btata hoon usme saamne aa rha hai ki modi ki chavvi jo hai modi bohot lok priya hai bangal mai. modi ki cult jaise chavi hai bangal mai dalit vote bjp ko jaa rha hai, matva vote bjp ko jaa rha hai. logon ko modi mai bhagwan dikhta hai. aapko lagega ki yeh baatein toh bjp ke neta kahenge. nhi yeh TMC ke jo rann nitikar hai matlab mamta ke chanakya prashant kishore wo yeh keh rhe hain . wo toh yahan tak keh rhe hain ki TMC ke khilaf gussa hai matlab ek tareeke se surrender aap samajh lijiye aur 20 saal tushtikaran hua. 20 saal jo unke excact words hai wo mai bol deta hoon, "" blatant use of minority appeasement"". 20 saal tushtikaran hua. mamta bannerjee par itni badi statement de rhe hain prashant kishore jo ki mamta ko jitane ki zimmedaari jinnpar hai aur wo keh rhe hain ki anti incumbency toh hai. aur wo yeh bhii keh rhe hain ki tushtikaran ki jo bimari hai wo kahin mamta par na bhari na pad jaye. ek baar sabse pehle wo audio clip wo jo shuruwati audio clip hai sabse pehla wo aapko sunna dete hain. fir mere sath mai aapko bata doon kailash vijay vargiye live judd gye hain jo ki bangal prabhari hai, bjp ke rashtriya mahasachiv hai lekin sabse pehle ek audio clip. sunn lijiye aap.  ",0
06:06 ,(anchor)," waise kehna nhi chahiye . kehte hue accha bhi nhi lagta hai ki kuch patrakar hmari bidari ke log bhi iss group mai the lekin PK zyada neutral lag rhe the unn patrakaro se. wo zyada honest ek tareekse se neutral tareeke se ki ""haan anti incumbency toh hai"" aur modi cult ki tarah ubhar rhe hain aur mathua samaj ka matlab modi jo hai wo bjp kahin aage nikal chuki hai. yeh ek tareeke se honest confession aap keh sakte hain. tushtikaran ko lekar confession aur saalon saal yahan tushtikaran hua aur mamta par bhari tushtikaran ki bimari. mere saath kailash vijay vargiye judd chuka hai kailash ji aaj toh aap yeh kahenge ki yeh bangal hai, yeh PK hai aur didi haar rhi hai.  ",1
06:48 ,(speaker 1)," dekhiye aapne bohot saaf kaha ek baat bohot spasht roop mai kehna chahta hoon ki 2 may ko election ke parinaam aane wale hai aur mai yeh keh doon ki jo 2 may ka bayaan 2 may ko dena tha. jo pattkatha 2 may ko likhna thi wo shayad aaj padh li gyi. kyunki hum toh pehle din se keh rhe hain ki 200 se zyada seat jitenge aur kyunki bangal mai jis tareeke ka brashtachar hai, tolabaazi hai, syndicate raaj hai, gold mafia hai, swayum mafia hai, goru mafia , goru matlab gaye bolte hain yahan par gaye mafia hai. inka skro ka samrajya tha  aur mamta ji aur unke bhatije bohot bhatijon ne iss prakar ke logon ko sanrakshan de rkha tha. aur mujhe lagta hai ki 10 saal tak janta ko thaga gya. sonar bangla ka sapna dikhaya gya par ab logon ko lagta hai ki hum thagaye gye hain aur logon ko lagta hai modi ji ek asha ki kiran hai. BJP ek asha ki kiran hai, wo hi sonar bangla bna sakti hai, wo hi syndicate raj se mukti dila sakti hai , wo hi mafiyaon se mukti dila sakti hai. isliye pure pradesh mai ek vatavaran bna hai janta virudh mamta , mamta virudh janta. janta mamta ji ke virudh hai bilkul aur yeh hi karan hai , hum pehle din se keh rhe hain ki 200 seat jitenge aur vishwas hai ki aaj 135 seato ke chunav ho chuke hai. kam se kam 100 seato par BJP jitne wali hai. mai kam se kam bta rha hoon 100 seat par BJO jitne wali hai jabki abhi 4 charan baaki hai toh hum lagbhag 200 seat ke aas pass pahunchenge aur jo bhi swikarati di hai wo yahan ke vatavaran ko yahan ke rajnitik vatavaran ko dekh lengi. ",0
08:27 ,(anchor), theek hai. nhi kailash ji yeh jo aap bta rhe hain ki 135 mai se 100 jeet rhe hain aap. PK ne btaya na aapko immandaari se btaiega. ,0
08:38 ,(speaker 1)," nhi PK ne nhi btaya hume. hum maidaan mai ghum rhe hain mai 5-6 saal se hoon. PK ji ko toh yahan aaye hue 6-8 mahine hue hain. wo AC mai baithte hain, mai galli galli mai dhoop barsat thand sab mai ghuma hoon aur hmare saath hmara netritva PM ,amit shah ji, nadda ji sab ne prateek zillon ke jaakar maahol ko dekha hai, bnaya hai , samjhaya hai logon ko vishwas dilaya hai tab jaakar yeh paristithiya utpan hui hai.  ",0
09:07 ,(anchor)," dekhiye kailash ji, aap raajnitik ke bohot manje hue khiladi hai lekin itna toh mai bhi samajhta hoon ki rajniti mai achanak kuch nhi hota hai. kuch bhi itefaak ya sanyog nhi hota hai ki achanak se 4the charan wale din PK samne aa rhe hain aur surrender kar rhe hain ki hum toh haar gye, didi toh gyi. 2 may didi gyi. itna itefaak nhi hota hai. kahin PK ne mamta ke sath yeh toh khela kar diya aapke zariye? ya aapne PK wala khela kar diya ki PK kahin taala badal rhe hain. aisa toh ho sakta hai na matlab . sawal toh mai puch hi sakta hoon. ",0
09:39 ,(speaker 1)," aman ji aap bohot acche patrakar hai bade patrakar hai aur mai samajhta hoon ki aap thoda sa gand mand kar rhe hain . gand mand kaisa hai ki PK ek businessman hai. aur jaisa aapne kaha ki mamta ji ke chanakya hai PK aur BJP ke chanakya hai amit shah toh aap unki tulna mat kariye. wo toh businessman hai aur yeh toh committment ke saath. committment ke saath ideology ke sath wo kaam kar rhe hain BJP ke sath. PK ka committment paison ke karan hai, wo yaha par koi charitable trust chalane toh aaye nhi hai. wo paisa kamane aaye hai toh paisa kamate kamate unhe ehsas ho gya ki meri ranniti fail ho gyi toh unhone swikar kar liya. ab wo rajneta toh ha nhi, aap unhe raajnitik drishti se dekh rhe hain aap rajneta ki drishti se matt dekhiye ek vyavadi drishti se dekhiye isliye mai keh rha hoon ki aapka soch thoda sa gadh madh hai. ",0
10:41 ,(anchor)," nhi gadh madh kaise matlab mujhe btaiye na mukul roy, suvendu adhikari sab ek ek karke 4the charan mai bayaan kahi PK bhi na pala badal rhe ho kyunki aapne kaha ki businessman hai bhai. jahan behtar dhanda wahan par. PK ke sath PK wala khela toh nhi kar diya na. aap imaandaari se koi khabar toh dijiye mujhe . aisa toh ha nhi ki sahi ho gya achanak se ho gya kailash ji. yeh toh aap bhi jaante hain. ya mai wait karun 2 tareek ka.  ",1
11:08 ,(speaker 1), haan wait toh karna hi padega kyunki jo aapki shanka hai wo mai nhi kehta ki shanka koi aapki galat hogi par mai abhi usko swikar nhi karta hoon aur aisa nhi hua yeh mai keh sakta hoon. ,0
11:24 ,(anchor), accha aap deny nhi kar rhe hain ki PK ne didi ke saath ho sakta hai khela kar diya aap deny nhi kar rhe hain isko. ,0
11:31 ,(speaker 1), mai iss baat ko swikar nhi karta. everything is  possible in love and war aisa log kehte hain. lekin isme meri koi bhumika nhi hai . ,0
11:44 ,(anchor)," kailash ji bas ek aur cheez bta dijiye ki yeh kaise ho gya ki PK itni jaldi surrender kar rhe hain. kuch toh raaz hoga na, PK surrender mode mai hai. modi jeet rhe hain , modi cult hai, modi lokpriya hai, didi ke khilaf gussa hai, didi appeasement didi ko lekar appeasement hai. wo kaise itni jaldi surrender kar rhe hain PK? koi khela toh hai iske piche jo hum samajh nhi paa rhe hain ya aap bta nhi rhe hain.  ",0
12:14 ,(speaker 1)," nhi yeh PK ji se puchiye lekin mai iss bhumika mai kahin par bhi nhi hoon mai itna janta hoon ki hum logon ne imaandaari se mehnat ki hai, kaam kiya. modi ji ne bhi ek din mai 2-2 sabhae di hai. amit shah ji ne pure pradesh ko ronda hai, nadda ji ne pure pradesh mai apni sabhae, apni prastuti darj karwai hai. hume marg darshan diya hai. toh hmari mehnat hai aur hmari mehnat bhi hai aur saath mai mamta ji ki sarkar ki asafalta hai, soshan hai, prakarma hai, lok tantra ki hatya hai, hinsa ki rajniti hai iss sab ke karan yeh sab jo sambhav hua hai yeh aisa mera manna hai. aman ji aap kuch bhi soch sakte hain, aap swatantra hai sochne ke liye. ",0
12:54 ,(anchor), theek hai toh bas jaate jaate keh dijiye PK palla nhi badal rhe yeh kailash ji keh rhe hain rashtriya mahasachiv bangal ke prabhari aur PK palla nhi badal rhe. yeh keh dijiye toh mai chala paunga break ke liye. ,0
13:08 ,(speaker 1)," mai aisa bhi nhi kahunga mai kahunga ki hum jeet rhe hain, hum 200 seato se zyada seat se jeet rhe hain aur BJP ki sarkar ban rhi hain. wo palla badal rhe hainya nhi badal rhe yeh unse puchiye.",0
13:23 ,(anchor), abhi kuch bhi nhi batayenge aap?,0
13:27 ,(speaker 1), itni saari baat bta di aur kya bataun btaiye?,0
13:31 ,(anchor)," chaliye jaate jaate bas ek aur cheez bta dijiye aaj aap jante hai ki hinsa bhi hui hai bihar mai aur wahan par dukhad maut bhi hui hai, diring bhi hui hai. usko lekar derek o brian keh rhe hain ki harra nhi sakte toh raste se hatta rhe hain. aapke haath khun se range hue hain issi ne DG change kar diya, ADG change kar diya, ilake ka SP chage kar diya. wo aap par aarop laga rhe hain. derek ibrahim se lekar mamta bannerjee puri TMC.",0
13:57 ,(speaker 1), dekhiye yeh toh chunav aayog ka faisla hai. agar chunav aayog ne adhikari badle toh kuch soch samaj ke badle honge toh iss barein mai toh koi tipani nhi karunga.  par hum koi gujrat se yahan koi adhikari toh nhi baithaenge . bengal ke adhikari pehli baat. dusri baat mai yeh saaf kehna chahta hoon ki 95% polling par bohot ke vote matdan hua . abhi tak jab mai aapse baat kar rha hoon 70% se upar matdan ho chuka hai shanti purn tareeke se. 4-5% polling booth par chutput ghatnae jisme pushpvihar ki badi ghatna hai aur isme yeh kehna ki koi badi hinsa hui. koi badi hinsa nhi hui. chunav aayog ne aur central force ne iss hinsa ko rokne ka kaam kiya hai aur isme hinsa ka prati hinsa kya hui iss par koi tipani nhi karunga par kyunki maut hui hai jo meri samvedna hai parivar ke sath. ,0
14:48 ,(anchor)," magar wo aarop laga rhe hain ki BJP ki grah mantri ke aadesh par aisa hua, cisf goli baari aap logon ne karaya yeh sab. ",0
14:56 ,(speaker 1), dekhiye jo mujhe jaankari prapt hui hai ki vahan par barman naamak rajvanshi samaj ka ladka vote daalne khada hua tha jisko raat ko dhamkaya tha ki vote daalne nhi jaoge. wahin par usko goli maar di aise mujhe jaankari prapt hui hai. fir uske baad wahan par hinsa bhadki hai. wo bheed ne central force ke hatiyaar chinne ki koshish ki hai aur unhone wahan par goli chali aisa kuch mujhe jaankari prapt hui hai. mai isko roop se nhi bta rha hoon par jo mujhe jaankari prapt hui maine aapko btadi. ,0
15:30 ,(anchor)," bohot bohot shukriya kailash ji, aap keh rhe hain 135 mai se 100 seete aap jeet rhe hain haala ki 4 charan ka aaj pura hone jaa rha hai. shukriya aapka samay nikalne ke liye aur hmare sath judne ke liye. hmare sath waris pathan owaisi ki party se live judd chuka hain, TMC se mere sath manav jaiswal hai, RP singh BJP ke pravakta aur alok mehta senior journalist mere sath judd chuke hain. aap sabka bohot bohot swagat. sabse pehle manav jaiswal, pehle hi surrender kar diya modi ji jeet mamta ko kubul? prashant kishore keh rhe hain.",0
15:58 ,(speaker 2)," yeh saare panelist ko aur aapko namaskar. aaj bangal mai ek lok tantra ka parva hai jisme bohot hi samvedna hai meri uss parivaar ki vajah se jo nishad hai. 4 hmare bengal ke citizens jinko aap bolenge nagrik bolenge unki mrityu hui hiai jisme se ek first time voter the aur yeh bohot hi dukhad hai aur mai apeksha karta hoon ki pura desh isko dsangyan dega ki jis tarah se cruel vyavastha chal rhi hai bangal mai. yeh sab isliye ki kisi bhi tarah se bangal ki jo smriti hai , bengal ki jo shalinta ka swabhav hai aur bengal jo sundar hai usko kisi bhi tareeke se khandit kiya jaye. logon mai ashvasan diya jaye jis tareeke se ek chronology bnai jaa rhi hai. aaj uska antim drishya hmne dekha ki ant yeh hi hai ki logon ko marr diya jaye. logon ke upar goliyan barsai jayegi , logon ko chun chun ke maara jayega. yeh ek bohot dukhad hai. hmari samvedna CRPF jawano se bhi hai kyunki wo hmare jawan hai unka bohot yogdaan rehta hai hmare desh ki security par lekin unfortunately kuhc log hai jo mile hue hain jo shayad central forces ke through BJP ke karya ko sidh karna chahte hain. dukhad hai aur jahan tak jis mudde par aap baat kar rhe hain agar BJP ko itna hi bharosa hote prashant kishore ji ke statements par hai toh unhone yeh cheez toh boli hai kuch din pehle bhi boli , aaj bhi bola hai , kal bhi bola ki BJP 3 ka aakda par nhi kar payegi aur hmara yeh manna hai ki BJP 50 seato mai bhi nhi jitege. yeh hmara manna hai, kyun kyun nhi jitegi? kyunki bangal  ",0
17:43 ,(anchor), aapko hai manav ji aapko prashant kishore par bharosa nhi hai? aapko prashant kishore par bharosa hai ya nhi hai? kyunki prashant ke swar ko modi ki jeet par bharosa hai. kya aapko prashant kishore par bharosa hai ya nhi? ,0
17:56 ,(speaker 2)," nhi nhi sir. aapne shayd sir unki puri statement aur puri unki jo audio clip wp pura hai nhi wo toh ek chand ka hai . usko aapne sunna hai aur uske through aapne apni samikaran bna li hai. yeh hi baat hai BJP ki BJP ne jo chashma pehna hai ya jo durbeen hai unki wo na dur ka dikhta hai na pass ka wo been wali durbeen hai . sirf been hai durbeen bhi nhi hai na unko bhavishya ka gyan hai, na vartmann ka. wo bhutkaal mai jitte hai. 2019 ke aakde ko lekar age bhad rhe hain. unko wo hi cheez acchi hai unke liye. vartman mai unko dikh nhi rha hai ki jab vahan JP nadda aate hain unke vahan bheed nhi hai, unki flight cancel ho jati hai, amit shah ji tapakna chahte hai wapas udd jaate hain toh yeh sir unke diggaj pracharak hai jinko jagah mai wahan pohonch nhi paa rhe hain. ",0
18:41 ,(anchor), theek hai manav ji ,0
18:44 ,(speaker 2), sir sunn lijiye 100 seato ka aakda nhi cross kar payegi BJP.  ,0
18:49 ,(anchor), manav ji chaliye theek hai. ,0
18:54 ,(speaker 2), aur BJP ka zyada bharosa hai prashant kishore ji par. ,0
18:54 ,(anchor)," theek hai yeh kahan manav ji aapko unko gyan nhi hai , kisiko gyan nhi hai . prashant kishore ko toh gyan hai isliye wo mamta ke salahkar hai . prashant kishore ko toh gyan hai isliye wo mamta ke chanakya hai aur agar prashant ksihore keh rhe hain ki TMC ke khilaf gussa toh hai 20 saal tushtikaran toh hua hai. aur saath hi dalit vote modi ko , mathua vote modi ko, modi bangal mai lok priya, modi ki cult jaise chavvi, BJP ki laddu wahan ke log chakhna chahte hain. blatant use of appeasement, anti incumbencey toh hai . ab prashant kishore toh agyani nhi hai na sir. wo toh bade gyani aadmi hai mere khyal se aur mamta ke salahkar chanakya hai aur wo aapse bade hai. wo aapse toh bade neta honge. mai unki baat par bharosa kar sakta hoon ki didi ke khilaf anti incumbence hai.",1
19:47 ,(speaker 2)," sir pehle toh aap mujhe bta dijiye ki prashnat kishore neta hai  ki wo kaunsi party ke neta hai  yeh bta dijiye shayad mujhe iska gyan nhi hai aapko zyada hai. ab dusri baat mai aapko bol deta hoon. chanakya jo shabd hai wo BJP ka patent hai . humko humko bohot mubarak hai. unke pass bohot chnakya hai jo pehle bolte hain 150 seat jitnege gujrat mai , 99 mai atak jaatein hain. bolte hai 60 seat layenge dilli mai, 7 mai attak jate hain.lekin fir aap unse puchne nhi jaatein hain. yeh hai unke chanakya ab mai unka naam nhi lunga warna aapko lag jayega khair ab kyunki aapko bhi duty karni hai. bura mat maniyega sir. seedhi baat kar rhe hain. ",0
20:20 ,(anchor)," manav ji, manav ji aap kisi ka bhi naam lijiye. mereko nhi bura lagega lekin prashant kishore ke naam par aapko bohot bura lag rha hai. aap kisika bhi naam lijiye koi humko koi farak nhi padta sir. lekin prashant kishore ka mai naam le rha hoon toh aapko kyun bura lag rha hai itna. prashant kishore apke election strategist hai. prashant kishore TMC chala rhe hain yahan tak kaha jaata hai. mamta ke bharosemand hai, mamta ke chanakya hai sir. agar prashant kishore ke rhe hain ki bangal ke longon ko modi mai bhagwan dikhta hai prashant kishore ke rhe hain modi mai bhagwan dikhta hai toh bhagwan ko hara rhi hai wahan ki janta. modi cult jaise hain. RP singh ",0
21:06 ,(speaker 2), yeh aap bolna chahte hain ,0
21:08 ,(anchor)," mai nhi sir prashant kishore. arre sir aap prashant kishore par bharosa hai ya nhi hai. agar TMC ke neta ka prashant kishore par bhi bharosa nhi hai toh mai kya krunga sir. manav ji aap mere par bharosa mat kariye, BJP par mat kariye, prashant kishore par bharosa kariye. ",0
21:32 ,(speaker 2), jaise asaram bapu ko cult ka darza tha jaise aapke osho the kuch zamane pehle. ,0
21:35 ,(anchor)," chaliye RP singh, theek hai. ",0
21:37 ,(speaker 2), jinko bhagwan rajnish bol diya jaata tha unke upar bhi hum toh sir wo hi bol rhe hain. abhi kabhi kabhi sir jo huliya ho jaata hai logon ka toh lag jaatein hai asaram bapu. ,0
21:44 ,(anchor)," chaliye theek hai manav ji, manav ji yakin maniye mujhe , manav ji yakin maniye. mujhe iss baat ka bilkul andaza nhi tha , mujhe bilkul ilv nhi tha ki aap prashant kishore se bhi bade neta hai aur prashant kishore ki bhi baat aap kaat sakte hain. mujhe ilv nhi tha sir. ",1
22:03 ,(speaker 2)," prashant kishore koi neta nhi hai sir, yeh aap mujhe bataiye na sir kaunsi party ke nata hai. ",0
22:05 ,(anchor)," matlab unki baat ko aap kaat sakte hai aap unse bhi bade neta hai chaliye theek hai. sir aap prashant kishore se bade chanakya aap hai. iss waqt TMC ko jitane ki zimmedaari aapki hai . election startegist hai , mamta ke right hand hai, mamta ke chanakya hai. TMC ko chla rhe hain. agar wo mann rhe hain toh aap unse behtar jante hain. mujhe nhi pta tha sir. theek hai mai waris pathan aapke pass aun usse pehle RP singh aapke pass aa rha hoon. sir aap kyun gussa ho rhe hain prashant kishore par itna gussa theek nhi hai. prashant kishore par itna gussa theek nhi hai manav ji. RP singh, RP singh  ",1
22:46 ,(speaker 2), national TV hai mai mazzak  ,0
22:48 ,(anchor), ji lijiye sir aap prashant kishore ki baaton ko hasyastak lijiye mai wo hi keh rha hoon jo prashant kishore ji keh rhe hain. chaliye RP singh. ab bas kariye na sir. ,0
22:58 ,(speaker 2), aap kaunsi party ko reflect kar rhe hain. aman ji sir bta dijiye sr bta dijiiye. aman ji sir bta dijiye na sir aisa mat kijiye. ,0
23:00 ,(anchor), theek hai sir RP singh RP singh BJP ke neta RP singh sahab khush toh bohot honge aap log. chunav se matlab natijon se pehle hi surrender mode mai kaise hai prashant kishore. kya deal hui hai bta dijiye na RP singh. ,0
23:19 ,(speaker 3)," aman ji mai apeksha karunga ki maine TMC ke vyakta ko bilkul toka nhi unka jo aarop jo aakshep jo kehna chahe kaha . maina toka nhi , mai apeksha karunga ki wo bhi beech mai tokenge nhi. acchi baat nhi hai. seedhi seedhi baat hai jo TMC ki neta baithe hain inse pucho kabhi didi ke sath baithkar nashta kiya hai kabhi? prashant kishore toh roz baithte hain, subha shaam baithte hain, charch karte hain , unke saath unke dinning table par unki roz charchae hoti hain. sabko toh wo hi btate hain ki TMC kaise chalani hai. aaj TMC se jitne neta bahar gye hain jo neta bahar gye hain wo isliye hi bahar gye hain ki wahan par wo kehte hai ki prashant kishore ki zyada kadar hai. humko pucha nhi jaa rha, sab yahan prashant kishore kar rhe haintoh bada spasht hai ki prashant ksihore aaj TMC ko piche remote control se chla rhe hain. isme wo kahe toh mia yeh mann leta hoon mai sadasya nhi honge parantu strategist hai, aap chankiye nhi kehna chahte mat kahiye lekin strategist toh hai aapke wo. aur wo strategy ke hisab se kahan kitna kaun aadmi kitna paisa lega kaise hoga sab jankari hai unke pass. wo sab kuch chinta karte hain. wo kahan par kya survey hai uska outcome kya hoga , kaunsa candidate teh hoga, kaunse candidate dalega yeh bh wo teh kar rhe hain. wo aap nhi teh kar rhe sir wo jo inhe ticket teh ki prashant kishore ne teh ki kaun kaunse MLA kahan kahan se ladega . kaun kisko kahan ladana hai kahan nhi ladana hai. kaun kaun issues honge, kiske issue par mamta bannerjee par ko bolna hai, kitni galli mamta bannerjee ko nadda ji ko deni, kitni amit shah ji ko deni, kitni modi ji ko deni hai. wo sab prashant kishore hi toh teh karta hai. yeh thodi na teh karte hain. pucho baar baar mamta bannerjee ubal kar gusse mai badhakkar jo jai shree ram ka naara lagaega usko jail bhejna hai wo bhi prashant kishore teh karta hai . yeh thodi na teh karte hain. par prashant kishore ke muh se sach nikla hai , wo candidly nikla hai. wo ek baat cheet ke dauran nikal gya muh se ab wo keh rhe hain ki pura nhi toh hum toh keh rhe hain ki bhaiya aap pura suna do. galti se hmare pass toh itna hi hissa aaya hai. aap pura sunna dijiye taaki aur bh khulasa ho jaye ki aur kya kya bola hai aapne didi ko lekar. ya aap iss prakar bata rhe ho ki vishleshan kar rhe ho ki didi ka chunav kis prakar harr rhi hain wo. asal mai wo inhone socha tha ki wo yeh sab ka sab yeh analysis 2 may ke baad present karenge wo kahin par pehle kahin leak ho gya.unka dikkat iss baat ki hai, sach yeh hai ki prashant kishore ne jo sach hai zamini hakikat hai wo biksan kar di . ab wo theek hai ki wo keh rhe hain ki nhi nhi 100 seato se kam aayengi. agar bhaiya 100 seato se kamm ayengi agar mai unki baat mai dobara",0
25:37 ,(anchor), kaise kar li khela batae na kaise kar li? ,0
25:43 ,(speaker 3), arre mai btata hoon parantu wo jo 100 seato ka kaam bta rhe hain parantu uske baad bhi wo keh rhe hain ki modi ji ke pass 20% toh cult vote hai. mai nhi keh rha log modi ji ko bhagwan mante hai. fir wo keh rhe hain ki mathua vote aur pichwa vote toh 75% modiji ko jaa rha hai aur BJP ko jaa rha hai. sach yeh hai ki 75 nhi lagbhag 95% tak vote jaa rha hai. iss baar didi ko mathua vote padh nhi rha pichda jaati ka vote padh nhi rha wahan par. wo yeh keh rhe hain ki wahan reverse polarisation hogi pehli baar reverse polarisation hui hai khud mann rhe hain. hum nhi keh rhe ki ab tak sirf muslmano ki polarisation hoti thi iss baar reverse polarisation hui hai. hum ne thodi na ki hai. humne thodi na kaha tha ki hai. wahan par maulviyon ko baaki logon ko aap takha lagao . humne thodi na kaha tha wahan par durga puja ,0
26:24 ,(anchor)," RP singh ji mai bhi toh keh rha hoon wo wahan par kaise keh rhe hain aise hi thodi na keh rhe honge. wo keh rhe hain ya kehlvaya jaa rha hain unse. 4the charan mai wo hi keh rha hoon itna bada sehyog itna bada itefaak rajniti mai nhi hota na. isliye yeh hi swal mai baar baar samajhna chah rha hoon. achank se wo palla badal rhe hain, badalne wale mood mai hai. modi bhakt ho rhe hain, BJP bhakt ho rhe hain. mathua bjp ke sath, dalit samaj bjp ke sath, bhagwan modi, mamta ke khilaf anti incumbency. mere sath waris pathan owaisi ki party ke hai. wo bhi aaj bohot pareshan hue. owaisi sahab bhi bohot pareshan hue lekin ek cheez toh aap waris bhai dekh rhe hongeya seekh rhe honge ki tushtikaran ki bimari padh rhi hai bhari. isse aap logon ko bhi boht seekhna chahiye na. appeasement bahari padh rha hai yeh prashant kishore mann rhe hainki 20 saal sirf tushti karan ka khela hua hai yahan par. appeasement bhari padh rha hai isse aap logon ke liye koi sabak? waris bhai.",1
29:50 ,(anchor), toh yeh sunna aapne yeh ek tarah ka honest confession aap keh lijiye. hmare saath alok mehta hai senior journalist patrkar hai. alok ji aap se pehle sambhavta maine toh nhi dekha ki kisi party ka koi mukhya strtegist natijo se pehle aise surrender mood mai ho. ,0
30:07 ,(speaker 4), dekhiye aman ji aapki saari baat sunni . wo khud yeh mann rhe hai ki pura reese kar dijiye jaisa abhi aapke BJP pravakta ne kaha unk pura karna chahiye lekin sahi baat yeh hai ki prashant kishore ek businessman ha ya kaho ek PR wale hai aur ek matvakanshi neta bhi hai. mai apne jaiswal ji ko dhyan dilaunga ki wo rajya sabha ki seat ke liye kahan kahan darr darr nhi thoka. unhone kejriwal ke per chuhe. kabhi congress ke chuhe. shuruwat mai aaye the toh samjha tha ki modiji ko mai jita rha hoon tab toh modiji ki leher isse bhi zyada chal rhi thi. aaj bengal se zyada leher uss samay chal rhi thi jab modiji aaye jisme prashant ksihore ne kaha ki maine jita diya. wo galat fehmi hai wo fir yahan se kuch nhi mila . fir nitish kumar ke darwaze par gaye. wahan se bhi kuch nhi mila toh AAP congress par bhi unka abhi dukan chalani hai toh mamta ko gaali dekar kyunki abhi congress unka saath di nhi toh wo apni dukan chla rhe hain. aur reality mann rhe hain toh mai toh manta hoon ki jaiswal ji unse zyada kabil neta toh hai kamse kam party ke toh nishtavan hai .aise dalalo ko jo partiyan rakhti hai wo hi durbhagya desh ka hai. yeh isliye yeh dala sahi baat bol rha hai. wo keh rha hi ki hmari party tum log galatfehmi mai mat rho jo survey wale kisse keh rhe patrakar se keh rhe. wo reality ko accpt kar rhe beech mai fir gol gol CPM ko kehde ki haan bhai CPM wale tumhari gadbad hai hum toh iske liye keh rhe the. kyunki unko malum hai ki wo kahin kabhi kehte hain ki hum kahin videsh mai bade sansthan mai kaam karte the. mai naam nhi le rha hoon. bade sansthano ka naam lekar yahan par jaise likh dete hain foreign return doctor kahin hota hai na neem hakim type wo bhi apne ko foreign return keh deta hai chahe travel trip par gya ho issi tarah se prashant kishore ko mamta ji ne ya jin partiyon ne abhi toh rahul ji abhi toh punjab mai laga rhe na unki dukan. kya hone wala hai? wo baida garg karenge. bharat ki rajniti ko baar baar destabilize karna partiyon ko khatam krne ka. ,0
32:01 ,(anchor)," lekin abhi dukan band thodi na hui na, 4 charan hi hui hai na abhi. ",0
32:05 ,(speaker 4), bilkul wo unko malum hai ki aap harr rhe hain. ,0
32:10 ,(anchor), abhi toh dukan nhi band hui na ,0
32:12 ,(speaker 4), abhi se keh diya unhone kaha tha rajniti mai chala jaunga yadi harr jayengi . abhi ho sakta hai wo firse interview mai kehde wo toh ab jae. vida abhi se lele pehle gale 4 ko chod dein aur chale abhi america chale jayein jahan se aaye the. yahan ki rajniti chodna chahte hain na toh abhi se announce kar dijiye na bhai. ,0
32:30 ,(anchor), theek hai ab waris pathan tak awaaz pohonch rhi hai. waris bhai tushtikaran bahri padh rha hai didi par? samajh rhe haina aapke liye bhi koi message hai isme chupa hua message? tushtikaran didi par bahri padh rha hai. samajh rhe haina ,0
32:44 ,(speaker 5)," yeh aman bhai sabse pehle toh aman bhai mai maafi chahunga mujhe kisi ki awaaz sunai nhi di kyunki shayad iske andar koi problem tha isliye logon ne jo kaha panelist ne proper iss samay sunn nhi saka lekin mai jo bhi sunn rha hoon dekh rha hoon samajh rha hoon toh mujhe aisa lag rha hai ki sabse pehle toh aman bhai hum log ek democratic country mai rehte hain . democracy mai free and fair election hona chahiye. kya bengal mai ho rha hai free and fair election? aaj hi aap dekh lijiye kupbihar ke andar hi 4 logon ki jaane chali gyi toh kahin na kahin election commissioner ko iss baat ka sangyan lena chahiye humko free and fair yeh violence nhi chahiye. violence mai aap dabav daal rhe ho log vote daalne nhi aayenge toh kaisa chalega election mai. ab baat number 2 dusri baat yeh rhi ki tushtikaran ki rajniti ki jo aapne baat kaha toh west bengal mai chunav mai dekhaya jaa rha hai aman bhai ki ek hoard lagi hui hai ek competition hai ki sabse bada hindu kaun. pehle majority mai appeasement ki baat chali. modi ne kaha mai bada hindu hoon . mamta didi ne chandi padh pada padhiye. mamta didi ne fir kaha ki mera gotra shandiliya hai. unhone upper caste ko brahmins ko apish karne ki koshish ki toh wahin nhi ruki mamta didi toh fir wo aa gyi ki muslmano ki taraf ki saari community ek ho jao unite ho jao aur humko vote karo. chalo didi kyun aapko vote karegi community   btaiye mujhe? 10 baras se toh aap west bengal mai rule kar rhe ho aaj bhi mere pass data hai jo data bta rha hai ki aman bhai aap malda murshidabad ki taraf dekh loge toh 80% aaj bhi jo muslman hai 5000 rupay ke niche kama rha hai. 70% muslman hai wahan par bengal mai lekin highest rate jail ke andar muslmano ka hai. 37% kiski vajah se ho rha hai? kyun ho rha hai. 11% muslim hai sirf higher education mai toh kyun. toh aapne muslim ki development ke liye kya kiya . fir kundu community ka report hai sacchar community ka report hai jo left ki taraf bhi darshata hai toh kahin na kahin bengal ka jo muslman hai usko aisa lag rha hai ki mamt didi ne toh keh fiya ki yeh toh laat bhi maregi toh dudh dene wali gaye hi hai toh wo bhi cheez ko lekar logon ke andar ek aakrosh sa hai aur ab prashant kishore political strategist ab wo ek baar politics mai fail ho chuke. ab unhone ek din aakar keh diya ki agar BJP double figure par chali jayegi toh mai twitter handle se nikal jaunga. ab kal wo interview par interview de rhe the aur wo appeasement unhone khud dekha ki ek wahan par incumbance factor hai. arre yeh toh aap kar rhe ho communalism majoritism ke liye . aap yeh bhi toh btao aap muslmano ke upar aap kyun ilzam laga rhe ho. muslmano ne toh aap par bharosa kiya, aapko vote diya lekin aap hi khare nhi utre. aap hi ne unke development ke liye unke vikas ke liye koi kaam nhi iya toh muslman kya karega? ab hum log jab jaa rhe hain aman bhai jabse asad owaisi ne declare kra ki hum chunav ladenge west bengal mai uss din se aap mamta didi ke statement dekh lijiye hmare liye. bhale hi hum 7 seat par ladd rhe hain magar unka bhaukhlahat aur tension unke words se aa rha hai. kabhi humko B team bta deti hai  toh kabhi C team bna deti hai toh kabhi bolti hai ki yeh lekar aaye. arre mamta didi aisi baat nhi hai aapko self mai introspection karna chahiye. hum toh pehle chunav nhi lade the MP ka aman bhai kyun inki 18 MP jeet gyi BJP ki ab inke bade bade varisht neta hai jo TMC ke wo toh chod chod ke jaa rhe hain BJP mai. ",0
35:46 ,(anchor), waris pathan lekin tushtikaran ki bimari didi par bhari koi lesson aapke liye. yeh mera sawal tha na. koi lesson aapke liye.,0
36:04 ,(speaker 5), dekhiye aman bhai simple hai ki dekhiye leason toh sirf yeh hai ki aaj ki tareek mai pehle yeh dekha jaa rha tha ki ek taraf yeh left hai congress hai mamta didi hai aur dusri taraf BJP hai. inke pass koi option nhi tha logon ke pass aman bhai. wo 70% muslman aur jo dalit hmare bhai behen hai koi option nhi tha unko wo vote dete the. aaj AIMIM jab utri hai chunavi rann mai bhale hi hum 7 seat par lad rhe hain magar logon ke pass kahin na kahin ek option dikh rha hai. unko AIMIM ek option ki taraf se dikh rhi hai. unko dikh rha hai asad owaisi shayad wahid ek desh mai wo aadmi hai jo samvidhan ke dayre mai rehkar apni baat rakhta hai. smavidhan ko protect karne ke liye ladta hai . har maznubhu ki har minority ki har dalit bhai behen ki awaaz banta hai chahe parliament mai ho debate mai ho public meeting mai ho toh asad owaisi hai toh kyun hum unke saath nhi  jaayein? humne sabko azmah liya . ek martaba kyun owaisi ki party ko nhi azmae toh yeh hi west bengal ka jo ek aam nagrik hai mai aam nagrik bol rha hoon . ,0
36:59 ,(anchor), waris bhai ek na kahavat hai. ,0
37:06 ,(speaker 5), hmara hindu bhai behen bhi humko vote dega aur mai yeh hava mai baat nhi kar rha hoon. humne example set kiya hai gujrat mai aap dekh lijiye. ,0
37:11 ,(anchor), ek na kahawat hai ki jab aap appeasement par lecture dete hain toh secularism communalism par itna lecture dete hain na toh ek kahavat hai na kehte hai na ki soup bole toh bole chalni bhi bole jisme 72 ched. wo aap par bilkul fit beithti hai. aap log jab communalism aur secularism par lecture dete hain jabse debate mai baithe hain tab se muslman muslman ki ratt lagae hui hain. aapne mujhe ginna diya ki itne muslman ki itni % naukri itne muslman ki itni jagah. aapne yeh kyun nhi bola ki itne bengali? aapne yeh kyun nhi bola itni bengali.nhi bola na aapne. aapne bola itne muslman itne dalit. ,1
37:48 ,(speaker 5), haan haan aman bhai mai wahin aa rha hoon. hota yeh hi hai  ,0
37:50 ,(anchor), toh wo hi wali kahavat aap par bilkul suit karti hai. haanji  ,1
37:56 ,(speaker 5), wo toh hota yeh hi hai ki hum aha bhi karte hain toh ho jate hin badnam aur wo katal bhi karte hain toh charcha nhi hota. yeh hota hai hum logon ke sath . agar mai yeh kahuna aaj ki tareekh mai ki saari muslman ek hojao aur AIMIM ko vote do toh mujhe communal bna diya jayega. mujhe anti national bna diya jayega. pakistan ki ticket dedi jayega lekin aaj mamta bannerjee ,0
38:17 ,(anchor), kitni baar toh keh chuke hain aur kitni baar kahenge? kitni baar toh keh chuke hain aur kitni baar kahenge. kitni baar toh keh chuke hain 100 crore 15 crore sab hara hara kar dunga. asad owaisi sahab hara hara kar dunga. 100 crore 15 crore aapse zyada hindu muslman aapne toh phd kar rkhi hai hindu muslman par. aap sikhaenge hindu muslman. soup bole toh bole chalni bhi bole jisme 72 ched. aap sikhaenge hindu muslman. dekhiye wo bhi . aap sikhaenge? aapki party ka naam kya hai. mai uss taraf isliye nhi jaa rha hoon. khair manav ji se mai comment le leta hoon . manav jaiswal kuch bolna chah rhe hain. TMC ke.,0
38:55 ,(speaker 5), yeh jo so called secular hai congress ya toh shiv sena ke saath mai satta mai baithi hai maharashtra ke andar. yeh jo so called secular party aap bol rhe ho na congress. ,0
39:04 ,(anchor), toh apne aap ko secular kehna chod dijiye. secular ko ek gaali bna diya hai aap logon ne. secular kehna chod dijiye apne aap ko . jab ek dharm ki baat karenge toh aap secular nhi hai. apne aap ko secular kehna chod dijiye. gaali ho gyi hai ab toh secular aap logon ke chakar mai. manav jaiswal ko bolne dete hain na TMC ke. ,1
39:27 ,(speaker 2), sir jahan par hmara sawal hai bengal ki varisht bhumi mai jis tareeke se mamta bannerjee ne apne karya ka nirvah kiya hai. ,0
39:35 ,(anchor), manav manav jaiswal. ,0
39:41 ,(speaker 2), mai hi bol rha hoon. mai bol rha hoon ki kis tarah se bengal ki varisht bhumi mai karya ka nirvah kiya hai pichle 10 saalon mai aur 2016-17 ke baad jis tarah se pure hindustan ki arth vyavastha ko jo chil mila diya hai aur mahamari jaisa rog yeh berozgaari ho gyi hai uske liye toh jo jiska daitva jiska hai jisne uski daitva li thi ki mujhe 50 din diya jaye unse toh koi prashan nhi pucha jayega lekin fir bhi wo apne karya ka nirvah karte hue btate hain ki jab hum kanya shiv dete hai toh hum kisi beti se nhi bolte ki uska dharm kya hai. jab mai saas ko sakhi dete hain toh chauvan lakh log hmare dware dware darkar ki jo scheme hoti hai jisko lene ke liye. ,0
40:15 ,(anchor), nhi toh fir yeh prashant kishore kyun keh rhe hain ki aap log appeasement kar rhe the? prashant kishore kyun keh rhe hain ki aap log blatant use of appeasement kar rhe the? minority appeasement. ,0
40:28 ,(speaker 5), aapke political strategist hai unhone kaha ki aap minority appeasement kar rhe the unhone saara blame uthakar minority par daal diya toh prashant kishore hai ki nhi aapke saath ya chod diya party. 2 may se pehle hi chale gye ya aaj bhi aapke saath hai? ,0
40:45 ,(speaker 2), matlab waris sahab aap log development karna chahte hain yeh aman sir ne bta diya ki kaunse statement se development aap karna chahte hain kaunse 70 lakh 50 lakh figure hai mujhe nhi pta lekin mai aapko bharat ki party mannta hi nhi hoon sir.,0
41:06 ,(anchor), manav aap appeasement kar rhe hain ya nhi kar rhe hain. prashant kishore keh rhe hain aap keh rhe hain nhi kar rhe. mai prashant kishore ko galat keh sakta hoon? mai na manu prashant kishore galat keh rhe hain? manav jaiswal keh rhe hain ki prashant kishore galat theek hai? ,0
41:27 ,(speaker 2), sir hans jaise daan chugta hai uss tarah se aap prashant kishore ki baatein chugte hain. prashant kishore bol rhe hain double aakda cross nhi hoga wo aapne nhi sunenge. prashant kishore jo bol rhe hain wo aapke mutabik jo agenda hai rss jo bjp ka agenda hai hum toh apni baat keh rhe hain. ,0
41:43 ,(anchor), nhi nhi sir uske liya aapko bulaya hai na aap keh rhe hain prshant kishore galat keh rhe hain. ho sakta hai aapko manav jaiswal ho sakta hai manav jaiswal ho sakta hai aapko did ne kaha ho ki prashant kishore ko attack karo. ho sakta hai manav jaiswal ho sakta hai aapko did ne kaha ho ki prshant kishore par attack karna ho debate mai . ho sakta hai aapko mandate didi se mila ho. aap khulkar bataiye kyunki aap seedhe seedhe bol rhe hain ki prashant kishore galat . aap prashant kishore ke khilaf bol rhe hain aap jab se debate mai jabse baithe hain. mujhe nhi pta tha ki prashant kishore ke khilaf azadi hai TMC pravaktao ko . aap prashant kishore ke khilaf khulke bol rhe hain aap keh rhe ho ki prashant kishore galat keh rhe hain ki aap log appeasement kar rhe the. wo keh rhe hain ki 20 saal se tushtikaran ki bimari chal rhi hai. blatant use of minority appeasement . yeh prashant kishore keh rhe hain aap keh rhe hain nhi ho rha hai. mai kiski baat mannu. ,1
42:34 ,(speaker 2), sir 10 saal se hmari sarkar hai 20 saal se nhi hai ,0
42:35 ,(anchor), theek hai theek hai RP singh 30 second mujhe wind up karna hai. RP singh mujeh wind up karna hai 20 second. ,0
42:41 ,(speaker 3), arre gala kharab ho jayega dost. gala kharab ho jayega chikho mat.galat kharab ho jayega. suniye sir sach yeh hai inhone toh lagatar maine abhi shuru mai kaha tha inhone lagatar minority base ban gye. lagatar kabhi sunna tha ki bengal mai durga visarjan rok diya jayega muhrram ki yatra ke liye. yeh pehli baar hua. kabhi sunna tha ki aap wahan par wo jo maulavi hai maulana hai unki tankha lag jayegi. yeh pehli baar hua isse pehle kabhi nhi hua. yeh pehli baar hua ki mukhya mantri seat par jaakar kalma padhenge. yeh pehli baar hua. arre aapko vote chahiye toh unka tareeki kariye na. abhi bta rhe hain ki 5000 rupay mahine ki kamai ka soch rhe hain . unke liye unki kamai ka sadhan badhaiye. unko aayushman bharat ka sadhan dijiye . unko PM ki jo saman neeti hai visan saman neeti hai uska labh lene dijiye. aap unke sar par chat dijiye. aapne  ,0
43:40 ,(anchor)," chalo kam se kam pta toh lgana. isliye keh rha hoon shukriya sir chikhe nhi fayda nhi bohot bohot shukriya RP singh, waris pathan , alok mehta, manav jaiswal aapka bohot bohot shukriya kam se kam prashant kishore ne yeh bhi bta diya ki didi mandir mandir kyun jaa rhi thi. didi ko kyun apna shandilya gotr btana padha. didi ko kyun btana padha ki mai brahmin ki beti hoon. wo isliye btana padha kyunki ehsas ho gya tha ki unke strategist prashant kishore ko ehsas ho gya tha ki 20 saal yahan tushtikaran ka khel hua hai. yeh honest confession hai prashant kishore ka. TMC netaon ko usko accept karna chahiye vanaspat iske ki wo prshant kishore ke khilaf ya prashant kishore ko target kiya jaye. sambhavta didi ne kaha hoga isliye manav jaiswal prashant kishore ko target kar rhe the.",1
