timeStamp,speaker,text,label
00:51 ,(anchor)," aap darasal keh sakte hai yeh mahamari ka samajghati variant hai. yeh bohot dangerous variant hai yeh yeh mahamari ka samajhghati variant hai. ji haan hairaan kar dene wala statement. doctor hain muradabad mai senior surgeon hai aur samajhwadi party ke sansad hai. ab aap sochiye samajwadi party ke sansad hai toh saare purane bayaan recall kar lijiye. akhilsh yadav bjp ki vaccine, uske baad ek aur samajwadi party ke MLC the unka naam tha shutosh sinha unhone kaha tha ki teeka se napunsakta aati hai. ab yhe teesre hain sansad hai samajwadi party ke wo yeh keh rhe hain ki shariya mai dakhal andazi ki vajah se desh mai corona ka kahar . ST hassan samajwadi party ke sansad toh chaliye theek hai lekin yeh jo hain bade doctor bhi hai. inke piche ki tark kya hai, sansad corona ko asmani insaaf btane wale sansad unse vakya suniye pura interview. aur iss waqt hmare saath ST hasaan sahab judd chuke hain jo ki samajwadi party ke sansad hai bohot senior leader hai, muradabad ke senior surgeon hai doctor hai. apka swagat hai St hassan sahab. hassan sahab jo aapka statement hai jo maine sunna muslmano se na insafi iss vajah se aasmani insaaf hai corona aur yeh prakartae aapdae aaj. muslmano se nainsafi ki vajah se aasmani insaaf. shariya se dakhal andazi ya shariya se ched chad ki vajah se. aapko lagta hai aisa hai hassan sahab? ",0
02:28 ,(speaker 1)," dekhiye yeh aap logon ne sirf shariya pakad liya. shariya ka matlab yeh hai ki kisi bhi mazhab ke kanuno mai aap dakhalandazi karenge chahe muslim ka ho, chahe hinduo ka ho chahe sikho ka ho chahe christiansa ka ho. wo kanuno mai sarkar ko dakhalandazi nhi karni chahiye. raha baat nainsafi muslaman ke sath sirf nainsafi nhi hai, virodhiyon ke saath bhi nainsafi hai. ek aur vishesh ke saath bhi na insafi hoti hai. aapne dekha ki jaise jaise kanoon banne jiske andar yeh saaf saaf keh diya gya ki ek baar vishesh ke mazhab ko manne walon ko iss desh mai nagrikta nhi milegi baaki sab ko mil jayegi. kya yeh insaaf hai. aap dekh rhe hain ki mob lynching mai kya ho rha hai. mob lynching jinki hui hai unko insaaf mila? aap dekh rhe hain ki jo riots hue hain. unko insaaf milla? toh agar nainsafi hakim karta hai. ",0
03:37 ,(anchor), sahi keh rhe hai hassan sahab ,0
03:41 ,(speaker 1), dekhiye mai aur aap uss cheez ka uss mahashakti uss parvardigar ko manne wale hain jisne hume aur apko aur sabko paida kra hai. allah aur ishwar alag alag nhi hua karte. waheguru aur god aur ishwar aur allah alag alag nhi nhi aur mera imaan hai aur aapka bhi yakin hoga ki iss duniya ko chalane wala.,0
04:03 ,(anchor), bilkul,0
04:03 ,(speaker 1), hum sab ka wo palobahar jisne hum sab ko paida kiya jisne iss duniya aur aasmaan bnae hain jisne universe bnaya wo ek shakti hai aur uske bnae hue kanoon hai. agar hum insaniyat par utar aaye toh hum uske bnae hue kanoono ki dhajiya udane lage usme interference karne lage toh hum uski rehmato se mehboob ho jate hain. jab uski rehmate nhi hoti toh aavdhae aati hai.,0
04:26 ,(anchor)," theek hai. toh matlab hassan sahab aap bilkul theek keh rhe hain yeh aapki rai hai. bilkul hassan sahab aap bilkul theek keh rhe hain matlab aap keh rhe hain jo yeh nainsafiya hui ussi ki vajah se hum logon ko yeh jhelna pad rha hai. yeh aasmani insaaf hai. jo nainsafiyan hui hai chahe muslmano ke saath caa ke roop mai ussi wajah se yeh asmaani insaaf hai. aap yeh hi keh rhe hain na sir, mai theek samajh rha hoon.",0
04:52 ,(speaker 1)," dekhiye tammam janta ke aap trahi trahi machi hui hai jo sattadhari log hai wo insaaf kiske saath kar rhe hain yeh mujhe aapko btane ki zarurat nhi hai. mai toh iss baat ko kehta hoon ki jab tak insaaf nhi hoga uss waqt tak shasan accha nhi hoga aur nainsafiya hongi, insaano ke saath zulm honge . ab aapne dekha ki kya samshan ghato ke andar kadki ka intezaam karna sarkar ki zimmedaari nhi thi? kya lasho ki itni behord machi hui hai hmare desh mai.",0
05:27 ,(anchor)," theek hai hassan sahab. agar aisa yeh aapka tark hai jo nainsafiyan hui hai jo shariya mai jo chedkhani hui hai ya jo dhakhal andazi hai ya jo musalmano ko keh diya gya ki nagrikta nhi milegi. inn nainsafiyon ki vajah se hum kudrat ka dansh jhel rhe hain. aur in nainsafiyon ki vajah se aapka jo shabd hai , aaspani insaaf toh mera sawal yeh hai aapse hassan sahab toh muslim mulko mai yeh tabhai kyun macha rha hai corona?",0
05:58 ,(speaker 1), dekhiye sirf muslmano ke saath nainsafi nhi hui hai. nainsafiyan virodhiyon ke saath bhi hui hain. mai aapko kya bataun aap toh khud anchor hai. aap press mai hain jo virodhiyon ke saath nainsafiyan hui hai aapko pta hai. lekin ,0
06:13 ,(anchor)," nhi nhi aap samjhe nhi hassan sahab maine pucha kyunki india mai bharat mai aapke hisaab se shariya mai dhakhalandazi hai, muslmano ke saath nainsafi hai isliye yeh sab ho rha hai. kya muslim mulk bhi shariya mai dakhalandazi kar rhe hain, muslmano ke sath nainsafi kar rhe hain? isliye muslim mulko mai bhi ishwar ka ya jo aapne bola aasmani insaaf ho rha hai? muslim mulk bhi aisa hi kar rhe hain. shariya mai dakhalandazi isliye issi vajah se wahan par bhi corona?",0
06:36 ,(speaker 1), aao apni majburiyon ki vajah se isse communal kyun kar rhe ho? insaaf insaan ke saath nhi ho rha hai. ,0
06:47 ,(anchor), accha mai kar rha hoon communal?,0
06:47 ,(speaker 1), aap yeh kyun keh rhe ho muslman ke.,0
06:52 ,(anchor)," shariya ki baat toh aapne kari thi na? yeh toh aapne kaha hai. yeh aapne kaha hai hassan sahab. aapka statement mere samne hai. aapne kaha "" muslamano ke saath nainsafi hui, uski awajh mai aapne dekha ki hmare desh mai aasmani aafate kitni aa rhi hai. 10 din mai 2-2 toofan, corona ke andar kya hashan hua"" yeh sab aapne kaha hai. aap isko communal rang de rhe hain. mai kahan de rha hoon sir. yeh sabse secular hai sir yeh kisiko nhi chodega hindu muslman. sabse secular virus hai. mai hassan sahab muslim mulko mai kyun tabahi macha rha corona hassan sahab ? agar yeh aasmani insaaf hai toh.",0
07:28 ,(speaker 1), dekhiye meri aapse haath jodhkar darkhast hai ki aap bhi secular ho jao. aap bhi jo bhi hmari satta hai uske prabhav mai aake aise bate mat karo jisme hmari community mai division hone lage. hindu muslim ko baat nhi hai. ,0
07:43 ,(anchor), accha ,0
07:43 ,(speaker 1), insaan ke saath insaaf ki baat ho rhi hai. mai mob lynching hui kya hinduo ki nhi hui. sirf muslmano ki hui kya? kisko insaaf mila? kya riot ke andar hindu nhi marre? mila unka insaaf. ,0
07:56 ,(anchor)," nhi hassan sahab bilkul yeh dekhiye mai aapki samajh par bilkul nhi sawal udha rha hassan sahab. mai aapka samman karta hoon. yeh aapki samajh par aap senior surgeon hai sir. aapka muradabad mai aapka naam hai aap bohot senior surgeon doctor hai. matlab yeh kyunki medical science mai iss cheez ko lekar aisa nhi shayad sambhavta kaha jaata. aapke jo patients aate hain jinko aap treat karte hain, unko bhi aap issi logic par treat karte hain kya sir ki aasmani insaaf hai? shariya mai dakhalandazi karenge toh yeh hi hoga. aap jab unko treat karte hain apne patients ko as a surgeon toh aap yeh hi logic dete hain sir? hassan sahab kyunki aap doctor hai, surgeon hai. ",0
08:34 ,(speaker 1)," dekhiye mai aapko bta rha hoon hum scientifically treat karte hain, scientifically operation karte hain lekin hum unke attendant se ya mareez se kehte hai ki upar wale se dua karo ki wo tumhe theek karta hai. hmara kaam theek karne ka hai baaki result dena uska kaam hai. aaj agar aapko khuda na khasta koi pareshani mai aap aate hain toh kya aap mandir ke darvaze par jaa kar matha nhi tehte ho? dekhiye TV par yeh baat kehna ajeeb si lag rhi hai aap logon ki upar wala bhi koi cheez hai. lekin yeh hota ki jo bhi fasta hai pareshani mai aata hai toh apne paida karne wale e gidgidata hai aur wo paida karne wala mera aur aapka alag nhi hai. ",0
09:14 ,(anchor), accha yeh agar nainsafi nhi hoti toh corona nhi aata? haina? ,0
09:20 ,(speaker 1), corona aata yeh durgati nhi hoti. jo haalat hue hain aap logon ne hi dikhaya hai ki laashon ke saath kitni berehmi hui hai. kutton ne unhe noch ke khaya. ,0
09:30 ,(anchor)," yeh muslmano ke sath nainsafi ki vajah se yeh haal ho rha hai. accha corona aata itni durgati nhi hoti. yeh durgati isliye ho rhi hai kyunki muslmano ke saath naiinsaf hua toh corona zyada effect kar rha hai, zyada maar rha hai. haina? ",0
09:46 ,(speaker 1), logon ke saath hua insaano ke sath hua sirf muslmano ke saath nhi hua. aam baar baar muslman lavz kyun lekar aate hain. ,0
09:50 ,(anchor)," nhi aapki statement mai kahin hindu nahi hai sir. ab aap thoda sa damage control karna chah rhe hain toh aap kar sakte hain lekin aapki statement mai kahin par bhi hindu nhi hai aap kahein toh mai sunah doon sir. hassan siraap kahein toh main sunna doon aapka statement agar aapko lag rha hai ki main galat tareeke se paish kar rha hoon. agar aap ijazat de toh mai sunna doon aapka aapko statement hassan sahab kyunki aapne kahin bhi hindu nhi kaha. aapne kaha 60 saalon se zyadtiya hui, 60 saal se discrimination hua, kanoon bna diye gye , shariya mai dakhalandazi hui aur nainsafiyon hui, muslmano ko nagrikta nhi di gyi, muslmano ke sath nainsafiyan hui jiski avaj mai aapne dekha desh mai aasmani aafate aa rhi hai, corona ka kya hashan hua. aapne isme kahi bhi aapne isme sirf yeh kaha hai ki muslmano ke sath nainsafi issi vajah se aasmani insaaf. toh agar mai jo yeh nainsafi nhi hoti toh corona nhi aata? ",1
10:41 ,(speaker 1)," corona aata lekin durgati nhi hoti. corona toh fir bhi aa jaye saare mulko mai aa jaye lekin jo hmare mulk ka hashan hua hai, oxygen ke liye jitni maramari hui hai ek dusre se haspatal ke gate ke bahar shringla cheen rhe the. ",0
10:56 ,(anchor), iska shariya se kya lena dena? hassan sahab iska shariya se kya lena dena. ,0
10:59 ,(speaker 1), toh mujhe bta de aap aisi durgati kahan hui hai. logon ke apne priyjan chale gye. aisi durgati kahan hui hai. ,0
11:07 ,(anchor), puri duniya mai hui hai. america mai hui hai. europe mai hui hai. aapke muslim mulko mai bhi hui hai. muslim mulko mai bhi hui hai. ab wahan par bhi muslmano par zyatiyan ho rhi hai kya?  ,0
11:21 ,(speaker 1), mall khul rhe hain england ke andar aur hmare yahan lockdown tha jis waqt. uske yahan sab kuch khula hua tha. toh mai toh yeh kehta. ,0
11:28 ,(anchor), aapne doctori ki padhai kahan se kari hai hassan sahab agar aap bura na mane maafi chahta hoon yeh sawal puchne ke liye . aapne doctori ki padhai kahan se kari hai. ,0
11:38 ,(speaker 1), wo aapka kaam nhi hai maine kahan se kari hai. mai registered practicioner hoon . mai general surgeon hoon. mai MS hoon.  ,0
11:43 ,(anchor), kahan se aapki degree kahinse hogi agar thoda sa bta de. kyunki kuch patients jo aapse treatment le rhe honge wo sunn rhe honge ki kahin wo risk toh nhi le rhe hain but ek baar aap bta de mai request kar rha hoon.  ,1
11:56 ,(speaker 1), mai aapko yeh bhi bta doon bhaisahab ki maine marizo mai yeh bhi dekha hai ki jab uske parijan upar wale se gidgidate hai toh uski recovery bohot acchi hoti hai aur yeh mai nhi keh rha yeh established fact hai medical science mai.  ,0
12:09 ,(anchor), nhi nhi wo alag hai. nhi nhi lekin corona aasmani insaaf hai yeh koi doctor kehta hai toh thoda sa hairangi hoti hai. aap bohot hi sammanit hai bohot hi senior surgeon hai bas doctori ki padhai aapne kahan se kari hai yeh aap thoda sa bta de. kai log twitter par puch rhe hain ki aap hassan sahab se puch lijiye . unko chup karana chahiye ki aap sahi hai wo galat hai. toh unka chup karwa dijiye ek baar doctori ki padhai kahan se kari hai aapko. ,0
12:35 ,(speaker 1), maine kaha toh jawaharlal nehru medical college aligarh . ,0
12:42 ,(anchor), accha yeh shariya institute of medical science toh nhi hai na? ,1
12:45 ,(speaker 1), dekho masla yeh hai ab aapka yeh apna agenda set hai. aap ghuma  firakar hindu muslman karenge mujhe pta hai. ,0
12:56 ,(anchor), hassan sahab agenda kahan? aap hindu muslman nhi nhi sirf muslman muslman muslman kar rhe hain aap .hindu muslman kar rhe hote toh secular hote. aap sirf muslman muslman kar rhe hain hassan sahab. aap apna bayaan wapas lena chahte hain hassan sahab. sunn lijiye ek baar hassan sahab. hassan sahab ek baar sunn lijiye request kar rha hoon. hassan sahab aap doctor hain. aap jante hai corona ki mahamari bohot serious hai. aapki inn statements ki vajah se aapko nhi lagta ho sakta hai kuch logon corona ko seriously na lein ki yeh toh aasmani insaaf hai. hum toh muslman hai humko thodi na kuch hoga. aapko lagta hai iss tarah ki statements nuksan pohonchati hai. ,0
13:33 ,(speaker 1), nhi nhi muslmano ko hua nhi corona? kya kabristaan full nhi ho gye. mai kab keh rha hoon muslman nhi marra . ,0
13:40 ,(anchor), nhi kyunki muslman ke saath nainsafi nhi karenge na. kyunki muslman shariya mai dakhalandazi ya shariya ka apmman karenge na. hassan sahab aapki statement se nuksaam ho sakta hai. aap yeh jaante hai na. ,0
13:52 ,(speaker 1), mai aapse itna keh rha hoon ki agar mai yeh statement de rha hoon toh isliye de rha hoon ki apne malik ko apne paida karne wale ko manna loon. usse maafi mangun apni harr cheez ki . ,0
14:02 ,(anchor), akhilesh yadav ki baat kar rhe hain aap? unko manale unko khush kar le aap? wo khush hai aapke bayaan se? ,1
14:17 ,(speaker 1), hindu muslman sab apne tareeke se ibadat kare uski. aur usse maafi mange taaki wo hmari madad kare.  ,0
14:31 ,(anchor), nhi bilkul hassan sahab kya akhilsh yadav ke kehne par aapne yeh statement diya. kya yeh party ka statement hai jo aap keh rhe hain. isse muslman khush honge shabashi denge. kya matlab yeh party ki line hai sir ki akhilesh yadav khush hai iss baayan se? ,1
14:46 ,(speaker 1), yeh mujhe nhi malum lekin yeh mai zarur keh rha hoon ki aap log todd madod khub kar rhe ho isme. aap log jis tarah se pesh kar rhe ho. ,0
14:56 ,(anchor), kya wo khush honge. unhone kya abhi tak apati darj nhi karai ab tak. wo aapke bayaan ke saath hai hassan sahab?  ,0
15:03 ,(speaker 1), unko pura bayaan pohonch jayega aur pta nhi unhone dekha ya nhi dekha mai pohoncha dunga . abhi unhe yeh bhi toh nhi malum.  ,0
15:11 ,(anchor), aapko lagta hai wo khush honge aapke bayaan se? aapko lagta hai wo khush honge? shabashi denge kyunki unhone ne bhi kaha tha ki BJP ki vaccine. ,0
15:20 ,(speaker 1), haan bjp ki vaccine isliye kaha tha kyunki hmari dehs ke scientist ne vaccine bnai thi lekin uss waqt yeh impression diya jaa rha tha jaise bjp ne bna di ho. scientist ko regard nhi diya gya apni peeth thapthapa te rhe islie kaha tha. isliye thodi kaha tha ki. ,0
15:37 ,(anchor), aapne vaccine lagwai hai?  ,0
15:39 ,(speaker 1), dekhiye mujhe corona hua tha antibodies mere andar hai. 2 mahine baad mai lagwaunga vaccine kyunki 2 mahine ka gap diya jaye. ,0
16:10 ,(anchor), aapko corona kab hua tha?  ,0
16:09 ,(speaker 1), 15 din pehle negative hua hoon mai. 15 din pehle. ,0
16:21 ,(anchor), yeh 45+ wala vaccination toh bohot pehle se chal rha hai shayad toh aapne kyun nhi lagwai thi vaccine. ,0
16:27 ,(speaker 1), kyunki mere andar antibodies thi . maine antibodies kara li thi. 11 thi anti bodies. jisme antibodies hoti hai usko zarurat nhi hai. ,0
16:40 ,(anchor), nhi toh aisa toh nhi hai na ki samajwadi party wale vaccine nhi lagva rhe hain. aur napunsakta toh nhi hoti na vaccine se. ashutosh sinha hai samajwadi party e MLC hai aap jante honge. ahshutosh sinha samajwadi party ke MLC hain. unhone kaha tha ki vaccine se napunsakta ho jati hai. aur aap keh rhe hain ki corona aasmani insaaf hai. akhilesh yadav kehte hain bjp ki vaccine kehti hai. ,0
17:01 ,(speaker 1), dekhiye mai nhi manta ki vaccine. ,0
17:06 ,(anchor), kahin issi vajah se toh nhi lete samajwadi party wale vaccine. ,0
17:05 ,(speaker 1), mai iss baat ko nhi manta. mai toh sabko motivate kar rha hoon ki vaccine lagwao. yeh napunsakta i think polio ke liye nhi bola tha. polio ki vaccine kitni mushkil se lagwai hai. yahan par koi aafwah fail jaati hai log beh jaate hain. lekin kisko hui napunsakta aaj tak kisi ko nhi hui. ,0
17:27 ,(anchor), accha agar mai galat nhi hoon hassan sahab kyunki aap bohot senior hai hassan sahab aap azam khan ke bohot kareebi hai? agar mai galat nhi hoon. aazam khan ji ne bhi kuch muslmano ke saath nainsaafi ki thi. azam khan ji ne bhi kuch shariya mai dakhalandazi ki thi ki aaj unko corona itna serious hai?  ,0
17:48 ,(speaker 1)," dekhiye aap individual uss par mat leka aaiye. aap desh ki baat karein . coron toh PM ji ko bhi ho gya tha amit shah ji ko bhi hua tha, azam khan ab theek hai. bohot se theek ho gye . aur kuch log wapas chale gye iss duniya se lekin uska mismanagement kitna zabardast hua sabko malum hai.  ",0
18:18 ,(anchor), toh yeh agar caa nhi aata toh coron nhi aata. ,0
18:23 ,(speaker 1), caa nhi agar nainsafiyan nhi hoti toh itna severe nhi hota. duniya mai sabse zyada hmare yahan maute hui hai. itna severe nhi hota. ,0
18:33 ,(anchor)," toh matlab agar samajwadi party ki sarkar aayegi toh kal ko corona aayega toh usme zyada severe nhi hoga ya UPA ki sarkar hogi toh usme jo mahamari aayi thi . nhi UPA kal mai jo mahamari aayi toh usme toh utna hi severe tha toh kaise iska shariya aur muslman connection, ya samajwadi party ki sarkar mai corona nhi aayega. ",0
18:52 ,(speaker 1), aap hindu hai? aap hindu hai aap upar wale ko maante hain? ,0
18:57 ,(anchor), ji bilkul ji. ,0
19:02 ,(speaker 1), yeh bhi mante hai ki insaan uski ibadat uski puja karta hai toh wo rehem karta hai aur agar insaan  ,0
19:09 ,(anchor), ji bilkul ,0
19:08 ,(speaker 1), aur agar insaan uski nafarmaniya karta hai toh wo rehem nhi karta. ,0
19:15 ,(anchor)," hassan sahab aap bilkul theek keh rhe hai upar wale par pura bharosa hai lekin bhagwan bharose nhi hai na. upar wale par bharosa hai lekin agar aap yeh kahenge ki corona aasmani insaaf hai, corona muslmano ke saath nainsaafi hui iss vajah se hua toh nainsaafi nhi hoti toh corona nhi hota kya? nainsaafi nhi hoti toh yaaas toofan nhi aata kya? shariya mai dakhalandazi nhi hoti toh kya yaas toofan nhi aata . corona ki vajah se log nhi marte kya? yeh mujhe toh aapse baat karte waqt munna bhai mbbs yaad aa rhi hai baar baar. aap wo munna bhai yaad kariye kis tarah ke doctor the . aap kehlana toh doctor chahte hain lekin baatein aapki jo hai wo fatwa chap maulan jaisi hai maaf kariyega sir . mai itni der se itne saimat tareeke se apse baat kar rha hoon. koi agar fatwachaap maulana iss tarah ki baat karega toh mujhe lagega ki jaan kari ka abhav hai. yeh agyanta ka variant hai. aap itne senior hai, doctor hai, sirgeon hai, aap iss tarah ki baatein karte hain. kehlana chahte haindoctor baatein karenge aap fatwachaap maulana types. sirf khush karne ke chakar mai tushtikaran ke chakar mai. aapke inn bayano ki vajah se aap jante hain kya hota hai? aaj log vaccine nhi lagva rhe hain. corona ki khilaf ladai lad rhe hain hum log. aap logon ne mazzak bna diya hai hassan sahab. log vaccine nhi lagva rhe. aap logon ke statements ki vajah se. napunsak ho jayenge log. corona aasmani insaaf hai. bjp ki vaccine hai. aap logon ne mazzak bna diya hai sir. hassan sahab maaf kariyega galat shabdo ka istemaal kar rha hoon . kehlana chahte hain doctor baatein hai fatwachaap maulanao types. ",1
20:50 ,(speaker 1), itna niche nhi girna chaiye. ,0
20:50 ,(anchor), bayaan wapas le lijiye sir maafi mang lijiye. maafi maang lijiye hassan sahab. galat keh gye. aap balki aur bade nazar aayenge ki haan mere muh se galat nikal gya. aapka kadd aur bada hoga hasan sahab. ,1
21:04 ,(speaker 1), swarth ko janta hoon jab insaan upar wale ki nafarmani karta hai toh usko upar rehmate nhi hoti aasmani aafate aa sakti hai aur aati hain. nafarmani kyun hoti hai ek simple sa bayaan hai. aap hindu muslman kare jaa rhe ho. ,0
21:18 ,(anchor)," toh muslim mulko mai kaunse , muslim mulko mai muslmano ke sath kaunsi nainsafi ho gyi jo muslim mulko mai corona tabahi macha rha hai? ",0
21:26 ,(speaker 1), dekhiye nainsafi ke saath saath wahan par jo tabahi machi hai agar muslim mulko mai mach hai toh usme wo log recover bhi kar gye. hmari jaisi durgati kisi desh ki nhi hui hai. aur dusra yeh ki insaan apne gunnah bhi toh karta hai. ,0
21:44 ,(anchor)," toh UP sarkar hoti toh itni durgati nhi hoti. samajwadi party ki sarkar hoti toh corona ki himmat nhi hoti itna nuksaan pohoncha paata. kyunki usme appeasement hoti tushtikaran hota. tushtikaran ka sankraman par effect hota. kya baatein bolte hain aap log doctor hai. aap doctor hai sochiye jo log aapko sunn rhe honge wo aapse treatment lene mai ghabraenge aaj ke baad. aap treatment karte hai apne patients ki issi logic par karte hain?  apna bayaan vapas le lijiye galat bol gye. galat byaan ka asar galat hoga, aap samajhiye. aapke ek ek shabd ki value hoti hai. log aapko sunenge kahenge dekhiye hassan sahab keh rhe hain ki corona kuch nhi hai yeh toh aasmani insaaf hai unhi ko effect karega jinhone ne muslmano ke saath nainsaafi kari hai. kya bol rhe hain. bayaan wapas lena chahenge? maafi mangna chahenge? ya yeh party ki line hai.",1
22:36 ,(speaker 1)," toh mera manna yeh rhega ki har mahzab ke rules regulations hai usme koi dakhalandazi nhi honi chahiye. yeh hmara kanoon bhi btata hai ki hum hmare mahzab ko apne hisaab se follow kare, usse propogate karein. yeh bhi hmare kanoon mai agar aapko malum ho toh lekin afsos iss baat ka hai.",0
22:58 ,(anchor), theek hai theek hai shukriya hassan sahab nhi nhi hassan sahab mai aapko aur afwah virus yeh aur nhi failane de sakta yeh jo variant hai yeh afwah variant . yeh coron ka mahamari ka samajhghati variant hai. mahamari ka samajhghati variant hai. isko mai aur aage nhi badhne de sakta. mai maafi chahunga hassan sahab mai manch nhi de sakta ki aap aur afwah failae aur variant iss tarah ka failaye. shukriya aapka hassan sahab.,1
