timeStamp,speaker,text,label
04:45 ,(anchor)," toh aapako bata den ki dangal mein aaj hamaare saath vishnu jain hai vah vakeel hai aur is maamale mein yaachikaakarta main se ek hain. hamaare saath prophesar sangeet raagee hai, wo raajaneetik vishleshak hai dillee university mai padhaate hai, hamaare saath devakeenandan thaakur jee, joki kathaavaachak hai, dharmaguru hai. hamaare saath tasaleem ahamad rehamaanee hai, MPCI ke adhyaksh hai, STPI paartee se bihaar mein raajaneetik maidaan mein. hamaare saath sateesh prakaash hai, raajaneetik vishleshak hai. vaise bahujan samaaj paartee ke maayaavatee kee paartee ke samarthak hai aur hamaare saath is vakt aa gae ateek ur rahamaan, wo islaamik skolar hai aap sab ka svaagat hai dangal mein sabase pahale vishnu jain ayodhya ka dangal abhee khatm hua nahin tha poora. aapane mathura ka dangal shuru karava diya? maaf kijiye halla bol mai svaagat hai aapka.",0
05:32 ,(speaker 1)," Ji bilkul aapane jo savaal poochha usaka main uttar doonga aur yah dangal mera shuroo karaaya hua nahin hai yah dangal tab shuroo ho gaya tha jab aurangajeb ne 1669 maan par ek mandir ko toda tha aur yah aadesh paarit kiya tha ki vahaan kee jitanee moortiyaan hain vah aagara kee jaynaara masjid ke neeche daba dee jae aur yah aitihaasik fact hai. jadunaath sarakaar ne us par us aurangajeb ke pharamaan ka persian se english mein traansaleshan kiya vah logon ke saamane upalabdh hai toh yeh dangal mera shuroo karaaya nahin hai ab savaal kya hai mudda kya hai? mujhe iss desh ka sanvidhaan, mujhe is desh ka kaanoon yah ijaajat deta hai ki agar itihaas mein koee aisee aitihaasik bhool huee hai aur agar kisee sampatti ka maalikaana hak bhagavaan ka hai to usako main vaapas lene ke lie kort mein ja sakata hoon ab main aapake saamane dokyooment dikhaana chaahata hoon kyonki mujhe pata hai samay kee kamee rahatee hai to yah dokyooment aap dekhe aur mai chahunga ki aapke cameraman isko highlight kre. zra isko please highlight kre. bahut importent dibet hai to main chaahata hoon ki dokyooment ke aadhaar par baat karen. abhee dokyooment mein aap dekhenge spasht roop se kya likha hai, shree krshn janmasthaan seva sangh mathuram also known as shree krshn janmabhoomi trast. aur yah jo aaj vahaan par masjid khadee hai, jo 12 aktoobar 1958 ka kompromaij ovaisee saahab baat karate hain ki is maamale mein compromise ho chuka hai unase jude savaal poochhe ki ye kompromaij ke trast ne sain kiya hee nahin. toh aapane vahaan par kaise apana maalikaana hak saabit kar diya ab aur koee kampromaij fake tareeke se le liya jae to rohit jee aap saare panelist se poochhie aur kisee bhee legal luminary se poochhie ki usakee leegal vailiditee kya hai? jab yah sampatti trast kee hai, raaja patneemal ne 1815 khareeda tha 8 pharavaree 1944 ko raaja patneemal ke jo donon vanshaj hai unhonne isako pandit jugal kishor bildar ne â‚¹13400 dekar madan mohan maalaveey ke sanrakshan mein yahaan par trust ka nirmaan hua aur yah sampatti trast ke adheen ho gaee, trast ke paas aa gaee. toh ab main poochhana chaahata hoon agar koee ek yeh dokyooment ka koi court mai case file kre fraud se yeh kehte hue ki wo shri krishn janbhumi trust hai aur aap trust ke padadhikariyon se bhi pooch sakte hai kal mai wahan par gya tha aur visit krke aaya tha . unn logon ne mujhe pura samarthan diya hai aur kaha jo aapne baat kahi hai bilkul sahi kahi hai, humne trust ne iss compromise mai kahin sign nhi kiya hai aur yeh seva sangh ne fraud se sign kiya tha aur yeh baat bohot din se raise krna chah rhe the, nhi raise kar pa rhe the toh sawal yeh uthata hai, law ke drishtikon mai aur logon ke drishtikon mai jo aapke darshako ko jaankari honi chahiye aur jo sawaal puchna chahiye ki agar koi zameen , mandir ki zameen 13.37 acre jiske hum malik hai uska 3 acre agar nikalke ko dusri society de deti hai toh iski legal validity kya hai?",0
08:15 ,(anchor)," tasleem rahamaanee, boliye.",0
08:19 ,(speaker 2)," jaanch mein baabaree masjid ka masala tha usamen usamen wahan ek DM hua krte the KK nayar ji. aapko malum hai congress ne unko  ritaayarament ke baad raajyasabha mein le liya tha aur vishnu jain ji ko 1968 ka yeh masla abhi sujhi hai, ese bohot log mile, vishnu jain akele nhi hai. inki pushp mai bhi bohot log honge, mujhe umeed hai jaldi hi rajya sabha yeh bhi jayenge. mandir aur masjid ko issue ko lekar jo 1986-87 se shuru hui hai usne bohot saare logon ko iss desh mai jin ke liye munkin nhi tha unhe pradhanmantri bna diya, home minister bna diya, MP jaane kya kya bna diya, governors ban gye CM ban gye. aaraam se aish kar rhe hain, log marte hain. aur logon ko phark nahin padata. aur priy ke aadhaar par unako bharee bhee kar detee hai to agar desh ka naya norm yah ban gaya hai ek mandir ka issue uthaiye 100 saal 200 saal puraana aur desh mein pradhaanamantree tak kee kursee tak jaane ka raasta ab yahee hoga aur usake lie khoon ke dariya bah jae to wo kaatil maaf hai.",0
09:25 ,(anchor),"yeh rehmani sahab mai do cheezein kehna chahta hoon aapse. ek yeh adaalat mai gye hain, talwar lekar charahe par nhi khade. adaalat mai jaana toh unka adhikar hai. agar aap keh rhe hain ki khoon ki dariye beh jayenge toh kya aap yeh dhamki de rhe hain ki agar yeh adaalat mai iss case ko leke ladenge toh khoon ke dariye beh diye jayenge? owaisi ki jagah leni hai kya aapko bihar mai?",0
09:44 ,(speaker 2), nhi nhi mai toh tareekh bta rha hoon ki jo 1986 jo movement shuru hua. ,0
09:47 ,(anchor), nhi aapne toh aarop lga diya ki inko rajya sabha jaana hai hala ki wo defence dene mai khud saksham hai mujhe lagta hai wo de lenge. lekin aapse ek sawal puch rha hoon. aapko inke pita ka naam pta hai kya? aapko inke pitaji ka naam pta hai kya?,0
10:01 ,(speaker 2), kinke? ,0
10:01 ,(anchor), inke. yeh vishnu jain jo bhethe hai yahan.,0
10:05 ,(speaker 2), nhi mujhe nhi malum. ,0
10:05 ,(anchor)," mai bta deta hoon. mai bta deta hoon na sir aapko. inke pitaji ka naam tha harishankar jain. aur wo jitne warsho se yeh ram mandir ka case chal rha tha uss case ke saath jude hue the lekin na wo rajya sabha mai hai, na wo kisi lok sabha mai hai, na wo kisi vidhan sabha mai hai aur na hi aapki tarah rajnitik party bna kar maidaan mai aa gye hain ki dekho mai masjid ki parwi kar rha tha mujhe vote dedo. fir kya kahiyega.",0
10:30 ,(speaker 2), king maker toh piche hai lekin king jinko iss baar bnna hai wo piche hai aur king maker ke bete ko aage kiya hai.,0
10:35 ,(anchor), aap matlab aap koi bhi cheez yani ki rajnitik nfe nuksan ke bagar aap koi cheez nhi sochte mai maan loon iss baat ko? ,1
10:45 ,(speaker 2)," nhi nhi isme rajniti hai, uss ke ilava aur kuch nhi.",0
10:45 ,(anchor), aap ghar par aaye kisi aadmi ko do roti bhi khilate hai toh yeh hi sochke khilate honge ki kalko isse vote mang lunga.,1
10:51 ,(speaker 2), yeh log toh yahi karte hai. yeh log toh yeh hi karte hai.,0
10:53 ,(anchor), aare mai aapse puch rha hoon. mai aapse puch rha hoon aur aap keh rhe ki yeh log yeh hi karte hai. apna btaiye na sir. dusre ki thekedari sabki aapke pass hai. apna nhi bta pate aap kabhi bhi.,1
11:03 ,(speaker 2), hum toh jhelne wale hai. ,0
11:06 ,(anchor), aap jhelne wale hai? kal aap keh rhe the ki mai iss desh mai pradhanmantri decide karta hoon. mai king maker hoon isliye bihar ka cm mai decide karunga. ab aap jhelne wale ho gya. yeh victim card sir yeh kahan milta hai sir hume bhi btaiye na sir. yeh victim card kahan milta hai. btaiye na kahan milta hai. kal aap chalti gadi mai baithkar debate kar rhe the aur aaj mujhe keh rhe hain ki haye mai toh gareeb bechara hoon. sir kaisi batein krte hain aap. yahan bihar ke chunav ka prachar krne nhi bulaya maine aapko. maine aapko isliye bulaya ki aap agar wakiye ek scholar hai toh etihasik tathyo par baat kijiye. yeh aap isme bhi soch rhe hain ki mai isme rally kar loon aajkal bihar mai toh mauka ban nhi rha hai corona ki vajah se.,1
11:48 ,(speaker 2), nhi nhi bihar mai roz rally ho rhi hai. ,0
11:50 ,(anchor), ho rhi hai na fir yeh bashan wahan dijiyega jaa kar. yahan etihasik tathya par baat kijiye. vishnu jain ne aapke samne kaagaz rkha. uss kaagaz ke kaath hai aapke pass. ,0
12:01 ,(speaker 2), yeh 30 saal jo khoon baha hai 40 saal khoon baha is desh mein raam mandir ke naam par.,0
12:06 ,(anchor), mai maan loon ki ek iss kaagaz ki kaath aapke pass nhi hai. mai maan loon unhone jo tathya rkhe hai uske liye tathya aapke pass nhi hai isliye aap rhetoric par hi ladenge.,0
12:17 ,(speaker 2), nhi nhi bilkul nhi,0
12:18 ,(anchor), aur dhamkaenge logon ko ki agar yeh adaalat jayega toh khoon beh jayega?,1
12:22 ,(speaker 2)," yah bhee 30 saal adaalat mein lada jaega. aap dekhie yah bhee lada jaega 30 saal, kaashee nikaala jaega 30 saal, 3000 doosare mandir bhi lade jaenge 30 saal is desh me rajniti karke hindu raj bnane ke liye .",0
12:34 ,(anchor)," sir mai ek cheez puchna chahta hoon. wahan hague sofia ka ughatan hota hai dobara ki isko masjid bna diya toh aap log laddu bantte hai, mithai bantte hai, talliyan bjate hain. apne desh mai agar koi aadmi apne dharmik sthal ke liye adaalat chla jaata hai toh aap kehte ki haan yeh toh vote le jayega. yeh sir mai fir puch rha hoon yeh victim card aur yeh double standard wali training kahan se late hain. yeh bachpan se di jati hai kya? yeh kahan se late hai btaiye toh? ",0
13:01 ,(speaker 2), ek clip dikhaiye jahan mithai baati ho. ,0
13:04 ,(anchor)," arre mai aapka keh rha hoon ki aap khushi mna rhe the. mai bol rha hoon, aapke samne baithkar bol rha hoon. aap khushi bna rhe the. mann mai laddu phoot rhe the aapke. mai bol rha hoon sir.",1
13:13 ,(speaker 2), pehla tweet mera tha hague sofia ki kuhafat par aap dekhiye uthake. hum uniform policy ke saath jo sach hai uske saath hai. hum jo historical wrongs hai unhe correct krne ke liye hazaro ,0
13:28 ,(anchor)," aap logon ke pass historic wrong bhi aapne swikaar karna hai lekin uska jawab dene ke liye tathya nhi hai keval rhetoric hai. mai vishnu jain ke pass ek baar wapas aa rha hoon uske baad atikur rehman, devakinandan sahab aur satish praksh ko bhi charcha mai laata hoon. sangeet ragi bhi hmare saath hai wo aapki baat par jawab bhi dena chahte hain lekin vishnu jain. kaagaz aapne adaalat ke saamne rkhe. adaalat ne ab do aur  pakshon ko is maamale mein notis bheja. ki aaiye aap apana javaab deejie. iss kaanoonee prakriya ke shuroo hone ka matalab kya hai yah maana ja sakata hai vakeel ke taur par aap bata sakate hain ki kya ham yah samajhe ki un kaagajon ko adaalat ne sveekaar kar liya ya ab un kaagajon kee testimony honi hai, unhe jaacha jana hai?  ki aapane jo kaagaj rakhe vo sahee hai ya galat hai?",0
14:11 ,(speaker 1)," bilkul aapne bahut achchha savaal poochha aur jo kal jo ordar hua hai mujhe lagata hai bahut bada meel ka patthar hai kyunki aapaka jo savaal hai usaka javaab yahee hai ki ab is case ka trial start hoga. ab adaalat ne hamaaree apeal ko sveekaar kar liya hai aur vipakshiyon ko notice jaaree kiya hai ab isaka matalab yah hai ki jo hamane dastaavej court mein daale the ab eedagaah kametee, sunnee sentral vakph board aur jo jinhonne fake compromise kiya hai, jan jan seva sangh woh aakar court ke saamane bataenge ki compromise kaise sahee hai kya kaise galat hai vah aakar apana ws written submission court ke saamane file karenge aur ab isaka traayal aage proceed hoga. issues frame honge aur usake baad isamen evidence lead kee jaegee aur saath mein ek baat aur bataana chaahata hoon kyonki aapane meri baat ka javaab tasleem rahamaanee saahab ko de diya main yah bhee kahana chaahata hoon ki rehmani sahab  ham log yahaan par kisee raajaneeti ke politikal agenda se baithe hue log nahin hai. apne desh ke lie apane samaaj ke lie, apanee asmita ke lie, apane aapako kurbaan karane vaale log hain to aap ne jo0 aaj mere par ocha aarop lagaaya hai ki mainne yeh case rajya sabha jane ke liye kiya hai krpaya karake apanee baaton ka withdraw karen kyunki shaayad aap mere ko jaanate nahin hai aur kisee bhee aadmi se poochh leejie. agar apane mere par aarop lagaaya kisee bhee aadamee se poochh leejie ki mainne kisee ne yah aarop pichhale bahut dinon se sun raha hoon par aap aaj national TV mein rohit sardaana ke saath itni serious debate mein aapane mujhpe par yeh ocha aarop lgaya toh mujhe lagata hai mujhe isaka javaab dena chaahie aap agar yah keh rhe hain ki mai yeh case main raajyasabha jaane ke le rha hoon toh dikar hai mere par aur dikar hai meri mehnat par . aap aake court mai agar apna jawab dete aur apni baat kehte toh shayad mujhe itna dukh nhi hota jitna aapne aaj below the belt hit krne ki koshish ki hai aur khair wo aapki baat hai. aapne apni baat rkhi. mai ek baat kehna chahta hoon rohit ji aur uske baad aap debate baaki panelist se kriyega. hum toh apni baat facts par rkhte hain. mai toh 1970 ka revenue record laya hoon jisko maine highlighter se mark kiya hai jisme aaj bhi manir ke name par yeh sampati hai. isme trust masjid idgah ka kahin bhi koi bhi role nhi hai toh mera sawal bas seedha sa hai aur bohot short sa hai ki jab wo sampati 13.37 acre bhagwan ki thi aur wahan par masjid ka koi bhi role nhi tha toh inko kya yeh zid hai ki jahan par hmare aradhya, jahan par hmare bhagwan paida hue the inhe wahan par hi masjid bnani hai chahe wo ram janmbhumi chahe kashi ho chahe mathura ho aur uske baad sawal humse puche jaate hain.",0
16:27 ,(anchor), theek hai.,1
16:28 ,(speaker 1), sawal humse puche jate hain ki hum yeh case kyun kar rhe hain. hum yeh case karne ki zarurat kyun aai yeh sawal puchna chahiye.,0
16:32 ,(anchor), ok. tasleem sahab jawab dena chahte hain? waise atiq se comment lena chahta tha lekin tasleem ji aap bol dijiye.,0
16:37 ,(speaker 2)," pehli cheez toh yeh ki aap se vishnu jain. aapko hurt karna personally mera koi maksad nhi hai. mere bhai ho agar hurt hue toh mai maafi chahta hoon bilkul khule lavzo mai. aapka purpose ho ya na ho lekin iss desh mai inn namon par rajneeti hui hai ho rhi hai. stta palti hai, stta aai hai aur khun khraba hua hai. ",0
16:58 ,(speaker 1), nhi sir hum koi rajneeti nhi kar rhe. humko rajneeti kar rhe na hmara rajneetik maksad hai. hum toh chahte hain ki hmare muslim bhai bhi aae hum toh chahte hai ki hmare muslim bhai court mai aae aur jo sahi hai wo sahi kre jo galat hai wo galat kre. agar aapka musasar iman hai toh jo maine jo documents rkhe unka jawab dijiye. sir isme humko koi khun khraba ya koi ladai nhi chahte ya kisi beguna ki jaan nhi chahte.,0
17:23 ,(anchor)," ok ok vishnu ji. unhone sorry bol diya. vishnu ji aapne apni baat rkhi. unhone uss baat ke liye ked jtaya aur mujhe lagta hai yeh badi baat hai ki koi panelist agar doosare kee bhaavanaon ko aahat kar raha usake baad is baat ko sveekaar kar raha hai yah apane aap mein ek achchha sanket hai. TV debates mein khaasataur par aajakal jis tareeke kee cheejen ho rahee hai usamen tasleem rahamaanee mai datt deta hoon ki aapane is baat ko sveekaar kiya aur usme mai bhi maafi mangne mai bhi hichak nhi dikhai hai. ab mai zra ateek sahab ke pass aa rha hoon kyunki behens keval sirf kisi vshnu jain ya tasleem rehmani ki niji behens nhi hai. atikur rehman vishnu jain ka bada aarop hai ki bhaee kyon jahaan-jahaan hindu dhaarmik sthal hai, vahee vahee kabja karake iss tareeke ke chinh khade karana jo ki bhavishya mein aisee paristhiti paida karen usko kyun nahin hatae wo aur kyun nahin usake lie lade kaanooni tor par. atik rehman boliye.",0
18:16 ,(speaker 3)," ahh rohit bhai do teen cheezein bohot ahem hai yahan par. aur jab supreme court mai ayodhya ka mamla chal rha tha toh supreme court ke bade senior judge ne yeh teepni ki thi ki  historical wrongs ke upar hamaara koee control nahin hai  lekin aaj kee janata par, aaj ke bhaarat par, aaj kee 21st centure par unka control jaroor hai toh historical wrongs kahaan-kahaan ke sudhaarte phirenge, kitna peechhe jaana chaahenge. mere paas saaree kee saaree kitaaben bharee padee hai jahaan par brahmins ne hmare backforts ke tamaam mandir girae aur jo bhagavaan buddha ke stupas hote the  kahaan-kahaan girae gae. kahir yeh historical wrongs ke alaava.",0
19:07 ,(anchor), aapke pass wo book hai jisme yeh dava kar rhe hain ki mandiro ke upar masjid khadi ki gyi? wo history books hai aapke pass ya nhi ya wo wali lete nhi hai aap. kharidte nhi hai aap? ,0
19:19 ,(speaker 3), hai hai  ,0
19:20 ,(anchor), hai wo bhi? ,0
19:19 ,(speaker 3), hai sab kuch hai. ,0
19:23 ,(anchor), ok ok nahi aapne zikr nhi kiya na aapne zikr nhi kiya aap usko jati ki taraf le gye toh mujhe lga puch loon aapse ki shayad. ,0
19:30 ,(speaker 3)," nhi kitna piche jayenge. piche toh pehle buddho ko mara hai na brahmins ne. nevle aur saanp ka per rha hai hmesha se khair rohit ji please mujhe baat complete krne dijiye. rohit ji bade asani se keh rhe hain ki uss agreement ko manne ke liye taiyar nhi hai wo. kya jo 1991 ka places of worship act parliament ne pass kiya, uska kya jawab denge? dusri ahem baat, sabse ahem baat rohit ji, do mukhya samuday hindu aur muslim, inn dono ke beech mai yeh tamaam issue ko lekar jo kadvahat paida hoti hai kya vishnu ji aaj iss baat ko manenge. koi political party mai sirf bjp ko nhi keh rha hoon. koi political party aaj ke baad iss mudde ko apne manifesto ka hissa nhi bnayenge, iske upar vote nhi mange jayenge, iske upar khoon khraba nhi hoga, iske upar log apne apne. ",0
20:24 ,(anchor)," matlab aap yeh kehke apni ktha ki mehfilo mai bead jutate rhe ki hmare saath rho, hum dobara wahan par babri khadi karwaenge. uspe koi wo nhi hai lekin koi aur rajneeti party mandir ka agenda na rkhe. rajneetik partiyon ke agenda mai toh yeh dono mandir pehle se rhe hain. ateek sahab, aapko yaad dila deta hoon yeh rajneetik partiyon ke agenda mai toh pehle se rhe hain. aaj koi rajneetik party humne bulai nhi keval satish prakash yahan rajneetik party ke ek sadasya hai baaki logon mai se. sir ek second, ek second.",0
20:59 ,(speaker 3), aap bas 1991 worship act ka jawab le lijiye na. ,0
20:59 ,(anchor)," mai le rha hoon na. abh vishnu jain denge uska jawab. nischit taur par lunga lekin usse pehle mai devki nandan ji ko laa rha hoon. devaki nandan ji, vishnu jain ne ek bada aarop lgaya, unhone kaha ki saare hindu dharm sthalo ko iss tareeke se jaan puchkar kabza ke kya misaal pesh krna chahte the, hum usko durust krne ke liye aadalat mai lejana chahte hain. jawab mai ateek rehman ne kya kaha? unhone kaha ki piche jana toh aur piche chale jaiye, jati vimash par lejana chahte hain wo usko. tab kya kijiyega? ok sir maine aapki baaton ko koi toda madoda nhi hai ateek sahab, jo aapne kaha maine wo hi rkha hai. ab devaki nandan ji se jawab le lete hain.",0
21:37 ,(speaker 4)," krishnam vande jagat gurum, mai sabse pehle toh vishnu jain ji ko dhanyavad dunga ki unhone apna karya badi imandaari ke sath kiya aur bina kisi swarth ke kiya hai. dusri baat do hmare muslim bhai yahan baithe hue hai. inhone kai cheezein uthayi hai lekin mujhe dukh ho gya iss baat ka ki bajaye real fact par hum debate krne ki yeh firse divide and rule krne lage. yeh dalit aur brahmin ki baat krne lage. mere bhai aap apne mudde par jis par debate ho rhi hai uspe baat kijiye rahi baat mathura ki rahi baat krishna ki rahi baat krishna janbhumi ki toh mai aapko bta doon sirf wo jo sthan hai wo krishna ka hai aur yeh log usme sirf kirayedaar hai, matr kirayedaar aur kirayedaar se zyada kuch bhi nhi hai. yeh keh rhe hai ki wahan par blood, khoon bahaya jayega yeh bheh jayega. aapke haath mai hai khoon bahana toh. aap agar imandaari se, abhi hum log gye hain na court mai agar hum log gaye hain toh aapke pass bhi ek chance hai. aap keh dijiye ki hum ayodhya ki tarah lambi ladi nhi ladni hai, aap humse mathura bhi le ljiye , aap humse kashi bhi le lijiye aur hindu muslim bhai chare ko nibhaye. aap uss mudde par baat krne ke bajaye aap seedhe khoon ki aur murder ki aur rajneetik ki air rajya sabha sansad ki . yeh toh ghatiya rajneeti hai. yeh ghatiya wartalap hai ki jab bhi koi imaandaari se koi hinduon ke saath toh dur vyavahar tabse hua hai jabse mughal yahan par aaye hain. ab agar hum aur aap bhai chara nibhana chahte hai toh aap hmari bhavnao ka kadr kijiye, hum aapki bhavnao ki kadr krenge. aaj mai pehle bhi keh chuka hoon kai baar aapse aaj fir keh rha hoon yeh do sthan khali kijiye. hum aapko 20 masjid bnvake denge, yeh hai bhai chare ki baat. aur bina bhai chare ke aap zabardasti aap brahmin air dalit ko ladane ki baat krte hain aaj aajtak par brahmin dalit ladane ki debate toh nhi thi. aapko yeh sab krne ki kya zarurat hai? aur kaun nhi janta ki mathura mai, bhagvad kehti hai ki mathura mai bhagwan sri krishna aaye, garg samita kehti hai ki mere pass saare sabut hai aap aaiye aur wo sabut dijiye aur agar aap par koi sabut hai ki aakpa koi eid koi pagambar koi aaya aisa jisse aapko wo jagah lena chahte hain toh imaandaari wo hme btaiye koi aapke pass sabut ho toh. aap par sabut nhi hai aur hum par sabut hai.  ",0
23:47 ,(speaker 2), 10000 masjide khali krva dijiye 70 saal mai kbze ki. ,0
23:49 ,(speaker 4), dekhiye meri baat suniye araam se prem se. ,0
23:55 ,(anchor)," tasleem sahab ji , issi vishay par aata hoon. abhi iss vishay par aata hoon. sangit ragi ji aapse iss par baat krna chahte hain.  ",0
24:02 ,(speaker 4)," kashi yeh do jagah de dijiye aur 20 jagah humse masjid bnva lijiye hum bnvake denge aapko, yeh bhai chare ki baat hai. ",0
24:09 ,(anchor)," nhi tasleem sahab ab masla yeh hai ki..ek second, ek second. ",0
24:14 ,(speaker 4)," yeh zabardasti aap uss par ladai kar rhe hain, zabardasti aap uss par behens kar rhe hain aur vishnu ji ko rajya sabha nhi jaana hai. hume rajya sabha nhi jaana hai. hume toh sirf hmare dharam ke jo mushya role hai jinko hum role model mante hain aur krishna vande jagat gurum jo krishna pure vishva ke guru hai jinhone gita jaisa gyan pure vishwa ko diya hai agar uss krishna jagat guru ko aap jagah nhi de sakte toh mujhe lagta hai ki aapke dil mai kahin na kahin khait hai aap bhaichara nhi chahte. ",0
24:38 ,(anchor)," sangit ragi aur satish prakash. sangit ragi yeh keh rhe hain ki 10000 masjid kbza li hai iss 70 saal mai. unko khali kraiye, ek toh yeh vyavastha. sir ek second. chaliye aap 16 kya 20 kar lijiye, 21 kar lijiye aapko agar shagun lgana hai toh. 21000 kar lijiye lekin mera sawal yeh hai sir ki sangit ragi ki kisi bhi jagah par kuch din tak lgatar kuch logon ko ekatha karna, usse ek sandesh dena ki yahan par hum sab log ekatha hote hain apne dharmik maksad se, uske baad wahan ek imaarat ka wahan shuru ho jaana aur phir usko masjid ka naam de diya jaana aur fir yeh kehna ki dekho sarkar htana chahti hai aur uske baad tasleem rehmani kehte hai ki sir hmari toh 20000 masjid hai. hmari toh 15000 masjid hai. koi vyavastha hoti hogi na desh mai, koi board hoga , koi system bna hoga jo teh krta hoga ya kahin bhi koi bhi khada kar lega aur phir keh dega ki isko hta nhi sakte. ese mandir bhi hte hain bohot saare. ",0
25:36 ,(speaker 5)," rohit ji, yadi aap paschimi UP ko aap dekhenge toh aisi ek nhi sekdo masjid hain jahan par muslim abadi nhi hai fir bhi wahan par masjide khadi kar di gyi hai aur yeh koi mai apna nhi keh rha hoon. UP ka dgp, upadhya ji the bohot pehle unhone btaya tha aur dusri baat mai kehna chahta hoon ki ayodhya ka jo maamla tha toh yeh kaha jaa rha tha ki aap sabut dijiye, sabut dijiye. kashi aur mathura ke baadal mai pukhta sabut hai, shahi farman uske liye hai. yeh mandir todkar ke wahan par masjid ke liye zameen khadi ki gyi thi. teesri baat jis trust ko deal krne ka adhikar nhi tha, usne kiya hai ek trust ka koi wo hissa nhi tha jisne masjid idgah ke liye deal kiya hai isliye wo jo 1968 ka deal tha wo jain sahab sahi keh rhe hai. usko kharij kiya hi jaana chahiye. chauthi baat mera kehna hai ki aapki aastha aastha hai, meri aastha aastha nhi hai. aap kehte hai ki hum hazaar saal baad bhi hum dekhenge babri masjid dobara khada krne ki koshish krenge yani ki ek jagah masjid hai toh wo hmesha rhegi kya hinduon mai aise bhavnao ka hona kya yeh galat baat hai? kya hindu nhi chahenge ki jahan par unke aradhya ke mandir todkar ke muslims ne atatahiyo ne muslim aakrantao ne wahan par masjid khadi kar di, uss jagah ko prapt kar ske. ",0
27:06 ,(speaker 2), maaf kijiye lekin aapki aastha supreme court mai sabit nhi hui. ,0
27:07 ,(speaker 5)," ek antim, ek antim baat keh rha hoon. aapko lagta hai ki historical wrongs hai toh aap fir unn historical wrongs ke saath khade kyun hote hain? aap usse kharij kyun nhi kar dete hain.",0
27:20 ,(anchor), hmm. ,0
27:20 ,(speaker 5)," aap kyun nhi yeh karte hai ki yeh napak masjid hai, yeh masjid khuda ka ho hi nhi sakta aur namaz toh kahin bhi padhi jaa sakti hai. ",0
27:27 ,(anchor)," theek hai, theek hai ek second. jhagda nhi karna, jhagda nhi karna hai. ab tak aap hi ne khud kaha sir historical wrongs. abhi aap hi logon ne kaha hostorical wrong's sir. aap hi se shabd nikla tha historical wrong's mai jayenge toh aur piche jaana padega. fir toh yeh bhi durust krna padega, fir toh yeh bhi durust krna padega. mai break ke baad wapas aaunga toh aap logon ka darr yeh hai ki iska rajneetik taur par istemaal nhi hona chahiye.",1
