timeStamp,speaker,text,label
00:00 ,(INTRO), Har khabar per hogi aapki pakad download kijiye abp live app,0
00:13 ,(ANCHOR)," Swagat hai aapka abp news main aapke sath mein hun akhilesh anand. Kya kanpur hatyakand mein police walo ki vajah se aaj police walon ki jaan gyi. Kya police walo ne hi mukhbari ki. Aaj Sabse garm bahas mein isi par charcha hogi kanpur ki ghatna ko lekar kai sawal khade hue hain jis tarike se vahan per aath police walon ki jaan chali gyi. Sawal yeh bhi, Bina kisi mukhbari ke kya aisa ho sakta hai. Aise mein up police sawalon ke ghere mein hai police ne dhava bhi bola aur kuchh police wale mukhbari bhi kar rahe the.Sawal yeh ki kya narsanhar ki taiyari pahle ho chuki thi kanpur mai.Jo khabre aa rahi hai uske mutabik vikas dube ko pahle khabar mil gai thi ki Police wale uske yahan aa rahe hain. Aur aap dekhiye Kis tarike ka political collection bhi connection iss shaks ka tha. Tamam party ke netaon ke sath uske talukat bataye ja rahe hain. History sheeter vikas dubey. Bjp ke netaon se lekar sp bsp netaon ke sath uske talukat bataya ja rahe hain.Aap sochiye Satta ke sanrakshan mein kya kuchh chal rha tha. Vikas dubey ko kisne bataya police aane wali hai vikas dubey ke sathi ne kiya bada khulasa. vikas ko chaubepur thane se mili police ke aane ki khabar. kya police wale ne hi apne sathi ke khilaf mukhbari ki? kya police wala hi hai 8 police walon ki maut ka jimmedaar? vikas dubey ki call detail ne khole kai bade raaz. ek daroga aur do sipahi se vikas dube ke sampark mein. chaubepur thane ke prabhari vinay tiwari ko nilambit kiya gaya. Ig bole mukhbari karne wale ko baksha nahin jaega.",1
02:43 ,(SPEAKER 0), Jahan tak to vision ki baat hai. Abhi hamari ismein jaach chal rahi. Aur chaubepur thana kshetra ke jitne bhi police karmi hai sab hamari jaanch ke daire mein hai. Jab pure kupta saboot humko mil jaenge ki kis karmchari ne police ke movement ki suchna is kukhyat apraadhi ko de to ham uske viruddh murder ka mukadma darj karte hue usko jail bhejenge aur vibhag se barkhast karenge.,0
03:08 ,(ANCHOR)," vikas ka police wala mukhbir. Aur dekhiye 59 ghante gujar chuke hain ab tak ye history sheeter farar hai police ki changul se dur hai. Batchit karne ke liye kai khaas mehman mere sath jud chuke hain unse mai aapka parichay krva doon uske bad hum batcheet ki shurwat karenge. Up bjp ke pravakta hai navin shrivtastav, unse hamari batchit hogi. samajwadi party ke pravakta hai abhishek mishra, aap vahan per sarkar mein mantri bhi reh chuke hain sp sarkar mein. congress ke pravakta akhilesh pratap singh mere sath jud chuke hain. Up ke purv dgp hai AK Jain, unse bhi hum batchit karenge aur purv ips. O p sagar sahab bhi hmare sath jud chuke hain. Aap tamaam mehmano ka bahut swagat aur batchit ki shuruaat naveen srivastava ji main aapse karna chahunga aap vahan bjp ke pravakta hai aap logon ki sarkar hai aur bada aur buniyadi sawal to yahi hai ki Kya ho raha hai uttar pradesh mai. Kya vahan per thane is tarike se apraadhiyon ke prabhav mein hai. kyunki Police wale hi zimedaar ab maane jaa rhe hain police walo ki hatya ke liye. ",1
04:21 ,(SPEAKER 1), Chaubepur vinay tiwari ke pratham vishva sandeh ghere mein hain. unko nilambit kiya gaya hai. unse Upsc pooch taach bhi kar rahi hai. Aur jaisa bhi aapane dikhaya ki IG kanpur ne yah kaha ki thane ke jitne bhi karmchari hai wo sab hi shak ke ghere mein hai aur jaanch chal rhi hai.Jo bhi iski parinam aayi jayegi uske khilaf murder ka case bhi chalaya jaega. Aap ne ek bda bunyadi prashan poocha hai.thano ke vishay mein poocha ki thano mai kya apradhiyo ki iss prakar jo khuspet hai. nishchit roop se mai ek do cheezein btana chahunga jo Uttar pradesh ke vishay mai bohot gambhir charcha ho rhi hai. Aap yad kariye aaj se hamari sarkar banne ke pahle. Uttar pradesh mein jitni baatein hoti chahe baki ki ho chahe daroga ki ho chahe yahan tak ki jiti yeh. Uske ke liye illahabad ko yeh kehna pda ki saare bharti aayog jaati Vishesh ke ho gaye hain aur ye paryapt bhrashtachar ki bhi jaanch krai jae. Kahin na kahin nishchit se aise log jo bhrasht tareeke se...,0
05:16 ,(ANCHOR)," Naveen shrivastav ji, dekhiye yeh bda sharamnaak hai. Aap jo sawaal pooch rhe hain mai poochunga. Samajwadi parti ki sarkar ki taraf ishara hai. mai sabha ke pravakta se sawaal poochunga. Lekin aap logo ki zimedari ban rhi hai kya wahi cheezein abhi bhi chali aa rhi hai. kya aap yeh kehna cha rhe hain mujhe? Kai saal ho gye hain aap logo ko uttar pradesh mai sarkar mai.",1
05:39 ,(SPEAKER 1), Ek meri baat kehna chahunga dekhiye jab 2017 mai uttar pradesh mai yogi adityanath ji ke netritv mai bjp ki sarkar bani. toh hmari sarvoch prathmikta thi kanoon vyavastha ko theek karna.,0
05:47 ,(ANCHOR), Kahan theek kr pae sir? Kanoon vyavastha ko theek krna aapki prathmikta thi ho sakta hai kai front par aap logo ne kaam kiya bhi ho. lekin yeh kanpur ki ghtna bohot bda sawaal hai. iss par aap sochiye bhla ki police wale mukhbiri kar rhe the ek history sheeter ke liye aur 8 logo ki jaan chli gyi 8 policewalon ki jaan. kabhi aapko yaad aata hai uttar pradesh mein esa kuch hua ho?,1
06:05 ,(SPEAKER 1)," Mai wahi btana chahta hoon. Aap sun li jiye ek baar. dekhiye hmne uttar pradesh vidhansabha mai UP ko kaith hum le aae.Kyun laye up ko upaeth. usse do vishesh the. pehla yeh tha ki Jo apraadhi sarkar ke sangathit katra ke khilaf special force banakar trial kra gya. dusra, Apradhi charn jo rajneta ho gye hain. Unke dwara 10 15 15 sal se jailon mein hai vidhayak ho rhe hain sansad ho rhe hain aur jila panchayat sadasya jaise adhikar ke liye aur iske ke parivar ke log the. Inhone jo apne apradh ke dum par aarthik samrajay bna rkha hai, usko hum todne ke pryas mein the taki uss avedh dhan ke madhyam se andar ya bahar ratya di...",0
06:44 ,(ANCHOR)," Sarkar mai aaye sir kai saal ho gye na todne mai itne saal lag gye? ab jaa kar todna chah rhe the. Sawaal toh yeh bhi khda hoga. Ab mai abhishek mishra ko ab behes mai laana chahta hoon. Samajwadi party ke pravakta hmare sath jude hue hain. Abhishek mishra ji aapne suna, naveen ji ka ishara saaf tor par aap logo ki taraf hai ki aap ke zamane mai jo kuch wahan hua UP mai Jis tarah se police ka haal hua, poore system ka haal hua, uska khamiaza aaj bhi log bhugat rhe hain.",1
07:28 ,(SPEAKER 2)," Akshay ki sabse pahle toh jo unhone fact prastut kiya court se baat pe wo 100% Galat hai, factually incorrect hai.Agar wo aisa aadesh dikha de to inke pass agar adesh ki copy to aaj dikha de mai maan jaunga varna inko apne shabd wapas lene chahiye. Aaj tak kabhi court ne Uttar pradesh sarkar ke ya kisi party ke kisi bhi sarkar khilaf Hindustan mein kahin aisa observation, kahin aisa picture nahin pass kiya toh sbse pehli cheez toh mai yeh nivedan karna chahunga ki asatya baat na rkha kre saamne jahan pura uttar pradesh aaj dekh rha hai.Aap char saal se sarkar chla rhe hain aur yeh aaj yeh pichli sarkar ka hi rona ro rhe hain. Yeh toh accha hai naveen ji ko mai dhanyavad sunga ki yeh sirf hmari sarkar tak gye kyunki usse pehle jaate toh inki bhi sarkar mil jaati, usse aur pehle jaate toh maine dekha hai Hindustan mein ek neta hai jo baat shuru karte hain congress se. Wo pandit jawaharlal nehru se itihaas khichte hain aur apne chrcha late hi nhi wahin par khatam kar dete hain.Toh inke naveen ji ne bhi yeh hi kiya Bahut hi dukh ka vishay hai uttar pradesh mein aaj.",0
08:10 ,(ANCHOR)," dookh ka vishay toh hai abhishek mishra ji abhishek mishra dookh ka vishay toh hai.Lekin imandari ke sath aap bhi swikar kijie aap manthan kijie abhi toh chaliye yeh karwahi hui jo kuch hua bohot dhukhad hai. Aap log bhi toh satta mai rhe, kya kiya aise criminals ke khilaf mai? Yeh aaj nhi bna hai vikas dubey. Yeh kai saale mai vikas dubey bnte hai aise log aur system mai paale jate hai aise log.",1
08:32 ,(SPEAKER 2)," naveen ji mai btata hoon vikas dubey kab bna, vikas dubey kab bna. vikas dubey jab pichli baar uttar pradesh mai jab bjp ki sarkar thi.",0
08:46 ,(ANCHOR)," naveen ji do minute ruk jaiye, mujhe abhishek ji ke pass bhi jana hai pehle bolne dijiye abhishek ji ko. abhishek ji jaldi boliye ",0
08:50 ,(SPEAKER 2)," Ji, mai aaj ki tareek mai jo yeh inhone upstf ne march mai ek list jari ki thi 25 logo ki jo unhone kha tha sabse khatarnak log hai usmein vikas dube ka naam nhi tha. Bjp ki sarkar ki main aapko sacchai batao ise pahle vikas dubey ne itni badi ghatna ki thi to bjp ke",0
09:12 ,(ANCHOR)," Sir aap apni baat btaiye na.BJP ne kya kiya mai sawaal pooch lunga. Abhishek ji ek minute, mera sawaal yeh aap sun nhi paa rhe. yeh aap selective hoke jawab dena chah rhe hain. nahi nahi abhishek ji, mai poochonga mai keh rha hoon ki bjp ko jawab dena padega iska lekin aap bhi toh jawab dijiye. aap 5 saal jo stta mai rhe iske pehle kya kiya aap logo ne. vikas dubey jaise log salakho ko peeche kyun nhi pohonche? ",1
09:32 ,(SPEAKER 2)," Humne lagatar sarkar chalai mai aapko btata hoon humne kya kiya. humne Dial hundred ki vyavastha hmne bnai. 1090 ki hmne bnai, police ko resource hmne diya, dgp headquarters jisme baithte hai wo humne bnaya. aaj jis gadiyon mai chlte hain wo hmne di aaj tak jitna bda resource comitment samajwadi party ne kiya kisi ne nhi kra. ",0
09:50 ,(ANCHOR), mai pocch rha hoon swaal vikas dubey par aap apni baat keh rhe hain. sir mai pooch rha hoon vikas dubey jaise logo ke khilaf aap logo ne kya karwai ki? ,0
09:59 ,(SPEAKER 2), mai vikas dubey jo bahar nikle wo uss se nikle the judiciary ke aadesh se nikle baaki unki himaat nhi bni samajwadi sarkar mein ghatna krne ki. Samajwadi sarkar ko unhone uttar pradesh.,0
10:12 ,(ANCHOR)," Baaki jo hmare sath expert hai, uss se pehle akhilesh pratap singh ji, yeh ghatna kya btati hai uttar pradesh ki ghatna aur sbse chaukane wali baat jiska hum baar baar zikar kar rhe hain iss behes mai ki police walo ki mukhbri ki wajah se itni bdi ghatna ghat gyi hai. yani apradhi kya thane ko iss prakar se apne prabhav mai le chuke hain?",0
10:33 ,(SPEAKER 3)," Jaisa aapne btaya lekin abhi tak hmare desh ke grah mantri Aadarniy amit shah ji ka koi naam nhi aaya. Na unhone uttar pradesh sarkar se iss pawat pe sawaal jawab kiya ki 8 police walo ki hatya aur 6 buri tarah ghayal aur ek bhi ek saman apraadhi ke dwara. Na wo atankwadi tha, na wo naxalite tha. Ek apradhi dwara itna bda kwit kra jaa rha hai. Hamare pradhanmantri ji ka bhi tak khaan masvra. yeh saari cheezein yeh btati hai ki police ka morale isse down hota hai, apradhiyo ka morale isse badhta hai. ek hathni mar jaati hai toh puri bjp front par aa jati hai puri team yahan aa jati aur uss par itne din bhas hote hain aur anargal aarop par aarop lagana shuru ho jate hain dekhiye hmare jabaaz up police ke itne adhikari maare gye. Jo gadi pakdi gyi hai, uss gaadi par aage sang parivar likha hai.lagta hai kahin iska prabhaav hai jis karan se yeh log aaj itna sneh dikha rhe hain itna pyaar dikha rhe hain. Aap yahan par ki bate kahi. apradhiyon ki baat. jab sarkar ne oath liya tha tab hi report aayi thi.ek survey report aayi thi jo apradhiyon ke usne btaya tha ki modi ji yogi ji ke parisad mai 45% daagi had ke log mantri banae gaye hain. yeh Sarkar kaise. apradhiyon ko rokegi? apradhiyon ko rokne ke naam par iss sarkar ne ek Movement chalaya mukadme wapas lene ka. bakaida Vidhansabha mai elaan karke Aur uttar pradesh mein jitne bjp ke bade neta. ",0
12:18 ,(ANCHOR), Chaliye ab main chalta hun mere sath uttar pradesh ke dgp rah chuke hain AK jain sahab. Akhilesh ji main aapke pass aao usse pahle mujhe lagta hai ki jain sahab ko bhi charcha shamil karna chahie. Jain sahab dekhiye ek badi tasveer jo nazar aati hai hamam mai sab hi nange hain aaj akhilesh pratap singh bjp ko katghre mai khada karle ya abhishek mishra bjp ko katghre mai khda kar le. ya bjp wale dusro par aarp lgae. lekin koi aisi party nahin hai jo apradhiyon ko shehd nahin deti hai. Vikas dube jaise log 1 sal 2 sal 3 sal mein nahin taiyar hote. 1.5 dashak se yeh sakriye tha uttar Pradesh mein.usse bhi zyada waqt se.kai apradhi ghatna ko isne anjaam diya hai. ,1
12:57 ,(SPEAKER 2), yeh galat baat hai.humne lgatar apradhiyon ke khilaf stand liya hai.Yeh galat baat keh rhe hain aap. ,0
13:05 ,(ANCHOR), Aapne stand liya hota toh vikas dubey jaise log aaj aisi ghtna ko anjam de rhe hote abhishek ji ? ,0
13:11 ,(SPEAKER 2)," Jain sahab swayam dgp rhe hain aap jain sahab se poochiye, unhe pura ahsaas hai iss baat ka. Yeh mat samjhaiye mujh ko. ",0
13:30 ,(SPEAKER 4)," Itne waqta bol rhe hain, usme meri awaaz pohonch nhi payi.",0
13:38 ,(ANCHOR), Boliye boliye aap 80 baar bhi boliye. ,0
13:41 ,(SPEAKER 4), dekhiye yeh mai netao ki.,0
13:49 ,(ANCHOR), Apraadhiyon ke khilaf kaarvayi karni thi vah to karni paya 8 police walon ki jaan chali gai ho. Ab yahan iss behes mai dhara pravah bole jaa rhe hain.bolne toh dijiye ak jain ko. uttar pradesh police ke bde adhikari reh chuke hain. mukhya reh chuke hain. Jain sahab.,1
13:59 ,(SPEAKER 4)," Sabse pahle to main isko police vibhag ki failing manu. Police vibhag ne aise bade apradhi ko thane ke top 10,zille ke top 10 mai kyun nhi rkha? Aap aap chhote apraadhiyon ko pakad rahe hain. mutbhed Kar rahe hain. Unke khilaf kaarvayi kar rahe hain un per gangsters laga rahe hain.iski aved Sampatti kyon nahin isko gangster kayam krke section 14 mai. Jo maine akhbaron mein padhaa hai. Mai kanpur zone mai toh kabhi tenaat nhi rha hoon. aur jo maine pdha hai ki wo su inspector chaubeypur ko ghar par bulata tha.Aur beizzat karta tha. sipahi ki pitai kri. aur yeh btaya gya ki jab jab police gyi tab tab wahan se pitkar police loti. iske khlaf operation acp zone ko chlana chahiye. wahan ke ip range ko chlana chahiye. wahan ke ssp ko lead karna chahiye. aisa konsa Durgan apradhi hoke hai. sekdo encounter hue hain uttar pradesh mai. ek se ek gangs ka saya hua hai. yeh vikas dubey kya kanpur ke upar ho gye kya. aur hmare pass san sadhan nhi hai? iss mai sab ke sab yogi political party power mai rehti hai unka sanrakshan rehta hai. kabhi kuch. kabhi unjhe gang mafia sand mafia yeh log sab bach jaate hai. yeh jaisi hi yeh political party aati hai unsme yeh apni ghuspet kar lenge.inke thano mai bhi inki puri ghuspet hai. aur jo police karmi inke karibi hote hain inke mukhbir hote hain.",0
16:00 ,(ANCHOR)," Jo baat aap keh rhe hain na jain sahab bohot hi mehtvapurn hai. ussi se juda mera sawaal naveen ji se hai. naveen ji, itna bda apradhi, duddant apradhi aur zille ke top 10 apradhiyo ki suchi mai bhi nhi tha. ho kya rha tha wahan fir?",0
16:13 ,(SPEAKER 1)," Dekhiye jain sahab police ke itne bde adhikari rahe hain. mujhe bohot ache points rkhe. kahin na kahin gadbadi jis had tak hui hai uski jaanch bhi hum kar rhe hain. lekin mai btana chahunga ki 2017 mein jab hamari sarkar bani toh up ki lucknow se 2017 mai hi giraftar kiya tha. 1.5 saal yeh waqti jail mai rha hai Iske pahle yeh jail jaata tha, 15 din mai mai choot jaata tha.hum log bohot gambhir roop se charcha kar rhe hai ki rajnitik sanrakshan isko kin partyon ka mila? Lekin ek cheez mai badi vinamrata se kehna chahunga agar maine ko nhi krna chahta hoon. lekin jis waqti par 60-60 mukadme hai. jis ko umarked ki sza hui hai. aur itna bda apradhi,uski zamanat kaise court se ho gyi?",0
16:55 ,(ANCHOR)," naveen ji, aap ajeeb si baat keh rhe hain. aap ek bdi party ke pravakta hai. aap adaalat ko katghre mai khda kar rhe hain. aapki police kya kar rhi thi? kisi ko saza dilane ki zimedari police ki hoti hai, adalat toh jo uske samne facts rkhe jayenge uske adhaar par faisla de degi yeh toh police ki zimedari thi na tamaam surag suboot pukta tareeke se rkhe jate adalat mai. aap ulti ganga bha rhe hai. O P sagar ji aap ips reh chuke hain.mujhe aap ek issi par spashti karan dijie jo baat keh rhe hai naveen ji. unki baat ki samajh se pare hai. yeh toh police ki jimmedari hai na sir? jo state machinery ka hissa hoti hai jo aise apradhiyon ke khilaaf puri pukta surag suboot adalat mai rkhe jae ki wo bahar hi na aa pae jail se. Sagar ji? ",0
17:40 ,(SPEAKER 5)," Bilkul. Dekhiye police ki zimmedari hai. Meri baat bhi sun lijiye jain. dekhiye abhi jain sahab ne bataya hai dekhiae. Har police mein har vyakti koi jimmedari hoti hai thana level per chowki level per. Aur yahan tak ki gaon mein chaukidar ki vyavastha hoti hai vah bhi jata hai. Gaon ka chaukidar thane ko report karta rahata hai har waqti ke vashay mai. Itna bada apradhi toh tabhi ban sakta hai jabki uska har jagah. ghusPet rahi ho har jagah pet rahi ho aur har jagah jo hai wo sab se sampark mein rahata hai. anyatha Jamanat ho gai thi aur theek hai. court ka perview hai, court jamanat kar sakti hai lekin court ki jamanat ke bad Kya police ko koi hatt toh band nahin gaye the. Dobara kisi na kisi ki case mai usko Kar sakte the pahle toh jamanat cancellation ka bhi pravidhan hai. zamanat cancel krai jaa sakti thi. Aur tamaam uske bad ke apradh hai. Un apradho mai bhi usko book kiya jaa sakta tha. Toh yeh kahin na kahin chuk hai uske prati. Narmi bhi dikhai gai hai. Sthaniye sthar pe ho sakta hai ki vah jo bataya gaya hai.",0
18:50 ,(ANCHOR), nahi nahi toh ek minute ek minute. Mai chahunga thoda OP sagar ji aap yeh saaf kre. yeh jo narmi humne dekhi hai.Kya sirf iss sarkar mai aapko narmi nazar aa rhi hai ya pichle ki saalo se ki sarkaro mai issi tarike ke haalat rhe hai? apradhiyon ko rajnitik sanrakshan milta rha hai. tamaam partyiya apne apne hisaab se apni sahuliyat se inka istemaal karti rhi hai.,0
19:09 ,(SPEAKER 5), Dekhiye 3 pramukh party ke vaktagan yahan per maujud hai pravakta gana aur pichhle 35 sal mein maine up police mai hi kam kiya hai. Toh iss mai Abhi toh har party ka jo hai apne preshit jab bhi uska prabhav raha hai sarkar mein rahe. Prabhav aur badh jata hai. Toh voh zaroor sanrakshan dete hain. yeh sanrakshan dene ki pratha itni kharab hai ki yeh Pidi dar pidi chalti chali aa rahi hai sarkar diye.Har sarkar mai yeh ho rha hai. Kisi ek sarkar ka mai doshya ropen nahin kar sakta agar aisa na ho Jis din sarkar mai Apraadhiyon ka sanrakshan nahin hua vahan kaarvayi shuru hui hai shuru hui to fir uske bad mein Sanrakshan dene walon ke baukhlahat ho gyi. fir unhone apne prayas kiye sanrakshan dene ka jo prakriya hai use chalu rakhi.,0
20:02 ,(ANCHOR)," Bilkul aur hmne toh dekha hai. jo tasveere mere samne aa rhi hai na sagar ji. sp,bsp,bjp tamaam partyiyo ke netao ke sath tasveere dikh rhi hai. iske gehre talukat samjh mai aa rhe hain. iss history sheeter ke.naveen ji sawaal yeh hi Yogi sarkar jab wahan satta mai aai uttar pradesh mein to kanoon vyavastha ek bada muddha tha aap ke liye. law and order. Kya yogi sarkar ka dar khatm ho gaya apradhiyon mai? Police walon ki hatya karne mai nahi darr rhe hain aaj ki tareekh mai.",0
20:28 ,(SPEAKER 1)," DEkhiye nishchit roop se 2017 mein jab hamari sarkar bni. humne Do jo pramukh kaam kre mai batana chahunga. Uttar pradesh mein prati  lakh jo sipahiyon ki sankhya honi chahiye manak ke anusar, usme bohot kmi thi. lagbhag 1.5 lakh sipahiyon ki kami thi. Humne lagbhag ek lakh ni sipahiyon ki bati ki, 60000. aur police ko ko nye sansadhan diye. taaki police apradhiyon ka muqabla kar ske.aur aap dekhiye aise apradhi charn Safed mafia jinka ghazipur se ghaziabad tak aatank tha. AAj wo jaan ki bheek mang rha hai kisi ko heart attack ho rha hai.aur jo maine pehle baat likha ki up leyane ke piche hmara yah hi udeshya tha iss prakar se appar sampati apradh ke madhyam se arjit krke jo log kisi bhi dal ki sarkar se unse apni ghuspet bnate hai. adhikariyo se miljul kar ghuspet bnate hain. inka wo aarthik samrajya hum tod ske. taki unke pass paisa nhi rhega,jail ke andar rhenge.Unko jo ardh sang vyavastha hai wo samapt hogi. lekin durbhagya se kanoon vyavastha ko antar sparsh krne wale samajwadi party se poochiye ki kyun vidanparishad main aapne gira diya. ",0
21:39 ,(ANCHOR), Jawab dijiye abhishek mishra ji. jawab dijiye. abhishek mishra ji aap toh sarkar mai mantri bhi rhe hain. jawab dijiye jo keh rhe hain naveen srivastav. ,0
21:55 ,(SPEAKER 2)," naveen ji bol le wo. Dekhiye abhi aapse jain sahab bhi comment kar rhe the.Jain sahab ne bhi btaya ki aaj ki tareekh mai jitne bhi kanoon hai, sarkar ki jo vyavastha hai aap sunne toh usme agar vidhannsabha mai koi bhi kannon agar pass hota hai. Constitution naveen ji ne bhi pda hoga. wo acche se jante honge, wo sarkar chla rhe hai.ki Agar vahan se vidhansabha se pass hokar jata hai to koi tarika nahin hai ki vidhan parishad kisi bhi kanoon ko. gira ske.Kisi bhi kanoon. agar wo ek bar select committee ko refer hota hai dubara wapas jata hai vidhansabha, wo pass karti toh swath pass manna jaata hai.yeh hindustan ke samvidhan ke niyam hai. yeh toh iss baat ka jawab hai. Sawal aaj jo jain sahab ne kha already yahan par systems available hain.inke pass koi kannon hi nhi hai agar ladne ke liye toh to yeh apne hath jodkar baith jaye toh alag baat hai. inke Dgp ne jo aaj dgp hain unhone kaha abhi jain sahab ne bhi kha ki nsa availbale hai,gangster act available hai. aapke gunda act available hai.aap karavai kar sakte hai. 3 june issi saal aaj se theek ek mahine pehle dgp uttar pradesh ne chitthi likhi thi ki police ke upar lagatar hamle badhte jaa rha hain. infact aapne kal ki bhi ghatna dekhi hogi jahan banaras mai police ki collar pakde hue photo chal rhi thi banaras mein bjp ke neta hai pakad rkha tha. wo photo bhi bohot viral hui. mai uss mude ko nhi laa rha hoon warna bohot sarre mudte beech mai aa jayenge.dgp ne 3 june ko cheethi likhi ki police ke upar lagatar mukadme ho rhe hain. police ke upar lagatar ghatnae ho rhi hain.",0
23:28 ,(ANCHOR), dekhiye aap dono kanoon ke baat krke iss debate ko uljhaiye mat. mai bda sadharan sa sawaal pooch rha hoon. aur akhilesh pratap ji. aap din mai bahas mai. kya sirf yeh kanoon se juda mamla hai yah to badi sadharan se baat yeh nazar aa rahi hai na sarkar ikbal se chalti hai. police ka dar hona chahie apradhiyon mai. Police wale dabish dene jaate hain aur unhe gher kar un par firing shuru kar dete hai apradhi. aur ek police wala hi mukhbiri krta hai. aaropon ke ghere mai pura thana hai ki wahan se jasoosi ki jaa rhi thi. police wali ki jankari apradhiyon ko di jaa rhi thi. unke movement ki jankari. yeh ho kya rha tha? ,0
24:02 ,(SPEAKER 3), yeh jo Bjp ka vikas hai na. yeh hi hai Vikas. ek vikas ko janta dhoond rhi hai ek vikas ko up ki police dhoon rhi hai. sacche maine mai issi cheez ka vikas hai bjp.aur dekhiye in apradhiyo se kitna sneh hai bjp ke bde netao ko.Chhoti chhoti baaton pe pure desh ke bde netao aapke charno par behes krne aate hain. aaj hme pta lga koi aane ko teaiyaar nhi ho rha hai. kyun bhai? police ka hosla bdhane ke liye aur apradhiyon ko demoralize krne ke liye agar stta prasth ke log nahin ayenge toh kaun aayega.yeh saaf dikhata hai ki aap apradhiyon se mile hue hain. yeh saaf dikhata hai ki aap mukadme wapas lenge apradhi.,0
24:54 ,(ANCHOR), dekhiye yeh badi hairani ki baat hai ki itni badi ghatna ghat gyi hai aur aap log abhi bhi tu tu mai mai mein uljhe hue hain. sawaalon ke ghere mai tamaam sarkare hain. porrv mai jitni sarkare rhi hain kyunki iss history sheeter ke sambandh sp ke netaon ke sath bhi btae jaa rhe hain. bsp ke netao ke sathbhi aur bjp ke netao ke sath bhi. jo satta mai baithe hai wo hi aise sapolo ko palte rhe hain. uttar pradesh mai jab bjp ki sarkar bni toh ek bda muda tha law and order. ek bda masla tha jis ke adhar par janta ne vote diya. Mukhymantri yogi adityanath ne yeh dawa kiya tha ki up se apraadhi apraadh ko chhod de ya fir uttar pradesh chhodkar chale jaye.sawaal kai hai aise mai ki kya up mai kya ho raha hai iss tarah ki jo durghatna ho rahi hai to kya sarkar ke bal ko lekar sawal nhi khade ho jayenge. hum aapko seedhe liye chalte hai ak jain ke pass. hamare sath uttar pradesh ke dgp reh chuke ke jain sahab jude hua hai. ak jain ji ek seedha sa swaal hai aur mai chahuga ek seedha sa jawaab dijiyega aapko kya lagta hai khas tor par kanpur ki ghatna ki agar hum baat kre. toh iske liye police system ko aap zimedaar mante hai ya political system ko. ,1
25:55 ,(SPEAKER 3), dono zimedaar hain. yeh Police ca system bhi zimedaar hai aur Number one per mein police ke system ki kamjori manta hu ki unhone koi rajnitik dabaav ko maana. Iski parnate yeh hui ki 8 logon ko shahadat deni padi police ki taraf se. Jyada se jyada transfer hoga is jyada kuchh nahin hoga. Jab zillon mein posting hoti thi. Humko ye sikhaya gaya tha ki sabse pahle Jile ke jile ke number 1 adhikarik par ke jo Number one criminal par hath daaliye. Top criminals ko jo hai unko palayin ke liye bebush kar dijiye. toh yeh chote mote apraadhi dil mai dubak jayenge. aise bde apradhi ko chodkar ap dusre apradhiyon aapke kanpur mai tenaat adhikari kya karte. ,0
26:53 ,(ANCHOR)," kya karte rhe naveen srivastav ji jawab dijiye Kya karte rahe kya itni badi ghatna ka intezar tha? Aur aap bsp, sp ki taraf ishara isliye mat kijiyega kyunki 3 sal aap logo ko ho gaye stta mai. 3 sal ka waqt kaafi hota hai pure tantra ko thik karne ke liye doroost karne ke liye.",0
27:09 ,(SPEAKER 1), aapko mai nahin kahunga ki humne kya kiya ya nahin kiya. janta ne mai bohot sehmat tha ki. Adhikariyon ke kisi dabav mein nahin aana chahie lekin aap yad kariye ki jab Police ke shiksha adhikari ki posting tera number kya hai toh hamara jatigat samvikaran theek hai.toh yeh adhikariyon mai mehfil jaisa tha. adhikari rajnitik dabaav ko na mane yeh bohot acchi baat hai.aur humne iss parampra ko shuru kiya ki jo varikakram mai jo kabil adhikari hai unko.,0
27:39 ,(ANCHOR)," uska haseel kya hua naveen srivastav ji, chaliye aapne bde acche acche kaam kiye. usse haseel kya hua ? kanpur mai 8 police wale maare gye.",1
27:46 ,(SPEAKER 1), nishchit roop se in saare ki jaanch ho rhi hai ki itna bda apradhi kis prakar bdta chla gya. giraftaar kiya gya. aur dhed saal bad jab tak toh hua aur mai btana chahunga ki jab uske khilaf nya mukadma likha gya toh ussi ko pakadne ke liye. Aisa nhi tha ki police soi hui thi jis prakar se kha jaa rha hai ki police usko choot gya agar.,0
28:05 ,(ANCHOR)," Police davisg dene gyi. Dusri taraf wo police wale the jinhone mukbari ki thi. Tabhi toh sawaal khade hue hain. Akhilesh Pratep ji, jaldi se.",0
28:11 ,(SPEAKER 3)," Dekhiye mai yeh btaya jaa rha hai ki uttar pradesh ki sarkar bda nishtark, police toh bda prasraj de kar kaam karti hai.mai toh uska udharan bta rha hoon. 59000\. Aur uska khulasa ek imandar aur karmadh adhikari rah baat ka tasvi karta hai.aur uski raato raat posting kar di jaati hai.Akhilesh ji inke mute kre.Akhilesh ji inke mute kre.sunna sikhaiye inn logo ko pehle. Dusri baat jab bulanshaher mai dange hue the sare aam ek inspector ko goli maari gyi thi. bdi mushkil se uske hatiyaare ko pakda gya tha. Aur jab wo choot kar aaya toh inhi bjp ke satyadhari logon ne uske vijay zaroor se nikala, usse sar ankho par bithaya tha. Jab iss prakar se aprdhiyon ka sanraksh hoga. Police ki galti vichitr roop se hai lekin satta mai baithe log jon apradhiyon ko prastha denge.Aaj usi ka nateeja hai.",0
29:10 ,(ANCHOR)," Toh kya akhilesh ji, sab sawaal sun lijiye. theek hai mai maanta hoon aapki baat. toh kya sirf yeh bjp ke zammane mai ho rha hai, sirf bjp ki sarkar mai.sp, bsp ke zamaane mai kuch nhi hua? Apraadhiyon ko prashrrn nhi diya gya kya ya kya aap yeh keh sakte hain danke ki chot par imaandari ke sath ki aapki party mai ek bhi apraadhi nhi hai?",1
29:30 ,(SPEAKER 2)," Aap kis baat ka sawaal pooch rhe hain, yeh toh bjp waala case chal rha tha, yeh aap kyun pooch rhe hai yeh sawaal. ",0
29:34 ,(SPEAKER 3)," Suniye Suniye, mai bhi imaandaari se bolunga, aap bhi imandaari se bolyega. kis ke samay mai jo kuch hoga wo dosh ke adhaar par barta hogi uski.uss par baatcheet ki jayegi? kya har baat par desh ke mukhyamantriyon se steefa mangne wale aaj aap aur aapka channel vartman logtmantri se steefa mangega ? boliye? mangenge yeh steefa aap? aap hamesha mangte rhe hai.mangiye steefa.kyun nhi steefa mangte hai aap? iska bhi steefa manga jayega. koi samaan si ghatna nhi hai. aap mangiye steefa.apradhiyon ko sanraksh de kar ke jo jis ko zimedaari jab milli hai.uski jawab de hi hai.",0
30:18 ,(ANCHOR)," Abhishek mishra ji, aaiye, abhishek mishra ji boliye ",0
30:22 ,(SPEAKER 2)," Akhilesh ji yeh aap badi badi bate kar rhe hain. Main aapse 3 seedhi seedhi baatein puchta hoon,agar aap jawab dila sakte hain toh dila dijie. Ki ips ki baat kar rhe hai, ips afsaro ne likhkar ke posting mai rupay-paise ki shikayat ki.jis afsar ne shikayat ki, us aadmi ko dusri cheezon mainfasakar ke aajtak kinare kar diya gya. uss par kya hua, ghre mantralay kiske pass hai aapko pta hai, mani mukhyamantri ke pass. kya uspe karwai hui? koi karwai nhi hui aajtak. iske baad,dusra sawal, inhone inke stf ne pradesh level pe, greh mantralay ke level pe again mukhyamantri ke pass hai. 25 logo ki list nikali uttar pradesh ke most wanted ki. jo ki march mai aayi, usme vikas dubey ka naam nhi tha. ",0
31:04 ,(ANCHOR)," chaliye, yeh yeh yeh bada mudda hai. theek hai mai issi pe sawaal puchta le leta hoon. yeh aapne sahi point bola hai. naveen srivastav ji jawab dijie.uss list mai vikas dubey ka naam kyun nhi tha? ",0
31:14 ,(SPEAKER 2), inke dg ka ek aur point hai ,0
31:22 ,(SPEAKER 1)," akhilesh ji, abhishek mishra ji iim se pade bhi hai, bade vidvaan hai. toh yeh suchi pta nhi inhone apne ghar mai bnai hai ya car ke niche dekh ke mili hai, yeh behtar jante honge. lekin hmari police lagatar karwai ki, kya uttar pradesh ke jo bhi apradhi ho. aur vikas dubey ke khilaaf police karwai krne gyi thi, uske ghar usse maala pehnane nhi gyi thi.yahan par hmare 8 jawan shaheed hue. aap kaisi bate krte ho? ",0
31:44 ,(ANCHOR)," dekhiye iss karwai ki koi aalochna nhi kar rha hai naveen srivastav ji, do muddo ko aap ek sath mix mat kijie. aap samjhiye, police ki karwai hui hai. kar koi usse salaam krta hai. wahan 8 police walon ki jaan bhi gyi hai. lekin sawaal isliye bda khda ho gya hai ki kuch aise police wale the jo mukhbiri kar rhe the. toh kya uttar pradesh mai aaj bhi kai aise police wale hain jo apradhiyon ke sanrakshan mai pal rhe hain? salary lete hain, tankhwa lete hai sarkar ki aur kaam karte hain apradhiyon ke liye. ",1
32:11 ,(SPEAKER 1)," Ji yeh gambhir vishay hai, aur iski jaanch bhi ho rhi hai aur isse bohot hi gambhirta se jo isko samjhega, uski nilamit karke, usko hirasat mai lekar, stf puch tack kar rhi hai. baaki saare log bhi aur jo ek prashn baar baar aa rha hai ki kaise wo itne din bacha rha lekin khulke btana chahunga. 19 tareekh ke baad wo dilli mai rha, jab wo yahan rehne lga toh police ko pta chla. police chaapa marne gyi aur usne yeh durghast khatna hui aur yeh kehna ki agar kisiko ko uska sanrakshan kab tak bhari rhega toh police krne kya gyi thi iska jawab aap log de dijie aap log. ",0
32:42 ,(ANCHOR)," nhi nhi dekhiye, sanrakshan toh tamaam dalo ka prapt rha hai. aap log maane na maane, bjp ke netao ke sath bhi uski tasveer hai, samajwadi party ke netao ke sath bhi connection hai, bsp ke sath connection ki baat usne khud swikaar ki thi. ",1
32:55 ,(SPEAKER 2), Bilkul galat baat. ,0
32:58 ,(ANCHOR), Kya galat hai ? ,1
32:58 ,(SPEAKER 2), Akhilesh ji aap saabit kar dijie.mai maan jaunga aapko. akhilesh ji mai challenge karta hoon. ,0
33:03 ,(ANCHOR), aapne matlab uska bayaan hi nhi sunna hai. Jo yeh history sheeter hai uski mataji har jagah interview de rhi hain. akhbaro mai baat chaapi hui hai ki samajwadi party ke netao ke sath bhi uske taluqat rhe hain.,0
33:04 ,(SPEAKER 2)," Akhilesh ji, aapke channel par bhi sunna maine, agar aap mujhe btaiye kahan par. koi ek photo ho, koi ek parchi humne bnai ho. ",0
33:24 ,(ANCHOR), unki maa keh rhi hai. tasveere samne aa chuki hain jisme vikas dubey apni patni ke sath aur piche samajwadi party ka poster hai. ,1
33:33 ,(SPEAKER 1), Arre congress party se bhi pooch lijie. ki priyanka vadra.. ,0
33:36 ,(SPEAKER 2), Wo bilkul galat poster hai. ,0
33:39 ,(ANCHOR), galat poster hai toh karwai kyun nhi kari aap logon ne.wo uss zamaane ka poster hai jab zila parishad mai chunav lad rhi thi iski patni. ,0
33:45 ,(SPEAKER 2)," unki patni na kabhi sadisya rhi,na kabhi ticket diya gya unko.galat baat hai, 100 % galat baat hai. ",0
33:56 ,(SPEAKER 3)," Dekhiye dekhiye, jab police hi uski mukhbiri kar rhi hai toh aapki police ka mai baap wo hi hoga. wo ssp wahan ka, aur jaisa btaya gya hai ki police ke upar control karta tha. kaise control karta tha? kyunki uski baat sarkar ke dwara police mai sunni jaati thi. warna kyun koi police wal apradhi ke samne dag mastak ho. koi police wala itna garag mand nhi hota lekin jab uske satta mai baithe log, uss police wale ko majcboor karenge ki tum uski sunno. ",0
34:30 ,(ANCHOR)," chaliye mai ek minute, break ke liye jaaye usse pehle akhilesh mishra ji ne ek sawaal khda kar diya tha. mujhe lagta hai unhe sunna chahiye.vikas dubey ki mata ji ne kya kha tha. tamaam rajnitik partiyon se connection ki baat. zarra suniye aap. ",0
35:13 ,(ANCHOR)," Puri timeline hai,mataji bta rhi hai,vikas dubey ki mataji ko aapne sunna ki 5 saal bjp mai, 5 saal samajwadi party mai aur mayawati yani bsp ki party mai 15 saal yeh rha hai history sheeter. aur yahan behes mai hmare sath jo tamaam rajnitik dal ke neta hai jo ek dusre par aarop lga rhe hain lekin khud ke andar jhankne ka prayas nhi kar rhe hain. ",1
35:40 ,(ANCHOR)," aur seedha sawal naveen srivastav ji aapse hai, bjp ke aap pravaqta hai. yogi adityanath ko aapne sunna. kanpur ki ghatna yeh btati hai ki na apradhi ne apradh choda aur na uttar pradesh chodkar gya balki 8 police walo ki hatya ho gyi. boliye. ",0
36:06 ,(SPEAKER 1)," dekhiye aap jo aisa key rhe hain, aisa nhi hai. uttar pradesh ke bade bade apradhi uttar pradesh ki jailo ko chodkar baagh gye videsho mai kyunki aur yeh vikas dubey giraftaar kiya gya tha, jail gya tha, 1.5 saal baad jail se choota, uske baad jab wo wapas lota toh police uske ghar davish marne gyi thi. usko giraftaar karne gyi thi. jahan par yeh dukhad ghatna hui. aap iss cheez ko kyun nhi yaad kar rhe ki hmari sarkar mai giraftaar hua, jail gya. agar usko rajnitik sanrakshan tha toh kyun giraftaar ho kar jail jaata? uske ghar bhi. ",0
36:38 ,(ANCHOR)," chaliye o p sagar ji, aap sunn rhe hain kis masumiyat se daleel de rhe hain naveen srivastav. haan boliye. aapko udharan dene ki koi avashyakta nhi hai. kanpur ki ghatna apne aap mai sab kuch keh deti hai. op sagar ji. ",1
36:42 ,(SPEAKER 5)," naveen ji dekhiye mai yeh kahna chahunga dekhiye political spokesman wo apni party ka haq rkhenge, hamesha apne paksh mai bolenge. lekin vastvikta mai aaiye. dekhiye kitni badi ghatna ho gyi hai. yahan par rajniti karne ki kya zaroorat hai? sarkar hai, sarkar ko zimma bhi lena chahiye aur isse abhi tak sab sarkare karwai karti rhi hai esa nhi hai. sab hi sarkaro ne police ko sansadan bhi uplabdh, bhartiyabhi ki hai. koi esi advitya baatein nhi hai jo pehle na hui ho. lekin sanrakshan waali baat hamesh chali aa rhi hai yeh pratha itni kharab hai aur yeh chalti rhegi toh fir yeh issi prakar ki ghatnae hoti rhengi. abhi aur boht sarri ghatnae hai yeh alag baat hai ki isme nuksan bohot bda ho gya hai lekin aur bhi aisi ghatnae aisi hui hai jahan par rajnitik sanrakshan ke chalte bade bade apradhi jo hai wo yahan par panapte rhe hain.",0
37:58 ,(ANCHOR)," Aur sawaal toh yeh hi hai na ak jain ji, ak jain ji aap toh uttar pradesh jaise bade rajya ke police ke mukhya rhe hain. yeh rajnitik partiyan agar na seekhein toh kya itne bade apradhi banenge, itna bda apradhi tayaar hoga kahin bhi, ban payega kahin bhi? jain sahab.",1
38:14 ,(SPEAKER 4)," dekhiye mera, koi baat se bhagta nhi, up ki yogi ji badi apeksha uttar pradesh ki janta ko hai aur jo ghatna hui hai. iske kram mai tumabhik hai, alochna hogi.",0
38:41 ,(ANCHOR)," Ji toh ak jain ji se hmara sampark tut gya lekin ak jain sahab ne jo baat kahi thi ussi ke sath mai aaj ki behes ko samapt krna chahunga. ki darsal jab yeh sarkar aayi uttar pradesh mai. uttar pradesh mai yogi adityanath ki sarkar toh janta ki tamaam umeede thi aur khas tor par kanoon vyavastha ke front par. aise mai aane wale dino mai iss tareeke ki vyavastha bne char chogand surakasha intezaam ho ki koi apradhi aisa dusahas na kre, har kisi ki yeh hi umeed rhegi.",0
