timeStamp,speaker,text,label
00:00 ,(ANCHOR), namasakaar shaam ke 5 baj chuke hai aap jaante hai waqt ho gaya hai bhais ka number one show taal thok ke aapake saath main hun aman chopra desh ko fatwa chaap maulanao se bachao bahut hi gambhir vishe hai bahut dhyan se suniyega fatwe sunayenge bharat mein shariya layenge taal thok ke hum yahi sawaal puch rahe hai kyunki bharat ke samvidhan ke khilaf ab bangal ke murshidabad mein fatwa gang ne ek naya fatwa jaari kar diya hai. fatwa sunenge hairan rahe jaenge matlah pehle toh ram rajya mein fatwaon ka kya kaam hum log yeh sawaal utha rahe hai desh samvidhan se chalega ya shariya se in logo ke fatwe se isliye is fatwa gang ke khilaf fatwa chaap maulanao ke khilaf taal thokna bahut jaroori hai. yeh paschim bangal ke murshidabad ke adyohta nagar mein tv dekhna aur carrom khelna haram hai padhiye dekhiye sharab peena jurmana do hazaar rupaye sazah hogi kaan pakad kar uthak baithak kariye aur suchna dene par paanch sau rupaye ka inaam. yeh samanatar sarkar wahan par chala rahe hai computer par gaana suna toh hazaar rupaye ka jurmana maafi mangni padhegi aur suchna dene wale ko do sau rupaye ka inaam computer par gaana suna tv dekhna tv agar dekha gaya yaha is ilaake mein aap sochiye bharat mein is tarah ke ilaake hai aur inki yeh samantar sarkar wahan par chalti hai yeh fatwe jaari karte hai tv dekha toh ek hazaar rupaye ka jurmana sazah hogi maafi mangni padhegi aur do sau rupaye diye jayenge jo suchna dega mobile par gaana suna toh ek hazaar rupaye ka jurmana maafi mangni hogi do sau rupaye suchna dene wale ko hum log aaj yeh isliye sawaal utha rahe hai ki fatwa mukht bharat kab fatwaon se azaadi aakhir kab milegi aur yeh bhi ek bada sawaal hoga ki fatwa gang ke aage kya yeh mamta ka surrender hai kya kyunki mamta banerjee bataya ja raha hai wahan ki jo local panchayat hai woh tmc dominated hai aur local panchayat mein yeh faisle ka swagat kiya hai aap hairaan ho jayenge trinamool congress ki dominated jo wahan par jo local panchayat hai usne swagat kiya hai dalip ghosh keh rahe hai yeh toh taliban jaisa haal hai fatwaon ka taliban didi ki mamta didi ki mamta fatwaon ka taliban yahi hum log debate kar rahe hai shahnawaz hussain shahnawaz hussain mere saath bjp ke rashtriya pravakhta is waqt mere saath judh chuke hai mere saath tariq fateh judhyenge sangeet ragi sahab hai nigat abbas lekin sabse bada sawaal fatwaon ke taliban par didi ki mamta kyu fatwa chaap maulanaon se desh ko bachaon yeh badi bhais taal thok ke pehla sawaal shahnawaz hussain sahab aise mein toh aapko kitne ka fine dena padhega ek hazaar rupaye ka shahnawaz hussain sahab naah toh aap tv naah sirf aap tv dekh rahe hai balki tv debate bhi aaye huye hai  ek hazaar rupaye ka jurmana bukhtna padega bahi shahnawaz hussain sahab. ,1
02:50 ,(SPEAKER 1), nahi main toh samne mein tv dekh bhi raha hun aur tv debate bhi kar raha hun aur maine jo dekha ki zee news pe kahi maulana bhi aate hai aapki tv debate mein aur tv debate se hi log unko bade bade maulana ki taur par jaante hai aur kahi aise maulana aate hai jinko zee news ne baitha kar aapne bade bade maulana ka parichay ho gaya desh mein aur log unko jab woh tv debate baith the hai toh pehle toh un par yeh lagu hoga ki nahi hoga hum log toh yeh kehte hai tv dekhne par hazaar rupaya aur debate karne par kahi dus hazaar na mang le hum toh debate bhi kar rahe hai dekhiye kuch log hai jo islam ke naam par ek  ,0
03:36 ,(ANCHOR), ek humaare saath maulana nadimuddin hai shahnawaz hussain sahab unse baat kar rahata hun na aapki  ,0
03:37 ,(SPEAKER 1), ji jo bhi hai  ,0
03:38 ,(ANCHOR), maulana nadimuddin hai  ,0
03:38 ,(SPEAKER 1), pehle toh unse dekhiye main toh maulana nahi hun main bjp parvakhta ke naate official spokesperson ke naate tv pe baitha hun  ,0
03:46 ,(ANCHOR), boliye  ,0
03:46 ,(SPEAKER 1), lekin main yeh maanta hun ki agar tv mein aana ek hazaar rupaya debate karne ka dus hazaar rupaya lag jaega toh dushvari yeh hai ki yeh kaun log hai kahi baar ab mein kahi jaata hun toh log puchte hai mein sansad raha hun bjp ka parvakhta hun us naate party bhejti hai aap ki tv debate mein lekin kahi baar log kehte hai ki koi aakar muslmano ke behalf pe mein bjp ke behalf jo kahunga meri party own karegi kyunki main bjp ka official spokesperson hun lekin kahi log muslmano ke behalf par aakar fatwa dene lagte hai kaun unko adhikar deta hai woh kaun hai koi kisne hak de diya unko tv dekhne pe hazaar rupaya is pe yeh rupaya toh tv aane par bhi toh photo kich jaati hai us par bhi kya paisa mangange woh aise logo ke khilaf muslim samaj ko khade hona chahiye aise log apna chehra chamka kar is tarah ka fatwa dekar pure muslim samaj ko badnaam karte hai katgare mein khada karne ka kaam karte hai aur inka koi jan aadhar nahi hota hai koi inki koi maqbuliyat nahi hoti  ,0
04:54 ,(ANCHOR), aapko inko dutkaar dene se yaha aapke inka koi jan aadhar yeh kehne se aisa nahi hai ki inki wahan par chal nahi rahi hai meri wahan par jo humari sahyogi hai unse maine baat ki hai wahan par log dare huye hai wahan pe log keh rahe hai ki ab hum tv kaise dekhenge woh keh rahe hai ki woh log wahan par unki moral policing chal rahi hai pure ilake ke andar woh jo gaon hai pura adyohta nagar murshidabad ka woh keh rahe hai ek gaon ki report aap tak paunchi hai na jaane aise kitne adhyota nagar hai naa jaane kitne aise murshidabad hai wahan par unka khauf hai woh log wahan par samanatar sarkar chala rahe hai shahnawaz hussain sahab woh fatwe jaari kar rahe hai woh samanatar sarkar chala rahe hai woh keh rahe ki sar mundvakar sadak par ghumaya jaega in logo ko jo wahan par sharab bhechega  ,0
05:38 ,(SPEAKER 1), dekhiye dekhiye mamta ji ki jo sarkar hai woh isi tarah ke anasir ko aage badhane ka kaam karti rahi hai ab dikat dusvari yeh hai ki pehle bhi aapne dekha ki kuch bangal se ek imam sahab the unhone tv par toh aakar gandi gandi gaaliyan bhi boli thi main zikar unka naam ka bhi nahi karna chahta aur us gaali ka bhi nahi karna chahta lekin aise logo ko protsahan kaun de raha hai yeh desh samvidhan se chalega jo log samvidhan ki duhaai de rahe hai woh kahenge ki tv dekhne par hazaar rupaye ka jurmana hai kaun log hai aise aise logo ko pardafaash karna chahiye aur wahan ki police ko in par mukadma kayam karna chahiye inko yeh adhikar kabhi nahi diya ja sakta ki is tarah ki bakwaas bari baate kahe aur uske baad pure  ,0
06:23 ,(ANCHOR), jaante hai aap jaanate hai ki up mein bhi aise kahi gaon aap ko pata hai mil jaenge jahan is tarah ke fatwe jaaree ho rahe hai to yeh to kaanoon ka dar samvidhan ka dar ab kal hi maine debate kari thi ki jai shri ram kehne par jo hai zinda jalane ki dhamki de di gayi toh yeh sari chize toh ho rahi hai na. aligarh mein hi kal hua hai uttar pradesh ke aligarh mein jai shri ram bolne par zinda jalane ki dhamki de di gayi ruby khan nargis kal hi maine debate kari toh yeh sirf bangal nahi hai yeh toh up mein bhi ho raha hai up mein toh aapki sarkar hai  ,0
06:50 ,(SPEAKER 1), ji ji aman ji main ji main nahi main aapko keh do up mein is tarah ki harkat karne walon ko yogi ji achi sabak sikhate hai aur agar aisi koi harkat karega toh uski izazat uttar pradesh mein nahi di ja sakti aur aise logo jo log dhamki denge un logo ko jinko dhamki denge unko protect bhi hum karenge aur dusri baat hai ki agar koi vakhyti yeh kehta hai yahan jai kehte netaon ki jai keh denge lekin jai shri ram kehne par fatwa laga denge yeh kya baat ho gayi yani ek taraf toh allah mein iqbal keh rahe hai imam e hind hai aur uske baad unko agar kisi ne keh diya jai aur zindabad ka matlab kya hota hai yahan netaon ka brashat netaon ka toh jai kehne ko taiyar hai   ,0
07:38 ,(ANCHOR), thik sir humare saath maulana nadeemuddin ,0
07:37 ,(SPEAKER 1), lekin agar is tarah ki koi naam le le toh us par is tarah  ka jurmana  karenge kahisavikar nahi hai ,0
07:41 ,(ANCHOR), thik sir humare saath maulana nadeemuddin hai bahut bade islam ke jankaar hai aur matlab maulana nadeemuddin sahab tv dekhna photo kichvana gair islamic hai toh aap muslim nahi hai kya ya ab aap tv par baith kar tv dekhne ya tv mein aane ke fatwe ko jayaz therayenge kaise  ,0
07:59 ,(SPEAKER 2), dekhiye  ,0
08:01 ,(ANCHOR), hanji hanji  ,0
08:01 ,(SPEAKER 2), suniye ye chand sirfire log inko islam aur muslmano se jodh ke dekhna toh bhagya hai yeh dosh desh loktantrik hai yeh desh mein sabko apni apni baat rakhne ka adhikar hai isko sirf rai maniye fatwa mat maniye tv mein main bhi aaya hun tv mein islamic programme ho rahe hai bahut sare duniya ke andar islamic channel hai jahan log apni baat kar rahe hai islam ki baat kar rahe hai apni baat bata rahe hai gaana sunna thik hai ki islam ke nafte nazar se gaana ek alag chiz hai magar aap  ,0
08:35 ,(ANCHOR), gaana alag chiz kaise hai. jo gaana sunega woh muslman nahi kehlayega  ,0
08:39 ,(SPEAKER 2), arre suniye main main kya bol raha hun pehle suniye toka taki mat kariye   ,0
08:43 ,(ANCHOR), nahi aapne bola gaana sunna alag chiz hai gaana sunna gair islamic hai  ,0
08:47 ,(SPEAKER 2), arre suniye pehle bharat mein bhi bees crore muslman hai dus crore se zyaada gaana sunte hai toh kya muslman nahi hai  ,0
08:54 ,(ANCHOR), nahi main bhi toh wahi aap se yahi puch raha hun gaana sunna gair islamic hai  ,0
08:58 ,(SPEAKER 2), arre suniye pehle aap baat hi aap tokhenge toh main kya bolunga main yeh keh raha hun  ,0
09:02 ,(ANCHOR), gaana sunna gair islamic hai sir  ,0
09:05 ,(SPEAKER 2), arre suniye is tarah ki baaton par aap debate karke unka hauslaafzahi kar raha hai unko badhwa de rahe hai  ,0
09:10 ,(ANCHOR), unke khilaf taal thokiye na aap aap ko kyu bulaya hai nadeemuddin ji log aapko sunte hai maulana nadeemuddin aapka samaan hai aapki community mein aap ko kyu bulaya aise logo ke khilaf taal thokiye na magar aap bhi uni jaisi baat kar rahe hai gaana sunna gair islamic aapne koi gaana nahi suna aaj tak  ,1
09:26 ,(SPEAKER 2), suniye jahan tak sharab ki baat hai  ,0
09:29 ,(ANCHOR), kaunsa gaana acha lagta hai kabhi gaana suna hai aapne koi  ,0
09:32 ,(SPEAKER 1), itne bade bade gayak huye hai hindustan mein kya woh gair islamic hai  ,0
09:38 ,(SPEAKER 2), sir sharab ek sehat ke liye thik nahi hai humare paas gutkha paan par bhi ban lageya gaya  ,0
09:43 ,(ANCHOR), arre toh woh kanoon apna kaam karega na rajya sarkar aapko kisne hak de diya yeh fatwa factory thodi na teh karegi shariya se thodi na chalega desh aap log teh karenge unki marzi jisko bahi sharab pina buri baat hai thik hai sehat ke liye thik nahi hai woh sarkar ke law and order machinery hai woh teh karegi fatwa factory thodi na teh karegi aap log thodi na teh karenge sar mundwa denge sadako par jaloos nikalwa denge hazaar rupaye ka jurmana laga denge sarkar thodi na hai aap log jo ki samantar sarkar chala rahe hai kya  ,1
10:08 ,(SPEAKER 2), suniye suniye tarik fateh roj baith karke muslmano ko gaaliyan deta hai aap usko roz bitha the tv par taki woh muslmano ko muh chidahe  ,0
10:16 ,(ANCHOR), pakistan ko gaali dete hai aapko pakistan hi asli muslim mulk nazar aata hai woh pakistan ko gaali dete hai muslmano ko gaali nahi dete aapki dikat hai yeh judeange mere saath abhi judeange woh pakistan ko gaali dete hai jinko aap ko bhi deni chahiye lekin aapka dharam aade aa jata hai isliye aap pakistan ko gaali nahi de paate hai dikat yeh hai sir  ,1
10:35 ,(SPEAKER 2), ek besharam aadmi kya desh mein muslmano ko batayega ki desh mein kya kya karna hai  ,0
10:39 ,(ANCHOR), aap batayenge aapke liye gaana sunna gair islamic  ,1
10:43 ,(SPEAKER 2), woh hume sikhayega  ,0
10:45 ,(ANCHOR), main aapase toh nahi sikh sakta sir gaana sunna gair islamic  ,1
10:47 ,(SPEAKER 2), arre kun keh raha  ,0
10:49 ,(ANCHOR), aapne kaha  ,0
10:50 ,(SPEAKER 2), main keh raha hun mujhe pasand nahi hai mujhe  ,0
10:52 ,(ANCHOR), nahi jo  ,0
10:53 ,(SPEAKER 2), mujhe gaana pasand nahi hai  ,0
10:53 ,(ANCHOR), aapako sunna jisko sunna pasand hai fatwa jaari karenge uske khilaf  ,0
10:58 ,(SPEAKER 2), uski marzi  ,0
10:58 ,(ANCHOR), aap hai kaun  ,1
11:00 ,(SPEAKER 2), mujhe pasand nahi hai aap ki marzi magar main yeh nahi kahunga ki aap mat dekhiye aapko main fatwa dene ka mujhe adhikar nahi hai. yeh desh loktantrik hai yeh desh shriya pe nahi chalta hai yeh desh jo samvidhan pe chalta hai humari marzi magar hum apni marzi aapko nahi thopenge jin logo ne fatwa diya sarkar ko karawayi karni chahiye sarkar kya kar rahi hai  ,0
11:23 ,(ANCHOR), dekhiye nadeemuddin ji agar aap log samvidhan par itna aapka bharosa hota na toh phir jai shri ram bolne par zinda jalane ki dhamki nahi di ja rahi hoti agar itna samvidhan par bharosa hota toh bengaluru mein dange nahi hote agar itna samvidhan par bharosa hota na toh kamlesh tiwari se lekar shali aebdo nahi hote tamam chize hai mainus par nahi jana chaha raha main isliye ise fatwaon par debate kar raha hun usi par rahenge mere saath tauseef ahmed khan sahab judh chuke hai tmc ke supporter hai tauseef ahmed khan sahab lawyer bhi hai woh aur ache tarike se ise samjha sakte hai tauseef ahmed khan sahab yeh tmc jo local panchayat hai tmc dominated woh support mein hai is fatwe ke matlab tushtikaran vote ka aisa chashma ki fatwa nahi dikh raha hai  ,1
12:01 ,(SPEAKER 3), dekhiye aap aur hum saare log jante hai ki fatwa ka koi legal sanction nahi hota hai yeh case specific hota hai agar kisi ghar mein maa baap bimar hai aur us ghar ka jawan bacha maa baap dhyan nahi de raha hai bahar jakar yeh carrom board khel raha hai sharab pi raha hai gaana baja raha hai toh us jagah mein us ladke ke khilaf bilkul sakhti honi chahiye ki tum sharab nahi pi sakte tum carrom board nahi khel sakte tum gaana nahi baja sakte isme koi burai nahi hai lekin aap usko  ,0
12:28 ,(ANCHOR), acha isme koi burai nahi hai matlab aapka bacha agar carrom board khelega aur us par koi koi savyambhu kathit roop se maulana paanch sau rupaye ka jurmana laga denge aapke bache par toh koi aapko dikhat nahi hai aap bharne jayenge paanch sau rupaye hazaar rupaye  ,1
12:40 ,(SPEAKER 3), aap dalip ghosh se puchiye dalip ghosh se puchiye aap ki kisi ghar mein jahan pe maa baap aap bimar padhe hai  ,0
12:45 ,(ANCHOR), nahi matlab phir toh aap sabse pehle bharenge hazaar rupaye ka jurmana sir  ,1
12:48 ,(SPEAKER 3), jahan pe bacha ko chahiye ki maa baap ke liye  ,0
12:49 ,(ANCHOR), aap tv par baithey hue hain  ,0
12:49 ,(SPEAKER 3), maa baap ke liye dawa le kar aaye maa baap ko hospital lekar ke jaye vo nalayak bachha maa baap ke maa baap ko lekar ke hospital nahi jaa rha nalayak bachha maa baap ka khyaal nahi rakh rha hai maa baap ke liye dawa nahi laa rha aur kar kya rha vo nalayak bachha jaa kar ke baag mei dosto ke saath mei group bna kar ke club mei jo hai shraab peta hai ,0
13:10 ,(ANCHOR), achha achha to carrom board par fatwa ,0
13:10 ,(SPEAKER 3), aur jaa kar ke vha par carrom board khelta hai to uss ke saath to sakhti honi chaahiye ki tum shraab nahi pena hai tum ko maa baap ka khyaal rakhna hai ,0
13:16 ,(ANCHOR), achha aaj yeh fatva jaari ho gya hai ki tv par aana gair islamic hai aap bhi uss nalayak bachhe ki tarah hai unke liye. tauseef bhai tauseef bhai aap ko btau aap bhi uss nalayak bachhe ki tarah unn logo ke liye jo tv par aakar photo khichva rahe hai aap ke khilaaf fatva aa chuka hai murshidabad mei aap bengal se nahi aap ke khilaaf fatva aa gaya hai aur aap ko fatva jayaz lag rha hai carrom board khelne par kitney kaa fatva hai paanch sau rupiye dene padenge. ,1
13:44 ,(SPEAKER 3), toh aap uske khilaf sakhti mat karna lekin murshidabad mein koi aisa nalayak bacha hai jo apne maa baap khayal nahi rakh sakta  ,0
13:51 ,(ANCHOR), aur nalayak kaun thai karega aap log thai karenge nalayak kaun thai karega uske maa baap thai karenge  ,0
13:57 ,(SPEAKER 3), sakhti karna chahiye  ,0
13:57 ,(ANCHOR), ya toh aapne maan liya aap bhi us nalayak bache ki tarah hai sir jo murshidabad mein aap nalayak bache hi the ,1
13:59 ,(SPEAKER 1), tauseef ji kya keh rahe hai aap   ,0
14:02 ,(SPEAKER 3), aap aap zee news mein nahi agar aap sahmat hai mujhe  ,0
14:05 ,(ANCHOR), mujhe harangi hai ki aap is tarah ki baat kar rahe hai  ,1
14:06 ,(SPEAKER 3), aap shanawaz sahab se puch lijiye ,0
14:09 ,(ANCHOR), aap lawyer hai aap is tarah ki baat kar rahe hai aap lawyer hai  ,1
14:13 ,(SPEAKER 3), agar koi aisa nalayak bacha hoga jo maa baap ka khayal nahi rakhta toh unke saath woh kya karna chahega  ,0
14:18 ,(ANCHOR),toh aapke bache nalayak honge toh padosi thay karenge chaliye thik hai agar aapke bache agar aapke bache carrom board khel rahe hai toh padosi thay karega aap thay karenge yeh padosi thay karega ki aap thay karenga ki aap kitna jurmana bharenge  ,1
14:32 ,(SPEAKER 3), carrom board kheliyega aapke maa baap jo hai ghar mein pareshan hai maa baap ko aap le karke hospital nahi jaate maa baap ke liye dawa nahi laate aur ja ke pados mein carrom board khelte hai  ,0
14:38 ,(ANCHOR), toh unka fatwa jaari hona chahiye  ,0
14:39 ,(SPEAKER 4), arre tauseef bhai kya kya baat kar rahe hai aap keh rahe hai  ,0
14:43 ,(ANCHOR), he is a lawyer matlab main shocked hun  ,1
14:44 ,(SPEAKER 4), has rahe honge aap jahan jaate hai na court mein court mein is samay is samay aapke bhai bandhu dost sab has rahe honge aap kis prakar ki baatein keh rahe hai aman sach mein pata hai baat kya hai ki jitne yeh swagoshit aur tathakathit maulana hai na yeh arajakta ki bimari se jooj rahe hai yeh jooj rahe hai ek aisi bimari se jinhone logo ko gunte se bandha hua hai jis prakar janwar jungle mein bhookh lagti hai toh shikaar par nikalta hai na yeh tathakathit maulana nikalte hai shikaar par aur shikaari banti hai mahilaon ka samman shikaar karte hai yeh bacho ke adhikar ka aur kisi ke vakhytigat jeewan ko yeh gaunte se yeh bandhana chahte hai kabhi yeh sanitizer ke upyog par fatwa jaari karte hai kabhi yeh mangal grah par scientist jaate hai us par fatwa jaari karte hai kabhi ek mahila bindi laga liya saree pehen le toh uske uske upar fatwa jaari kar dete hai aaap mujhe ek baat bataiye tauseef bhai ki aap is baat ka samarthan tv par baith kar rahe hai ki aaj main tv par baithi hun aur debate aapke saath kar rahi hun to mere khilaaf ek fatva jari ho jaana chahhiyeaur  mai apne mata pita ki apne valid ki ek nalayak beti hu aur mujhe jakar uss tatakhatit maulana ko jaa kar farzi jurmana bharna padega kya aap yeh keh rahe hai kya aap iss baat ko maan rahe hai  ,0
15:54 ,(SPEAKER 3), aap ne suna nahi  ,0
15:55 ,(SPEAKER 4), ki aap jakar fatva jaari jinohne kiya hai unko aap ja kar jurmana bharenge ab aap mai btati hu ek minute tauseef ji aap ke beech nahi mai boli yeh bahut bada shaddyantra hai  ,0
16:04 ,(SPEAKER 3), aap ne suna nahi hai aap galat baat sunna ,0
16:04 ,(SPEAKER 4), yeh bahut bada shaddyantra iss liye hai kyunki hindustaan ko musalmaano ko baatne ki koshish ki jaa rahi hai jo cheze muslmano mei jaayaz nahi hai vo to hindustaan ki sanskriti mei bhi jaayaz nahi hai bilkul asabhyata jaayiz nahi hai vo to hindustaan ki sanskriti yehi sikhati hai naganta jaa yaz nahi hai vo hindustaan ki sanskriti yehi sikhati hai yaahan par inn logo ne aap dekhiye iss samaj ke yeh log jo hai ek second dus second lungi main  ,0
16:29 ,(ANCHOR), thik hai  ,0
16:29 ,(SPEAKER 4), jo yeh muslman ke samaj ki baat nahi kar rahi mollanaon ke samaj ke logo ko aap kabhi bhi bacchon ko nahi dekhenge ki aagey bade kabhi yeh ias ips baney kyunki agar yae padd gaye to inhe pta hai inki dukane band ho jayengi inn mollanao ko pochna log band kar denge mollanao ko pochna log band kar denge saath saath mamta didi ko tauseef khan ko puchna log band kar denge yeh darr hai yeh saajish hai jo bengal sarkar ke samne ho rahi hai aur yeh rok nahi rahe hai  ,0
16:53 ,(ANCHOR), dekhiye lekin lekin tariq fateh sahib mere saath iss waqt  jud chuke hai unse behtar koi nahi bata payega tariq fateh sahab matlab bharat mei sanvidhhan to fatvoo ka kya kam sanvidhan se chalega ya mulla ke islaam se chalega hindustaan  ,0
17:04 ,(SPEAKER 5), yeh to aap ne dheel di hui hai jinn logo ne bangladesh mei azaad kiya yeh yehi murshidabad ke hi log gaye the jo dhaka ke andar apni urdu huqumat establish karne gaye thy yeh ab use kar rahe hai aap logon ko aur mujhe yeh bataiye kiss kissam ka fascist state hoga jiss ke andar padosi jaa keh kahega ki tumara apne bache apne baap ka khayal rakho who are you kahan se aa gaye yeh muhhale ke andar dada giri kar rahe hai keh rahe baap ka khayal rakho jaisey uss ko akal nahi hai kya yeh aap ne bilkul jo dictatorship hoti hai jiss ke khilaaf ab saudi arabia tak mein rejection ho gaya vo yeh silsila karne vale hai yeh irdugaan ki aur jo turq aaye thy yeh exactly vo vaapis karna cha rahe hai hindustan pe aur yeh samajhtey hai ki inko criticize karne se yeh maut ki dhamki dete hai yeh bahut hi darpok kissam ke aur dakiyanoosi log hai yeh tv pe aa ke kehte hai mai gala kaat dunga aap ka yeh iss kissam ke kyu hai  ,0
18:13 ,(SPEAKER 2), jo suar ka ghosht khata hai vo batayega kiss kissam ke thy  ,0
18:15 ,(SPEAKER 5), haan aap ko bataunga mai aap insaano ka ghosht khatey hai aap toh shiyaon ka gosht khatey hai imam hussain ka gosht khaya hai aapne arre bhaiya bangadesh musalman ka gosht khaya hai kya baat kar rahe ho tumne besharam minds ke against kaam kiya hai murshidabad  ,0
18:37 ,(ANCHOR), nademuddin ji aise beech mein bolna woh fatwaon ke khilaf bol rahe hai aap ke khilaf thodi na bol rahe hai woh fatwa factory khilaf bol rahe hai aapke khilaf thodi na bol rahe hai aapko kyu mirchi lag rahi hai aapko kya mirchi lag rahi hai tarik fateh sahab fatwa factory ke khilaf bol rahe hai jo yeh fatwa chaap maulana hai yeh sadak chaap nahi bola maine fatwa chaap maulana bola hai unke khilaf bol rahe hai aapko kyu dard ho raha hai sir sun lijiye aap boliyega unke baad aap boliyega unke baad nadeemuddin ji aap boliyega aap aap kyun pareshan ho rahe hai sir abhi toh aapne bola desh samvidhan se chalega shariya se nahi aap ke liye shariya se upar desh ka samvidhan hai mujhe acha laga aapne bola ki shariya secondary hai jab desh ka samvidhan aayega samne mujhe acha laga aap bolte hai vande mataram aap bolte hai bharat mata ki jai aap gaate hai pura rashtra gaan aap bolte hai jai shri ram mujhe pata hai sari chize aap bolte hai desh samvidhan se chalega ek minute pehle tariq fateh complete karle ukse baad nadeemuddin pehle tariq fateh aap complete kar lijiye nadeemuddin beech mein mat boliye aise acha nahi lagta hai audio bandh hai unka aa raha hun nadeemuddin beech mein mat boliye tariq fateh aap complete kar lijiye  ,1
19:33 ,(SPEAKER 5), haan main karta hun aap tv pe dekh rahe hai ke log aa ke gaali galoch pe aa jaate hai ki suar khata hai aur tumhara yeh khandan hai aur woh khandan hai aap note kariye  ,0
19:43 ,(ANCHOR), yeh gair islamic nahi hai kya  ,0
19:43 ,(SPEAKER 5), yeh naa naa yeh gair islamic nahi yeh inhone tekedaari li huyi hai mullaho ka islam apna le ke baithe huye hai yeh aur inhone jab tak hindustan gazwa hind ho ke tamam hinduon aur tamam hindu temples ko mara nahi jayega tab tak inko sakun nahi aayega aap samajh nahi rahe ki yeh ho kya raha hai yeh jammu kashmir se leke gilgit baltistan se leke aapke balochistan aur bangladesh mein kya hua tees lakh musalmano ko mara isi urdu aur yeh aapke murshidabad aur yahan wahan ke musalmano ne mirpur mein ab bhi baithe huye hai eek million jo wahan bangladesh ki team ko khilaf nahi karte pakistan ke hai yeh maan lijiye ki mohammad ali jinnah ke follower hai  ,0
20:27 ,(ANCHOR), acha unka dard sun lete hai ek baar tariq fateh sahab unka dard sun lete hai woh bahut pareshan ho rahe woh bahut pareshan tv par hi baithkar maulana nadeemuddin haan fatwon ka support kar rahe hai aur fatwa tv mein aane ke khilaf hai boliye aap nadeemuddin ji boliye ab aap boliye aaram se boliyega chikhega nahi awaaz clear nahi aayegi aaram se aur gaali galoch nahi woh gair islamic hai gaali galoch aapke islam kabool hai mujhe nahi pata  ,1
20:48 ,(SPEAKER 4), nahi nahi aman jis janwar ka naam inhone naam liya hai us janwar leke toh islam pe chaalis din ka khana haram ho jata hai aap chaalis din wala maulana sahab khana mat khaiyega haram hai pata hai na aapko  ,0
20:58 ,(ANCHOR), chaliye nadeemuddin ji boliye boliye boliye boliye nadeemuddin ji  ,0
21:03 ,(SPEAKER 2), kahan hai batao mera sawaal hai gazwa hind ka kya matlab hai woh hazeez kahan hai tariq fateh ji aaj batane jaa raha hun agar tumhare andar himmat hai toh  ,0
21:14 ,(ANCHOR), chaliye thik hai thik hai nadeemuddin ji aapka sawaal aa gaya tariq fateh jawaab de denge beech mein mat boliyega nadeemuddin ji main aapko bahut samjha raha hun pyar se beech mein please mat boliyega sir please pure samman ke saath beech mat boliyega tariq fateh kaise bol rahe hai gazwa e hind  ,0
21:33 ,(SPEAKER 5), gazwa e hind jo doctrine hai woh ek hadeez rasullah ke naam pe li gayi hai jiska sirf hindustan pakistan ke maulviyon ko bada usse lagav hai aap jayenge afghanistan ya turkey mein kahenge kaunsa gazwa e hind yeh inhone apni minority rule establish karne ke liye ki ek hazaar saal tak hindustan pe musalmano ka minority dictatorship fastaiyat ka rule usko justify karne ke liye kaha yeh toh humko allah miyan ne kaha hai humare pegambar ne kaha hai ke jab tak samtamam hindu tamam hindu temple destroy nahi honge us waqt tak roze qayamat nahi aayegi har jumme ko in har masjid hindustan mein  ,0
22:17 ,(ANCHOR), nahi inko yaheen par hi control karne ki jaroorat hai na  ,1
22:17 ,(SPEAKER 5), dekhiye  ,0
22:19 ,(ANCHOR), yeh fatwa gang ko desh nikala yahi se de diya jayega toh yeh aage nahi paav pasar paenge na aap yeh kehne ki koshish kare hai aur desh mein aise kitne murshidabad desh mein adhyota nagar hai sangeet ragi aur aapko bata de vaise ground zero par zee news ki team gayi thi zee media samvadata pooja mehta wahan par gayi wahan par police se unhone sawaal puche aur dekhiye jo aap report bhi dekh rahe hai fatwe sunayenge bharat mein shriya layenge yeh puri fatwon ki list wahan par ground zero par woh aakhri gaon yeh bataya ja raha hai ki yeh aakhri gaon hai murshidabad ka adhyota nagar aur aas paas ke ilako mein kauf ka manzar hai wahan par log dare huye hai woh keh rahe hai ki poster chaspa kar diye gaye hai pure is ilake mein aur wahan par unka dar hai yeh ek social reform committee banayi gayi uski taraf se yeh fatwa jaari kiya gaya sangeet ragi sahab yahi rokna hoga na inko varna jo tariq fateh sahab keh rahe hai galat toh saabit nahi hoga  ,0
23:05 ,(SPEAKER 6), dekhiye dekhiye aman ji murshidabad mein muslamano ki jansankhya jo hai sarsat arsath partisat ke aas paas hai bangal ke andar jaise hi jansankhya badh rahi hai ek sau pachis aise constituences hai bangal ke andar jahan muslim sankhya decisive stithti mein aa gaya hai veh aane wale dino mein kashmir se bhi zyaada bhayanak stithti mein aane wale honge aur jahan jahan jab jab musalmano ki jahan jahan jansankhya badhegi toh wahan par shariya ke liye dabaav banega isko na hum rok sakte hai na aap rok sakte hai aur yeh jo yeh toh ek sun lijiye meri baat samvidhan samvidhan ki kaun baat manta hai caa par aapane dekh liya ki kaisi ladayi ho jaati hai dekhiye islam ek political doctrine hai islam ka prachar bhi ek political doctrine ke saath gaya hai state ke saath gaya hai islam faila hai islam vichar se nahi faila hai islam talwar aur rajya ke sahare faila hai yeh baat hakikat hai puri islamic journey mein aur yeh quran ki aayat karti hai sahab ki aap ko jo infidel hai idolator hai jo murti pujak hai usse tab tak ladho jab tak ki allah ka dharam sathapit nahi ho jaata hai jab quran hi kis prakar ka injunctions le karke aa raha hai toh aap kahan se aap calcutta quran petition aap padh lijiye pura document pachasi aisi aahitein hai quran mein jo dusre dharmo ke liye grihna faila rahi hai toh yeh maulana jo hai yeh maulana wahi se in chizo ko utha the hai islie main yeh maan ne ke liye taiyar nahi hun nain political scientist hun yeh jo kaha jaata hai ki allah ka quran aur mullah ka quran alag alag hai sahab nahi allah ka quran se hi jo hai mullah ka quran uthak aata hai uski vakhya se nikalti hai jab tak aap un vakhyaon ko aap yeh nahi karenge hatayenge nahi duniya mein ashanti ashanti rahegi kaun aisi islamic country hai jahan shariya ke liye baat nahi ki jaati hai aapko main bata do islam ke teen hi mool yeh hai quran hadees aur shariya  ,0
25:12 ,(ANCHOR), toh woh islam country hai na india toh secular democratic hai na  ,0
25:13 ,(SPEAKER 6), sir sir jis din yeh jansankhya badhegi kya aapko lagta hai ki secularism chal payega is desh mein abhi aapne tauseef padhe likhe lawyer ko dekha,0
25:16 ,(ANCHOR), main hairaan rah gaya. ,1
25:26 ,(SPEAKER 6), inako pata hai kee fatwa jo hota hai wo islamic point of view batata hai. ,0
25:30 ,(ANCHOR), humare saath acharya ankur arya bhi hai  ,0
25:31 ,(SPEAKER 6), islamic injunctions woh legal mamla mana jata hai islam ki drishti se  ,0
25:34 ,(ANCHOR), humare saath acharya ankur arya hai acharya ankur arya jo baat sangeet rag keh rahe hai mujhe isliye nahi bharosa ho pa raha kyunki india is a secular democratic country hai na jaisa hum log kehte hai desh samvidhan se chalega jab dharam koi bhi dharam koi bhi dharam samvidhan se bada nahi ho sakta samvidhan supreme ten seconds haan bol dijiye bol dijiye bol dijiye  ,0
25:53 ,(SPEAKER 6), dekhiye durbhag yeh hai ki bharat ka rajnatik naitritav shuturmurg ki tarah humko batata raha hai ki saare dharam ek jaise hai mein yeh kehta hun saare dharam ek jaise nahi hai sahab aapko khuli chunoti deni padhegi yeh sach kehna padhega ki ek dharam jo hai vivekanand ne kaha ek dharam hai jo saare dharmo ke khilaf baat karta hai kyu nahi uske baare mein jikar kiya jaata hai kyu nahi uske baare mein debate  ,0
26:19 ,(ANCHOR), nahi nahi ragi sahab main main acharya acharya ankur aa rahe hai uske baad nadeemuddin aap boliyega thik hai uske baad aap boliyega nadeemuddin pehle ankur acharya ankur aa rahe hai agar aise kuch aadha ek percent hai bhi toh samvidhanik chunoti di ja sakti hai unko kanooni chunoti di ja sakti hai unko kanooni chunoti di sakti hai kanoon apna kaam karega lekin hum log yeh bhi chahte hai ki jaante hai ki har ilake har shehar mein ek aisa ilaka hota hai jahan kanoon ki chalti hai shayad wahi ilaka hai yahan par fatwe chalte hai aur yeh ek nahi hoga pata nahi kitne ho gaye yeh toh humare tak aa gayi ek report acharya ankur arya  ,0
26:48 ,(SPEAKER 7), ji aman bhai sabse pehle aapka bahut bahut dhanyawad aur aapne jo pucha hai ek sangeet ragi jo baat keh rahe hai woh sau pratishat sahi hai aur uska kaaran hai umat umat ko aap ko samjhna hoga ke aap dharti ke kisi bhi kone kyu na rehte ho lekin aapke saath mein ek concept humesha saath rehta hai woh hota hai umat ka ke aap kahi bhi ho aap musalman hai aap kisi bhi stihti mein ho aapko apni jo hadees hai jo quran hai aur jo aapka shariya hai usko humesha follow karna hai tadaat mein aap kum honge toh aap aaram se baithe rahenge wahan pe aap ram ram ji bhi karenge tadaat badhti chali jayegi toh vaise vaise inki stithian badalti chali jayengi main baat kar raha hun jo ek dum katarwadi jo islamic vichar dhara ko lekar ke aur apne jo cantonment inhone jagah jagah banaye huye hai jahan pe apne bacho ko trained karte hai kaha jata hai sectionist sansthaye hai lekin main unko inke cantonment kehta hun jahan pe inke training programme chalte hai wahan bacho mein yeh baat koot koot kar bhari jaati hai aur aap humesha yeh dekhna jo bhi moderate muslims honge aman bhai jo bhi honge woh ek ayat aapke saath mein rakhenge paanch batis woh kehenge ke ek insaan ki hatya ke barabar saari insaaniyat ki hatya lekin woh kabhi bhi paanch iktis aur paanch theytis nahi sunaenge woh kabhi nahi aap ko batayenge ki kahan par likha hua ki jo islam ke khilaf jayega usko suli taang diya jayega uski viprit disha haath pair kaat diye jaye usko desh nikala de diya jaye yeh saari chize hai jinko bahut rudely padhaya jata hai wahan pe isliye sangeet ji ka samarthan karta hun bilkul sahi keh rahe hai  ,0
28:22 ,(ANCHOR), shahnawaz hussain kehiye aap  ,0
28:23 ,(SPEAKER 1), nahi nahi  ,0
28:26 ,(SPEAKER 7), ji  ,0
28:26 ,(SPEAKER 1), aman ji main musalman hun bjp ka pravakta hun mein quran aur hadees ko manta hun aur mujhe chahe woh apj abdul kalam ho ya veer abdul hamid ho yahan tariq fateh ho ya main hun hum debate karne quran pe nahi baithe hai agar aap quran ke khilaf koi baat kehlwana chahte hai toh main debate chhod sakta hun yeh humari party  ,0
28:51 ,(SPEAKER 7), main yeh kehna chahta hun ki yeh khilaf nahi hai yeh khilaf nahi hai yeh ek point hai is par aap ko baat karni chahiye sab ko baat karni chahiye ,0
28:58 ,(SPEAKER 1), nahi aise nahi baat hai nahi nahi yeh is tarah ki baat  ,0
29:02 ,(SPEAKER 5), nahi nahi main ek baat kehna chahta hun please  ,0
29:05 ,(SPEAKER 1), main musalman hun main bjp mein kaam karta hun mujhe toh kahi par yeh training nahi di gayi hai mujhe quran mein yeh padha hai lakumdin lakum baliyedeen tumhara deen tumhare liye mera deen mere liye  ,0
29:17 ,(SPEAKER 7), maine sabhi ke liye yeh baat nahi kahee hai maine kaha hai ki jo is tarike ki dekhiye aap aap toh shehnawaz ji main main ek second baat kehna chahta hun ki aapne yahan fatwe ka bhi virodh kiya hai aapne fatwe ka virodh kiya hai  ,0
29:30 ,(SPEAKER 1), khilaf main main bjp mein bhi kaam karta hun lekin main quran sharif ke khilaf koi bole is tarah ki baat ke liye debate ke liye main uplabadh nahi hun aapako mujhe hatana hai toh hata dijiye ,0
29:39 ,(ANCHOR), shehnawaz hussain sahab dekhiye ek chiz main clear kar do shehnawaz hussain sahab yeh fatwon ke khilaf taal thok raha tha mai aur mere khayal se aap bhi aap bhi fatwa gang ke khilaf hai mai ek minute  ,0
29:52 ,(SPEAKER 1), quran sharif par debate kar rahe aap  ,0
29:51 ,(ANCHOR), acharya ankur aa raha hun mai aapke paas shehnawaz hussain sahab yeh fatwa gang khilaf toh aap bhi hai na yeh fatwa gang khilaf toh aap bhi hai na toh mai fatwa gang ke khilaf taal thok raha hun  ,1
30:01 ,(SPEAKER 1), maine opening remark kaha hai ,0
30:01 ,(ANCHOR), exactly ,1
30:01 ,(SPEAKER 1), ki kuch musalman hai aap yeh samajhiye bharat ratan apj abdul kalam bhi maulana abul kalam azad bhi quran ke manne wale hai tarik fateh bhi quran se alag nahi hai  ,0
30:14 ,(ANCHOR), toh inka yeh murshidabad kaun sa hissa hai murshidabad wale kaun se dharam ko maante hai jo yeh fatwa de  ,0
30:21 ,(SPEAKER 1), main quran ka main quran sun lijiye  ,0
30:25 ,(ANCHOR), yeh fatwa wale kaun sa dharam maante hai sir  ,0
30:27 ,(SPEAKER 1), main yeh maanta hun ki mera ji  ,0
30:30 ,(ANCHOR), yeh fatwa wale murshidabad wale fatwa jaari karte hai yeh bhi toh islam ka naam lekar hi fatwa jaari karte hai  ,1
30:37 ,(SPEAKER 1), islam ki galat vakhya kar rahe hai islam woh jo fatwa log hai woh islam ki galat vakhya kar rahe hai woh islam ke naam pe kalank hai jo is tarah ka fatwa de rahe hai  ,0
30:50 ,(ANCHOR), aur jo bachate hai unko  ,0
30:51 ,(SPEAKER 1), woh jo maulvi hai jo maulana hai unke khilaf yeh mulk yeh mulk samvidhan se chalega aur aap debate karte karte hi kahiye ki quran mein yeh khilaf hai yeh khilaf hai yeh kya hai bahi ,0
31:01 ,(ANCHOR), tariq fateh tariq fateh tariq fateh baat kare  ,0
31:03 ,(SPEAKER 5), dekhiye  ,0
31:05 ,(SPEAKER 2), mujhe bolna hai uske baad tariq fateh ji ko bolna hai ek minute lunga uske baad nahi  ,0
31:11 ,(SPEAKER 1), kisi bhi dharam ke manane walon ka dil dukhna humara maksad nahi hai  ,0
31:14 ,(SPEAKER 2), aman ji aman ji main debate chhod du ya meri baat suneyenge aap  ,0
31:18 ,(SPEAKER 5), dekhiye musalmano mein meri baat suniye  ,0
31:19 ,(ANCHOR), uske baad nadeemuddin ji aap ke paas aaunga tariq fateh uske baad nadeemuddin  ,0
31:23 ,(SPEAKER 5), dekhiye humare quran ke taihat chaar shadiyan ki ijazat hai laundiyan rakhne ki bhi ijazat hai lekin musalmano ne khud un kwanein ko unko chhod ke aage ki socha hai isi tarah gulaami jo hai slaves yani fauj ko pakdo aur uske andar paanch percent idhar rakho woh rakho yeh jo baatein hai jo saathvi aathvi dusvi sadi ki context mein thi woh aaj na iran mei hai na indonesia mei balke pakistan aur bangladesh tak mei nahi hai jo baate yeh keh rahe hai kyunki musalman hai hum humko bewakoof toh nahi hai ki har aadmi jaake slavery ko defend karega khud b khud nineteen sixty mei mai bata raha hun ke yeh aurte bika karti thi yemen mei aur arab aa aa ke khridh ke jaate the rang ke hisaab se daam lagta tha aur us waqt bhi mulvi kehte the yeh toh ijazat hai lekin sochne samjhne wale logo ne kaha ke khuda ke vaaste duniya aage badh gayi hai ab woh nezo aur tir kamman junge nahi hoti ab yeh tum aurto ki sixty two sixty three mei pabandhi lagi musalman mulko ne khud pabandhi lagayi tunisia mei habib burkiba ne family law introduce kiya pakistan mei ayub khan ko hazaar aap gaaliyan de de unhone family law ordinance kiya ke talaq ke andar bhi unhone kaha nabhe din negotiate hoga uske baad faisla hoga toh yeh tamam chize musalman khud apne andar se kar sakte hai masla mulak islam se yeh hai  ,0
32:59 ,(ANCHOR), mere ko dikat hai jo bachate hai mujhe pata hai ke aadha ek percent woh agar kuch muthi bhar is tarah ke maulana hai tariq fateh sahab mai jo shehnawaz hussain sahab keh rahe hai uska samman karta hun mai bhi bolta hun jab abdul hamid ki baat hogi jab apj abdul kalam ki baat hogi woh rahastrawadi musalman lekin agar kuch muthi bhar musalman hai jo islam ko badnaam kar rahe hai is tarah ki chize karke lekin humari tv debates mei aa kar agar kuch log unko bachate hai jaise tauseef ahmed khan woh keh rahe hai ki nahi isme kya galat hai agar bacha baat nahi maan raha toh uske carrom khelne par paanch sau rupaye ka fatwa jaari kar dete hai toh isme galat kya hai unke khilaf toh taal thokni padhegi na sir  ,1
33:39 ,(SPEAKER 5), mai aapko solution de raha hun mai keh raha hun sau doso musalman ka dekhiye  ,0
33:46 ,(SPEAKER 1), jo iss tarah ke maulavi hai jo yeh sab kahte hai unake khilaaf boliye koi dikat nahi hai  ,0
33:47 ,(SPEAKER 5), haan dekhiye mai iska ilaaj batata hun sau doso teen sau hindustan ke musalman jaye aur wahan jaake carrom khele usi shehar mei civil disobedience aur gandhi ji ki non violent tarika yeh tha ke aapne kanoon banaya unhone chaliye hum ja ke international carrom competition karte hai jisme sirf musalman honge phir dekhte kaun rokta hai hume aapko music nahi sunna hai hum aakashvani laga dete hai aur wahan bhajan bhi suneyenge aur  ,0
34:20 ,(ANCHOR), shehnawaz hussain thirty second uske baad nikat sangeet ragi aa raha hun aapke paas usse pehle chaliye maulana nadeemuddin bahut der se wait kar rahe hai maulana nadeemuddin pehle maulana nadeemuddin pehle uske baad shehnawaz hussain bahut der se wait kar rahe hai maulana nadeemuddin boliye boliye boliye boliye  ,0
34:33 ,(SPEAKER 2), sangeet ragi ji disha quran e karim par aapti jatate hai debate ka yeh motto nahi hai ab mein batata hun quran e karim mein teen sau paisat aaye the naam muslim ke respective ke pandrah ayaton ka taluk sirf musalmano se hai ninety seven percent ayate jo hai naa ninety seven  ,0
34:51 ,(ANCHOR), chaliye classes baad mei le lenge mai ayaton par classes baad mei le lunga mai abhi topic mai fatwon par baat kar raha hun mai fatwon par baat kar raha hun aapko lagta hai ki yeh fatwa gang bharat chhodo aap support karte hai isko bas baat khatam fatwa gang bharat chhodo yeh fatwa chaap maulana fatwa chaap maulano se desh ko bachaon aap humari is muhim ke saath hai ya nahi bas baat khatam  ,0
35:17 ,(SPEAKER 2), ab suniye ab raha sawaal gazwe gazwa kise kehte hai tariq fateh jahil ko malum hi nahi hai gazwa kehte hai  ,0
35:26 ,(ANCHOR), aap islam ke saath hai ki fatwa chaap maulano ke saath  ,0
35:29 ,(SPEAKER 5), aap aukaat pe aa gaye gaali galoch karne  ,0
35:32 ,(SPEAKER 1), debate aapka murshidabad pe hai  ,0
35:35 ,(SPEAKER 2), ye suar khata hai aa ke musalmano ke andar islam ki baat karta hai jahan tak  ,0
35:41 ,(SPEAKER 1), yeh sab yeh gaali galoch bandh kijiye bahi  ,0
35:41 ,(ANCHOR), nadeemuddin sahab yeh sab aap jo bol rahe hai gair islamic nahi hai yeh gaali galoch islam mei sikhayi jaati hai kya aapke wale islam mei ab yeh gaali galoch aap karte hai toh aapke khilaf fatwa jaari nahi hona chhiye kya yeh gair islamic nahi hai kya ya aap apni maryadaon ko taar taar kar rahe yahan par aur aap apne aapko islam ka jaankar kehte hai gaali dekar maine aapase shehnawaz hussain shehnawaz hussain  ,1
36:03 ,(SPEAKER 1), aman ji aap ek minute dede bas ek minute  ,0
36:05 ,(ANCHOR), boliye ye boliye sir boliye boliye uske baad sangeet ragi boliye  ,0
36:08 ,(SPEAKER 1), ek minute mujhe de de gin ke ek minute de de mai aapse kehta hun murshidabad kishanganj ke bagal mei hai us ilake se saath fisadi se zyaada muslim aabdi kishanganj wahan se mai member of parliament raha hun mai maanta hun ki bahut si jagah log miljul ke rahte hai samaj mei har samaj mei ache budhe log honge lekin mai kehta hun yeh aapka debate quran sharif pe nahi hai yeh debate un maulano par sadak chaap jo maulana carrom board khelne par fatwa laga rahe hai un par hai agar aap quran sharif par debate karenge uske liye mei mei uske liye mei itni jaankari nahi rakhta hun ki usake baare mei koi aap islamic ,0
36:47 ,(ANCHOR), kaun kar raha hai quran sharif par debate mai fatwa chaap maulano ke khilaf taal thok raha hun  ,0
36:51 ,(SPEAKER 1), mai yeh kehta hun ki jo log jo log jo log is tarah ki bhasha bolte hai carrom board ke baare mei jo photo kichvane ke baare mei jo tv dekhne ke baare mei yeh sadak chaap fatwa dete hai ,0
37:01 ,(ANCHOR), vo khud baithkar tv debate dekh rahe honge sir yeh bhi taal thok ke kah rahe hain. ,1
37:01 ,(SPEAKER 1), yahi kaha tariq fateh sahab ne hum toh kehte hai unko ,0
37:05 ,(ANCHOR), vo khud baithkar tal thok ke dekh rahe honge fatwa jaari karane ke baad ,1
37:05 ,(SPEAKER 1), agar himmat hai toh humare khilaf fatwa dekar dikhao mai toh television par debate bhi kar raha hun mai carrom board bhi khelunga kisi ki koi bacha agar nalayak hai toh uske walid ki jimmedari hai mata pita ki yeh maulano ki jimmedari hai kya unki jimmedari  ,0
37:20 ,(ANCHOR), aise fatwe bhi jaari na ho paaye yeh bhi aapki jimmedari hai aise yeh agar is tarah se asamjik tatav hai unke khilaf taal thokna bhi aapki jimmedari hai sir  ,1
37:32 ,(SPEAKER 1), uske waldaan ki jimmedari hai  ,0
37:30 ,(ANCHOR), aap sir aap aap samridh hai aap tv debate mei aayenge aap ka koi baal bhi baka nahi kar sakta maine wahan par phone par baat ki hai wahan ke log dare huye hai woh keh rahe hai is tarah ka fatwa jaari hua hai hum bahar nikalenge woh karwayi karenge humara sar mundwa denge woh log  ,0
37:45 ,(ANCHOR), ek dum darne ki baat nahi hai  ,0
37:46 ,(ANCHOR), aur hindustan mei kisi ki himmat nahi honi chahiye is tarike ka dar dikhane ki mai isliye taal thok raha hun sir nigat  ,1
37:52 ,(SPEAKER 4), yeh toh aman  ,0
37:54 ,(SPEAKER 1), bhartiya janta party bhartiya janta party aise logo ke khilaf aawaz buland ki ki nahi  ,0
37:59 ,(ANCHOR), mai bhi toh vahi aawaz buland kar raha hun sir nigat abbas  ,1
38:01 ,(SPEAKER 4), aman shukar hai  ,0
38:02 ,(ANCHOR), tauseef bhai aa raha hun iske baad aapke paas nigat abbas  ,0
38:03 ,(SPEAKER 1), lekin aapse guzaarish hai ki aap quran sharif pe debate naah kare  ,0
38:07 ,(SPEAKER 4), bilkul bilkul  ,0
38:07 ,(ANCHOR), nigat abbas nigat abbas  ,0
38:08 ,(SPEAKER 4), aman ji woh toh bahut bahut hum log khushnaseeb hai ki aise log jo fatwa jaari kar rahe hai yeh hukumat nahi kare kyunki agar yeh hukumat karne lagenge na toh hum jaise logo beech churahae pe khada kar yeh log kodon se maar daleyenge yeh halat ho jayenge toh yeh bahut jaroori hai ki aisi sarkar humare desh mein rahe jo ekta ek saath chalti rahe  ,0
38:27 ,(ANCHOR), murshidabad bharat mein nahi aata kya  ,0
38:28 ,(SPEAKER 4), nahi bilkul aata hai  ,0
38:30 ,(ANCHOR), toh phir waah aisa kaise ho jayega  ,0
38:31 ,(SPEAKER 4), lekin lekin lekin yeh tamam musalman community ki jimmedari nahi hai kyunki yeh toh woh log hai jo dharam par rajneeti kar rahe hai aap dekhiye  ,0
38:38 ,(ANCHOR), yeh toh law and order ka mamla hai  ,1
38:38 ,(SPEAKER 4), bilkul  ,0
38:39 ,(ANCHOR), yeh dharam ka mamla nahi hai  ,1
38:40 ,(SPEAKER 4), aur inke khilaf karwayi honi chahiye inke khilaf karwayi bhi honi chahiye inhe jail bhi dalna chahiye aur fatwa toh yeh jaari hona chahiye ki jo log aise fatwe jaari kar rahe hai yeh islam samajhte nahi hai aur inhe musal desh nikala toh baad mein pehle inhe apne dharam se musalmano hone se nikaal dena chahiye bahut saari chize pehle se ab change huyi hai jaise ki pehle musalmano mein islam mein alcohol ban nahi tha waqt ke saath kiya gaya pehle jab namaz padhi jaati thi toh jo israel ki rajdhani hai jerusalem ki taraf rukh kar kar padhi jaati thi aaj woh kaba mecca sharif ki taraf rukh kar padhi jaati hai toh yeh saari chize hai lekin agar quran sharif ko jo shehnawaz bhai kehna chahte hai woh bilkul sahi baat hai ki quran sharif ko  ,0
39:19 ,(ANCHOR), uspe debate nahi ka raha main  ,0
39:21 ,(SPEAKER 4), quran sharif ko baith kar koi misquote karega toh woh galat hai nahi agar misquote kar raha hai toh woh bhi galat hai  ,0
39:24 ,(SPEAKER 4), lekin nigat abbas pata hai ki mere liye yeh law and order masla hai  ,1
39:26 ,(SPEAKER 4), bilkul hai  ,0
39:27 ,(ANCHOR), yeh yeh yeh jo chand sadak chaap yeh fatwa chaap maulana hai katarpanti hai main unse bus ek sawaal puchta hun ki tv dekhne se islam khatre mein aa jata hai aap logo ka music sunne mein islam khatre mein aa jata hai carrom khelne se islam khatre mein aa jata hai music sunne se islam khatre mein aa jata hai talaq e bidat se islam khatre mein nahi aata halala se islam khatre mein nahi aata matlab bengaluru mein dange ho jaate hai tab islam khatre mein nahi aata jab kamlesh tiwari ya shali abdo ho jaata hai islam khatre mein nahi aata sangeet sangeet ragi sahab itna kamzoor thodi na hai ya yeh law and order ka mamla hai aur kuch nahi hai mere hissab se  ,1
40:01 ,(SPEAKER 6), aman ji dus second  ,0
40:01 ,(ANCHOR), sangeet ragi ab sangeet ragi yeh law and order ka mamla aur kannoni dhanda aise logo par chalna chahiye bas baat khatam  ,1
40:07 ,(SPEAKER 6), aman ji jab is desh ka vibajan hua tha toh logo kaha tha saare musalman nahi chahte thy lekin is desh ka vibajan hua na shariya saare log nahi chahte lekin kya deoband galat bol raha hai pakistan ka deoband aur bharat ka deoband dono vkhaya toh ek hi hai dono syallbus toh ek hi hai ek deoband taliban paida karta hai mohammad ke naam par jaise mohammad hota hai maine toh nahi dekha hai ki kisi musalman uthkar ke aake khada ho ki mohammad ke naam par tumne mohammad ke naam pe kaise yeh kar diya aise badi army jo logo ki hathya karta ho woh prophet mohammad ke naam par kaise ek bhi musalman aa karke nahi bolta jara bole toh sahi dekhiye main bahut saaf saaf bolna chahta hun main kintu parntu bilkul nahi lagaunga dekhiye jansankhya badhegi toh demography ka ek apna asar hota hai bharat pakistan ka vibhajan isi aadhar par hua tha woh maansikta gayi nahi hai woh shehnawaz ji mein nahi hogi nikat mein nahi hogi lekin wahi maansikta thodi hai jo caa ke khilaf sadako par uthar karke aaya tha  ,0
41:07 ,(ANCHOR), tauseef bhai tauseef bhai tauseef ahmed khan tauseef ahmed khan jimmedari toh aap logo ki hai sarkar didi ki mamta ki vote vote jaroori thushtikaran jaroori hai aise is asamjik tatavo par karwayi jaroori hai fatwa gang par kanooni dhanda chalna chahiye haa ya na  ,0
41:20 ,(SPEAKER 3), aman bhai aman bhai dekhiye bahut dukh hai mujhe is baat ka ki sangeet ragi ji ko jo aapne mauka diya kisi baat pe debate karne ka aur unhone sidha nishane daal diya muslim islam pe aur quran sharif pe  ,0
41:36 ,(SPEAKER 6), sir yadhi aap padhe likhe nahi hai yadhi aapne nahi padha hai quran toh main nahi jaanta maine padha hai isliye main bol raha hun  ,0
41:38 ,(SPEAKER 3), nahi jaante toh kyu bolte  ,0
41:38 ,(SPEAKER 6), main padha hun isliye main bol raha hun main padha hun isliye bol raha hun yadhi aapki himmat hai mein padha hun isiye bol raha hun  ,0
41:48 ,(ANCHOR), chaliye  ,0
41:50 ,(SPEAKER 43), nahi abhi aap keh rahe hai  ,0
41:51 ,(ANCHOR), nahi nahi tauseef bhai mera bas yeh concern tha ki is fatwa gang ya fatwa factory ya agar azaad bharat mein ram rajya mein fatwon ki jagah nahi hai agar is tarah ki koi factory ya is tarah ki koi gang woh active hai wahan par toh par kanooni dhanda chalna chahiye banspat iske ho yeh raha hai ki thustikaran ke chakkar mein fatwon ko bhi sahi thairna ki koshish wahan ki ja rahi hai yeh mera bada sawaal tha bahut bahut shukriya jitne bhi log mere saath.,1
