timeStamp,speaker,text,label
00:11,(anchor), Dekhiye corona Sankat ke liye jo lockdown ka silsila shuru hua tha vah aaj tak. Aaj tak jaari hai. aaj toh 60 din hone jaa rhe hai. Chautha lockdown 31 may tak chalega . accha koi guarantee nhi hai ki 5 vi baar desh mai lockdown hoga ya nhi hoga . 60 din mai desh ne bohot kuch dekha. desh ko corona se ladte hue bhi dekha aur bhukhe pyase milo paidal chalkar gaon ki or palaayan krte Majboor majdur ko bhi humne dekha. Hum yeh bhi dekh rhe hain ki shero se corona gaon tak pohonch chuka hai. Ab sawaal toh uthega hi ki jab saare intezaam pukta the toh Majdur paidal kyon chla. Gaon tak corona kyun pahuncha . Sawaal system se hai. kya system apna farz nhi nibha paaya . corona aur lockdown se upkit dikaton se nipatne ke liye desh ko taiyaar nhi kar paya. Agar nahin to fir socha na hoga ki haalat isse bhi zyaada kharab honge toh system kaise bacha payega desh ko. yeh lockdown fayda wala hua ya fazihat waala?,0
03:32,(anchor)," Isi pe hum Charcha karen aapka parichay khas mehmano se karwate hain. mere sath bjp ki taraf se hai pravakta hai saeed shah navaz hussain sahab maujud hai, Congress party ke pravakta hamare sath abhay dubey ji aaj ki iss charcha mein shamil ho rhe hain. hmare sath Umesh sehgal ji hai, purv mukhyasachak dilli aur sath hi purv bjp up ak jain ji aaj ki iss charcha mai shamil ho rhe hai. bohot bohot swagaat aap sabi ka.mai charcha shuru karo usse pehle mujhe lagta hai kuch sawaal hai.Inn sawalon par aap ko nazar daalni chahiye ek ek kar ke yeh hi sawaal mai charcha mai aage badhaungi.  Aap ke samne yeh sawaalon ko rakh deti hoon. pehle, ahm sawaal yeh ki kya corona se ladne mai sarkari tantr fail rha? dusra ahm sawaal jis par hum charch karenge. Kya lockdown  ko lagu karne ke liye tantra taiyar hi nahin tha?  Teesra sawaal , kya system ne baar baar niyam jo badle ussi ne pura confusion khada kar diya?. Kya system bhyawae stithio  ke liye taiyar hai?. Yah wo sawal hai jinke ird-gird aaj ki charcha hogi. mujhe lagta hai sabse pahle syed shah nawaz hussain sahab ka rok karna chahie aur unse samajhna chahie ki syed sahab aapka take kya hai? corona kaal mai kya lya system Sarkari tantra fail rha?",0
04:42 ,(speaker 1)," dekhiye corona ka khatra puri duniya par tha lekin bharat ki sarkar aur bharat ke PM ne jis tarah corona se ladne mai pehel dikhayi jis tarah se lockdown kiya. agar sahi waqt par lockdown na kiya hota toh aaj hmare desh ke andar corona ki tadat, prerit ki tadad bohot badi hoti. yeh sahi hai ki bohot jaldbazi mai wo faisla lena pada. agar hum thoda bhi waqt le lete toh yeh aur zyada fail jaata. spain, italy aur america jaisa ho jaata. kathinai zarur hui hai mai manta hoon ki pehla jo corona kaal tha jo hum samajh rhe the ki hume 21 din mai corona ko hra denge lekin kuch galtiya hui jiske vajah se wo aur zyada badha aur lockdown rajyo ne aur kendra ne alag alag usko badhane ka bhi kaam kiya. kai rajyo ne usme pehel karne ka bhi kaam kiya lekin iss baat par desh ek mat hai ki agar lockdown sahi samay par nhi kiya toh aaj yeh aadat . aaj mai ek niti aayog ke mr. pal ka report dekh rha tha yeh 34-40 lakh se zyada pririt ho jate abhi tak. ",0
05:51,(anchor)," Sir aak keh rhe hai ki desh ek mat, desh ekmat hai. Congress ke neta to yahan per mere sath maujud hai na zara unka take le lete hain jaan lete hain unse abhay ji aiye aur bataiye corona kal mein kya system fail ya pass?",0
06:06 ,(speaker 2)," dekhiye sahi maina mai yeh kehna shah nawa ji ki humne jaldi lockdown kiya aur wo aware the jabki 12 marhc ne who ne yeh pandemic hai iska declaration kar diya tha. modi sarkar lagi rhi ki MP ki sarkar jab tak gira na le tab tak wo lockdown ghoshit nhi kare. aap dekhiye ki inhi ke kendriya mantriya ne lagatar aagreh kiya ki PM ji lok sabha ko stagit kijiye bohot puri paristhtiya ho gyi. humne toh lok sabha mai wo drishya bhi dekhe ki mask lage hue MP aate hain aur unhe kaha jaata hai ki agli baar mask lagake mat aaiyega. galti kahan ki wo samajh lijiye. inko contain karna tha virus ko yeh sirf people of india, logon ko contain karne ki koshish karte rhe. inko package ghoshit karna tha boost krne ke liye demand site ko , yeh supply site ko boost karne ke liye lage rhe . inko sochna tha ki iska nature federalised lockdown ka yeh central nature ke lockdown ko implement karte rhe. rajya lagatar kehte rhe ki PM ji zone aap decide kar rhe hain unko review kijiye anyatha humko bohot bada aarthik nuksan hoga. hum kehte rhe ki PM ji 28 march ko pehli baar pure desh mai drishya dekhe majzur sadkon par dar dar ki thokre kha rhe hain tab se humne kaha. hum isliye keh rhe the ki uss din sirf 618 cases hindustan mai the.",0
07:36,(anchor)," Ji,Theek hai, mai, mai, ek ek karke muddo par aungi. syed shah nawaz hussain sahab. mera sawaal suniye please. sir aap jis Lockdown ke liye apne pit thap thapa rahe hain mujhe lagta hai sabse pahle hamen charcha kar leni chahie ki kya usi lockdown ko lagu karne mein sarkar chuk gai aur anan-phanan mein char ghante ke notice par aapne lockdown ka elan kar diya. 30 january, hindustan mai pehla corona ka mareez samne aa chuka tha aur lockdown ka elaan aap 25 march se karte hain sir. aur yahan baith kar aap peeth bhi thap-thapate hain ki dekho kitni jaldi humne lockdown ka elaan kar diya.",1
08:11 ,(speaker 1)," dekhiye, jahan jahan corona ka pehla case aaya uske mukable mai bharat ne sahi samay par kiya. congress confuse puri tarah hai. ek taraf keh rhi ki lockdown kyun kiya. dusri taraf congress keh rhi hai ki pehle kyun nhi kiya aur usme wo parliament aur MP ki sarkar ki dard lekar aa jate hain. arre rajneet ka jo dard hai wo alag bayaan kijiye lekin corona par sahi samay par lockdown hua yeh sahi hai ki ",0
08:40 ,(anchor)," Sir, mujhe rajniti ke dard ko aaj kinaare rkhna hai. mai aam aadmi ke dard ka aaj zikar kar rhi hoon. theek hai, mai aap dono se zara sa aage badhte hue ek aur nazariya darshako ke samne rkhna chahti hoon aur isiliye umesh sehgal ji aaj mere sath iss charcha mai maujud hain. Umesh sehgal ji, mai yahan par timing ko lekar baat kar rahi hun sar lockdown ki aur wo mai isliye baat kar rhi hoon ki 30 january ko pehla corona ka  case hindustan mein samne aa chuka tha . Sir, 15 april se lekar 23 march agar aap dekha jaye toh iss desh ke andar videsh se aane wale 7800000\. Sarkar peeth thap-thapati hai ki sahab hum toh screening kar rhe the lekin screening toh sirf 1500000 logon ki hui aur unhen bhi screening kaise hui wo chehra kanika kapoor ka pure desh ne dekha. aise mai Kya aapko lagta hai ki chuk rahi, kotahi rahi. iss system ne kaise deshvasiyon ko fail kiya sir. mein bas yeh samajhna chah rhi hun bas, umesh ji.",1
09:38 ,(speaker 3), dekhiye chuk rhi ya nhi rahi ye toh baad mai ek enquiry ho isme investigation ho isme toh pta chalega. point yeh hai ki hmare jo abhi bhi cases hai hmari abadi ko lete hue aur jo hmari medical facilities hai uske lete hua hai baki advanced countries se bohot kam hai aur usse bhi accha jo hmare yahan yeh hai ki itni medical facilities ki kami hote hue bhi mai hala ki badi khushi ki baat nhi hai magar death rate jo hai world ka lowest death rate hai hmara. cases ko lete hue aur testing ki facilities hmare yahan 0 thi . yeh ek nyi cheez aayi hai. isko kisi ne anticipate nhi kiya tha ki aisa pandemic aa jayega. ab ebola wagareh baki desho mai aa chuke the isliye unko fir bhi thoda sa idea tha ki iss type ka epidemic aa sakta hai . hmare desh mai toh yeh pehli dafa aaya hai.asian flu bhi nhi tha ebola bhi nhi tha. jo bhi iss type ke pehle the hindustan mai nhi the toh hindustan ne itna great kaam kiya hai ki abhi tak hmari lakh sawa lakh se cases badhe nhi hai aur badhe bhi hai toh uske sirf 4-5% aadmiyon ko hospitalisation ki zarurat hai. ,0
10:45 ,(anchor)," Umesh sehgal sahab aapne jis tareeke se keh diya ki sahab great kaam kiya hai matlab aap toh iss system ko full marks de rhe hain. mai zara sa ak jain sir ka bhi take le loon uske baad mai yeh charcha aage badhati hoon. ak jain sahab, aapko bhi lagta hai kya ki jaise great kaam kiya hai jis tareeke se sehgal sahab keh rhe hai yahan par. system  Pass puri tareeke se. Ya Kuch sawal hai jo puche jane chahie iss system se. ",0
11:13,(anchor)," Jain ji meri awaz mil rahi hai sir? mujhe lagta hai ak jain sahab se Hamara sampark nahin ho pa raha hai hum unse baat karne ki koshish karenge. Lekin mere man mein jo sawal hai abhay dubey ji , aa rhi hun mai aapke pass. Mujhe lagta hai fir se aana chahiye syed shah nawaz hussain sahab ko. Shahnawaz hussain sahab,  Milo Paidal chalkar bhukhe pyase jaate mazdur . Yah hamara system, isko aap full marks denge sir? corona jo hai wo shehro se gaon mein pahunch gaya. Isse full marks denge sir?  Yah kya system ki nakamiyon mai nhi gina jayega?  4 ghante ke notice par  3 trillion dollar ki economy ko shutdown kar diya jata hai sir. Yeh full marks diye jayenge sir , system ko?",0
11:58 ,(speaker 1), dekhiye ek baat par aalochna karna neenda karna jinka kaam hai wo karenge. lekin desh ke andar duniya ke mukable mai agar aap tulna karenge aur bharat se aap uski tulna karenge toh aap manenge ki hum yeh nhi keh rhe WHO keh rha puri duniya keh rhi hai ki 135 crore ki aabadi ka desh jis tarah corona se lada hai jabki hum vikasit desh nhi hai. hum vikassheel desh hote hue bhi jis tarah hum lade hain iski duniya mai indian model ki prashansa ho rhi hai . dusra jo paksh hai ki jo mazdur hai jo prawasi ha jo kuch paidal chale jinko pareshani hui . yeh paksh aap ruhmana ji rakh sakti hai lekin corona se ladai mai jis tarah bharat ne uss ladai ki aagaz karke usko kareeb anjam tak pohonchaya iss par kisi ko matbhed nhi hona chahiye. ,0
12:50,(anchor)," Sir, anjaam tak kahan pahuncha ? sir sawa lakh corona ke mareez iss samay desh mai hai, aap yeh keh rhe hai ki anjab tak ldai tak pohonch gye hai? ",0
13:00 ,(speaker 1), yeh 40 lakh se zyada hota agar modi ji ki wo shaksiyat na hoti wo soch na hoti. ,0
13:07,(anchor)," Sir, aap keh rhe hain 40 lakh tak hota. kal jo press conference di gai usmein bataya gaya ki  20 lakh corona ke mareez hote 54000 ki maut ho jati. lekin kaise bhul jaye sir aisi ek press conference mai lockdown ke 30 din hue the. Sun lijiye. 24 april, tab toh yeh kaha gya tha ki 16 may ko corona ke cases jo hai wo bilkul 0 par pohonch jayenge gai. graph ko bilkul u turn lete hue dikha diya gya tha. jiske liye maafi bhi mangi gyi thi  ek mahine ke badd. toh sir yahan toh dekhiya na aap, kuch bhi keh diya jaat ahi aur phir aa kar maafi bhi maang li jaati hai. toh kya, kya maane desh? Aap iskko system pass hona kehte hain sir?",0
13:42 ,(speaker 1), dekhiye mai keh rha hoon ruhman ji aap bhi sehmat hongi aapko sawal puchna jayaz hai aapka lekin lockdown ko jis sakhti se kiya gya usme pareshaniya  aai isme mai inkaar nhi kar rha hoon. wo mazduro ka dard usme jhula lekin bohot logon ki jaan zindagi bchane mai hum saksham rhe. humspain aur italy nhi banne diya. ,0
14:07 ,(anchor)," Theek hai, mai jawab leti hoon.",0
14:10 ,(speaker 1), aur kahi baat toh kendra se pehle bhi kiya toh unki aalochna kakrenge kya? ,0
14:16 ,(anchor),"Sir Punjab maharashtra ,hindusita . pure hindustan ki baat kijie sir .aaj desh ko punjab mein, maharashtra mein, haryana mein, rajasthan mein please mat batiye. in totality baat karta hain.Aiye, abhy ji aaiye.jaldi se apni baat rkhiye uske baad mai aati hoon syed shay nawaz hussain ji par fir.",1
14:37 ,(speaker 2),"  ruhmana ji iss sarkar ke sath yeh hi pareshani hai yeh sarkar ko. dekhiye maina pehla hi shabd yeh prayog kiya tha ki kendra ki sarkar ko chahiye tha ki corona virus ko contain kre. rahul gandhi ji toh pehle din se keh rhe the ki lockdown ka aap tabhi arth niklega jab hi mahatva hoga jab hum corona virus ko contain kar pae. zyada se zyada test karvae. wahan fail hue. aap dekhiye pichle 24 ghanto mai pure desh mai 6 number par hindustan aa gya jiske sabse zyada case aaye. 4the number par aa gya jahan sabse zyada mrityu hindustan mai hone lagi hai. yeh kya symptoms hai isko samajhiye . WHO ki chief scientist somya swaminathan kya kehti hai. wo kehti hai ki aap agar yeh kehte ho ki hmare itne green zone ya itne zillon mai corona nhi hua toh uska arth yeh lagana chahiye ki aapne wahan testing nhi ki. shah nawaz ji jo bohot khatarnak jo symptoms saamne aa rhe hain wo asymptomatic patients ke hain. unko lakshan bhi nhi hote hain aur wo hmari jo vulnerable population jo hai jo buzurg hai jo bacha hain unko sankramit kar denge yeh bada khatra hai. isliye pehle din se hum keh rhe the ki aap test karvaiye, aap RTPCR ke kit mangavai  jo 20 march ko order kiya tha. 4 april ko ICMR ne guideline jaari ki wo aae aur saare ke saare farzi nikle. uske baad uski baat karna hi band kar diya.  ",0
16:07,(anchor)," mai , mai, theek hai. aap jo baat keh rhe mai uska jawab shah nawaz hussain sahab se leti hoon. shah nawaz hussain sahab lekin mai ek baat yahan par uthana chahti hoon sir. bhai desh yeh janna chahta hai ki iss corona se ladai mai aapne niyam niyam banaye aur fir badal diye. aisa kyun sir ,Bar bar sarkar kuch niyam banati thi fir uss niyam ko badal deti thi. ek niyam hi nhi ban paya sir. yeh mhamari hai yeh aap khud kehte hain. who iski ghoshna karta hai aur aap kabhi kahate hain khud pradhanmantri desh ke samne aakar kahate hain jo jahan hai wahi rahega. Usi ki dhajjiya kaun uda deta hai. aap hi ki party ke kyunki aap hi zikar kar rhe the punjab aur maharashtra kar rhe the toh chaliye mai aapko uttar pradesh yaad dila deti hoon. sbse Pahle iss desh mai apne chatro ko, apne mazduro ko bulane ke liye kisne us lockdown mai jo jahan hai wahi rahega wale niyam ka ulanghan kiya. aur apne aap ke logo ko wapas lekar aaya sir. aap logo ne Majak bana kar rakh diya sir system ko. sheher se aapne corona ko gaon mai pohoncha diya sir. rasta kisne dikhaya?",1
17:06 ,(speaker 1), dekhyie corona ko ladne mai jis sakshamta se bharat ne pehel ki aur bharat ke PM ne saare CM se baatcheet karke ek nirnay karke ek meeting karke aur yeh bhi kaha ki koi bhi CM mujhe 24 ghante mai kabhi bhi phone kar sakte hain. aam sehmati ke saath iss lockdown ko badhane ka kaam kiya. maksad jo mazduro ka tha. jahan tak kota ke bacho ka tha. aapne bola wo 10 ke pass wo bacche jaatein hai aur unn bachon ko wahan mushkil se jab sab kuch band tha tab yeh sehmati banni ki unko laya jaaye aur hum,0
17:41,(anchor)," Sir , yeh sahmati nhi. yeh toh manmani thi na. sehmati banti toh nitish kumar bhi bula lete apne yahan ke bacho ko lekin nitish kumar ne toh yeh stand liya na ki sahab jab desh ka pradhanmantri keh rha hai ki jo jahan hai wahi rhega.  aap logon ne toh jiska jo mann aaya usne mazaak bna kar rakh diya. jiski ki chah chali, usni apni tanashahi dikha di. Theek hai hum yahan apne rajya ke bacho ko bula lenge, hum apne yahan ke mazduro ko bula lenge. fir matlab kya baccha iss lockdown ka? sirf garib mazdur par atyachar aur koi fayda nhi iss lockdown ka.",1
18:13 ,(speaker 1), jahan par 1 ration card 1 nation ki uske ilava jo SDRF hai unke rehne ka intezaam kiya. aapko yeh bhi bta doon ki yeh bhi sarkar ne teh kiya ki jo mazdur apne rajya lotenge jo unko 3 waqt ka bhojan diya jayega uska intezaam bhi kendra ke zariye kiya jayega. wo saare intezaam mai koi kasar nhi chodi gyi ,0
18:40,(anchor)," Shah nawaz hussain, shah nawaaz hussain, shah nawaz hussain, ek minute abhay ji aa rhi hoon aapke pass ek minute .mujhe lagta hai umesh ji ko aana chahiye iss debate ke andar. umesh ji, shah nawaz hussain ji ne boht sarre bindu ginae, unho ne yahan one nation one ration card ki baat kari. sir mai yeh hi kah rahi hoon ki Pure desh mein samasya aaye to kya samadhan bhi ek nahin hona chahie tha? agar pradhan mantri ne keh diya ki jo jahan hai, wahin rhe lockdown ka paalan karo toh kyun kuch rajya sarkar ne bus chalvadi ki hum toh yahan ke logo ko lekar aaenge. JI badi musibat mai hai faise hue hain . Fir uss lockdown ka matlab hi kya hua ? aur yeh bhi initially lockdown 1 mai sir. mai tab ki baat bta rhi hoon. yeh niyam, kaide , kanoon itne badle ki system ne ghuma diya kya aam aadmi ko? ",0
19:27 ,(speaker 3)," dekhiye niyam kanoon yeh koi bna nhi sakta hai ki individual behaviour kya hoga. iss desh mai jo bade sheher hai. bade shehero mai bohot saare log bahar se kaam karne aate hain. aap yeh yaad rkhiye ki wo agriculture ka season tha. agriculture ki harvesting ka season the. harvesting ke season mai yeh log zyadatar wapas chale jaate hain aur apne gaon mai harvesting ki madad karte hai. uss samay yeh corona virus aa gya aur isme lockdown laga diya gya. uske bawazud kitna bahari credit hai hmare logon ko ki gaon ke logon ko khaskar aur sarkaro ko bhi kuch hadd tak ki uske bawazud hmari agriculture production record hui hai. jo hmari food production hui hai. saari duniya mai food ki shortage ki problem aa gyi hai. hmare desh mai humne double kar diya hai ration. hmare godown bhare padhe hai toh yeh ek bohot badi achievement hai hmari puclic ki, hmari logon ki.  ",0
20:25,(anchor)," Bilkul theek sir, Janta ki jo badi achievement hai, lekin abhay dubey ji, sawaal mai yeh keh rhi hoon ki jo umesh sehgal ji ne kaha ki individual behaviour. individual behaviour ke baare mai koi kuch bta nhi sakta hai. sir yaha toh Ac kamre mein baith baith kar ussi individual behaviour ke baare mai puri kahaniya likh di gyi ki sahab lockdown rhega, aap ghar se bahar nikloge ya nhi? jo jahan hai wo wahi rhega. aapne socha ki ac kamre mai baith kar ki aisa hi hoga aur hua kya? wo humne 28 march se hi dekh liya sir chahe delhi ka anand vihar bus adda ho. wahan par mazzduro ka hoojoon nikla. chahe gujrat ka surat ho, chahe maharashtra ka bandra ho. har jagah humne sadko par mazduro ko dekha. wapis jane ke liye apne ghar bhinbhinate hue sir.",0
21:03 ,(speaker 2)," ruhmana ji dekhiye na sirf dekha bharbharta se pitai hote hue bhi dekha. pero mai chale bhi dekhe aur pet mai bhukh bhi dekhi aur mai yeh btane thoda sa sudhar karn chahta hoon. yeh jo production agriculture ka bta rhe hain na pichli baar bohot accha hua. iss baar rabi ki fasal ki jaankari nhi hai kya hua. 25 march se jo procurement sarkar ko karna tha wo 15 pril ke baad se prarmbh hua aur abhi bhi pichle saal ki tulna mai 60% procurement hua hai aur procurement mai hota hai sirf 25% wo bhi dhan aur gehhoon ka baaki ki faslon ka nhi. aur yeh jo hai 75% bazar ke bharose hai. aaj kisano ke pass bazar nhi hai samaj lijiye. bohot badi pareshani mai hai. jo accha samay tha mazduro ko ghar wapas bhejne ka pehla lockdown number 1 , 25 march 618 case. lockdown 2 14 april 10363 case, lockdown 3 3 may adhavis hazar 70 case, lockdown 4 1 lakh se adhik case toh accha hota ki shuru ki aur mai jab sankraman nhi faila tha. mazdur bhaiyon ka vishwas bhi bna rehta aur unki vishwas uthgya. jitni suwidha inhone ginai . rahul gandhi ji ko mazduro ne kaha ki hmare pet mai toh bhookh hi hai ration nhi pohoncha. ",0
22:22,(anchor)," Mai jawab leti hoon sir, shah nawaz hussain sahab bda chota sa sawaal hai. palayan ki planning fail ho gyi sir aapki?",0
22:33 ,(speaker 1), ruhmana ji desh duniya ke mukable mai corona se ladne mai pass ho gya hai. pehli baat toh yeh bhi. ,0
22:46,(anchor),"Sir 125000 cases hain iss samay desh mai. abhi peak jo hai woh june july mai aayegi aur aap keh rhe hain ki pass ho gya hai? aap apni peeth thap-thapa rhe hain. aapko garib mazdur paidal chalta hua nhi nazar aata sir. aap apne aap ko pass kehte hai sir. aap ho jaiye pass sir. Sir aap pass ho jaiye. corona jo hai wo sheher se gaon pohonch gya hai. aap pass ho jaiye. maine chota sa sawaal poocha , aakde mat dijie. aakde mat dijiye, mere sawaal ka jawab dijie shah nawaz hussain sahab. palayaan ki koi planning ki hi nhi thi aapne. aapne iss desh ke garib mazdoor ke baare mai socha hi nhi tha lockdown krte hue. aapne dhyan hi nhi diya tha iss desh ke garib mazdur ki pareshani par jo iss lockdown mai aa sakti hai. aapki nazar mai garib mazdur aay hi nhi desh ka. aapne lockdown kar diya.",1
23:39 ,(speaker 1)," dekhiye humne harr bharatiye ki fikr ki. humne pehle din hi kaha ki jo mazdur bhi hai unko puri care kiya jaye, puri tankha diya jaye . hmari party ke rashtriya daksh nadda ji ne kaha ki har bjp ka worker 5 logon ko khana khilae fir khana khae . humne party ke taur par bhi kaam kiya. sarkar ke taur par bhi 1 nation 1 ration kiya. unko unke account mai bhi paise daalne ka kaam kiya jo log rajyo ki taraf se bhi paise dalegye aur humne iski puri chinta ki. yeh jab lockdown badha aur mazduro ka saiyam tuta aur jab wo aaye jab wo road par chalne lage toh aapne program kiya kaha ki mazdur paidal chal rhe toh buse lagai gyi. ab jab unko  ",0
24:17,(anchor)," toh aapki koi dur darshita nhi thi na? aapne kuch socha hi nhi tha ki aage kya ho sakta hai? aapke pass toh pure experts ki team rehti hai usne aapko btaya nhi kya ki 1 days se kuch nhi hoga. agar aapko yeh chain todni hai toh kam se kam 40 din toh lockdown rkhna hoga. matlab aapki koi planning nhi thi, aap yeh khud mann rhe hain na.bohot accha hua, aapne khud mana ki koi planning nhi thi. nhi bohot accha hua. aapne khud hi kaha abhi ki 21 din socha tha for mazduro ka sayam tutne lga , lockdown bdhana pda. matlab aapko kuch pta nhi tha na. jaisi-taise halaat bnai aap log halaat mai behte chale gye. aapko kuch hosh nhi tha ho kya rha hai desh mai.",1
24:59 ,(speaker 1), 21 din mai corona ko parajit karenge aur abhi bhi corona se jis mazbuti se bharat ne ladai ladi ek shabd ruhmana iske liye kehna chahiye. duniya ke mukable mai bharat ki ladai sabse mazboot ladai hai. kathinai hui hai yeh jo kaksh mila hai isko sahenge lekin corona ko parajit karenge yeh hi dhe sarkar ka tha ussi par kaam kar rhe hain. ,0
25:21,(anchor)," Sir mai duniya ko baad mai dekhungi, pehle mai apna ghar dekhungi sir. pehle mai apna desh dekhungi, mujhe duniya se matlab nhi hai sir. mujhe pehle apne ghar se matlab hai, apne desh se matlab hai sir. aur mai sawaal aapse poochungi uss garib mazdur ko lekar nange paun, bhuke pet tapti hui sadak par chal rha hai sir. uske pero mai chale pad chuke hain.mujhe nhi pta wo aapko dikh rha hai ya nhi. aap america dekho, aap italy dekho, aap spain dekho , aap hindustan mat dekho bas. aiye abhay ji.",0
25:56 ,(speaker 2), ruhmana ji dekhiye ruhmana ji jo dekh rha hain na inn mazduro ka dard unko BJP kya keh rhi hai. BJP jo dard dekhte hain unko inki nirmala sitharaman ji kehte hain ki yeh mazduro ka samay barbaad kar rhe hain. arre aapne mazduro ka bhagya aur bhavishya barbaad kar diya nirmala sitharaman ji. aapke naqui sahab kehte hain ki pakhand kar rhe hain. arre jisme park ki aaye wo hume pakhandi bta rha hai. 1200 km bitiya apne pitaji ko bimar pitaji ko lekar cycle par chal rhi hai. dono pero se apahij ab aadmi apni bachi ko lekar 1000 lm ki yatra kar rha hai. yeh dard dikhai nhi deta? aur aap kehte hai ki humne labh le liya. ,0
26:49,(anchor), accha mera ek sawaal hai abhay ji se. kya aapko lagta hai iss samay mai behtar yeh hota ki samasya ek hai corona ki kyunki corona kal hai. saari power kendra ko de deni chahiye thi aur faisle kendra hi leta? yeh behtar hota sir? yeh jo baar baar kendr ki taraf se rajyon ko zyada shakti de di gyi hai. rajyon ko zyada adhikar de diye gye hain ki aap apne hisaab se niyam kaide bna lo. aapko nhi lagta iss vajah se yeh zyada dikatte aa rhi hai?,0
27:18 ,(speaker 2), dekhiye jo jo kaam kendra ko karna chahiye tha wo nhi kiya aur sirf aarop rajyo par marna prarambh kiya. mai pehle din se keh rha tha ki inter state migration samvidhan ne kendra ko adhikar diya hai. PM ji facilitate kijiye. agar wo maharashtra se nikalkar gujrat mai aa rha hai toh wahan uski police usko ghusne nhi de rhi hai. UP mai nhi ghusne de rhi hai ek aadesh jaari karna tha. wo jaari nhi kiya. sonia ji ne jab kaha ki hum unko train se bhej de tab kendra sarkar ne kaha ki hum kharch wahan karenge tab bhi desh ne dekha ki ticket ke paise mazdur kehra hai ki humse vasule gye. priyanka gandhi ji kehti hai jab hriday vidarak drishya dekh karke 1000 buses UP ko hum dete toh itni ghranit rajneeti karne lagte hain. ,0
28:05,(anchor)," Sir priyanka gandhi ji jo mazduro ke liye basse deti hai, aur kota ki basso ke liye jo rajasthan sarkar bill deti hai, uski bhi toh baat hogi.",0
28:10,(anchor)," ek minute, breaking news aa rhi hai. mai darshako ko breaking news de doon uske baad mai charcha badhaungi aap logo ke sath. dekhiye railway ne corona se ladai mai tayari mai fir se badlav kiya hai. railway board ne press conference krke btaya hai ki 5000 coach ko covid care centre ke taur per banaya gaya tha lekin in mein se 50% coach ko shramik express train mai kiya jaa rha hai. yeh badi jankari iss samay ki. 5000 coach ko covid care centre ke taur per banaya gaya tha aur 50% coach ko shramik express train mein istemal kiya ja raha hai.lijiye shah nawaz hussain sahab, teyari ki thi 5,000 coach ki, unhen mein se pachas percent le jaa rhe hai shramik express mein chalane ke liye yeh toh coron ki taiyari aap logon ne ki. Yeh hi mai keh rhi hoon, baar baar niyam bnate hain, baar baar niyam badalte hain. itna confusion kyun hai sir?",0
29:07,(anchor)," Abhay ji, beech mai bolenge toh sunn nhi payenge. aapki baari bhi aayegi.",0
29:11 ,(speaker 1), pehli baat toh yeh hai ki abhay ji ne jo baatein kahi do economistse rahul ji ki baat ek baar mazduro ke sath selfie uske ilava priyanka ji ka bus ka chithi likhna aur sonia ji ka patr. iske ilava congress ne koi kaam nhi kara hai. yeh khana khaya ghar mai baithe aur kuch nhi kiya inhone bas kaam hum logon ne kiya hai field mai utarke. dusri baat jo aapne ruhmana ji kaha ki yeh taiyaari ka . railway ne puri taiyaari kar li lekin humne jitna prediction tha corona ke marizo ke mamle mai humne corona ko jis takkat se ladai ladi hai uske vajah se coaches hmare abhi free hai wo uske liye hai prayapt hai. jo baaki coaches hai wo hum mazduro ke liye laga rhe hain . yeh hi railway ne kiya hai. railway ne yeh hi toh kaha hai. agar puri press aap unki dekhenge toh usme kuch trains chalane ki baat kahi gyi hai toh corona ne agar bharat ne itni advance taiyari kar khi hai ki hum anya desho se bohot aage hain. humne toh puri duniya mai dava bhejne ka kaam kiya aur corona ki ladai mai jis tarah bharat ne sakshanta dikhai hai uski tareef congress ke ilava puri duniya ne ki hai. congress party ka toh kaam hai aalochna karna. ek tweet kar dena ek photo khichva lena. ,0
30:25,(anchor),"sir mujhe lagta hai abhi corona kal sankat abhi tla nhi hai. peeth abhi thap-thapani nhi chahiye. mai aa rhi hoon. lekin usse pehle mai umesh ji ke pass yeh sawaal lekar jaana chahti hoon ki  abhi toh june july mein kaha ja raha hai ki sahab yeh kram aur zyada aage badhega aur jyada marijon ki sankhya badhegi. aise mai  Railway wali khabar a gai hai ki sahab 5,000 dedicated covid-19 care ke liye coach bnae the, unhi mai se 50 % shramik express ke liye istemal kiye jayenge. sir yeh system aage jab stithi bhyavay hogi usse kaise ladega?",1
31:00 ,(speaker 3)," dekhiye aisa hai ki jisne jisne testing bhad rhi hai abhi ek lakh test hi rhe hain roz toh aap dekhiye 3000-5000 cases ho rhe hain . jab 2 lakha test karenge jo promise kiya hai government ne toh aap samajhiye ki 6 nhi rhega 10-11 hzar ho jayega lekin aap do cheezein aur sath mai dekhiye ki 6000 kal cases hue hain toh 3.5 case theek bhi hue hain. hospital se bahar bhi nikle hain. yeh jo figure hai jo pehle 10% tha ab 40% ho gya hai. toh yeh badhega , toh ab yeh mat sochiye ki cases badhte jayenge toh aapko ab zyada seete chahiye hongi. log theek bhi hote jayenge. uske ilava ghar mai bhi bohot saari 10-15% patient gharo mai bhi quarantine kiye jaa sakte hain. zaruri nhi hai ki sab ke liye hospital ya sarkar hi arrangement kare toh aap jiss tarah ",0
31:54,(anchor)," Aap jo baat keh rhe hain. wo hi toh baat keh rhi mai. kam se kam bilkul pehli baar hue hain. isliye pura desh ek sath tha. lekin in lockdown mai, 60 din ho jayenge ab lockdown ko. iss lockdown mai jis tarah se baar baar niyam badle, swaal toh usne khda kiya na sir. abhi aapne quarantine, home quarantine ki baat ki. mai aapko ek ek rajyo ka example de rhi hoon sir. jaamu and kashmir jo kehta hai ki 14 din ka quarantine institutional quarantine zaroori hoga. karnataka kehta hai 7 din ka intituitional quarantine zaroori hoga, baaki 7 din home qurantine kar lijie. koi aur rajya kehta hai nhi pura 14 ka 14 home quarantine kaafi rahega. sir yeh jis tareeke se niyam badle gye. jis tareeke ki chooth kisiko bhi dedi gyi apne hisaab se niyam bnane ki. kya behtar nhi hota ki ek samasya, ek samadhan, zyada control kendr apne hath mai rakhta? umesh ji.",0
32:43 ,(speaker 3), nhi kendra ke haath mai toh hai control . dekhiye saari guidelines jo hai sab grah mantralay se jaa rhi hai. states ke pass koi haq nhi hai unn guidelines ke bahar jane ka. unn guidelines ke andar agar koi red zone banna hai toh yeh dilli se decide nhi ho sakta ki bombay mai kis area ko red zone banay jaye . wo bombay ke mayor bombay ke local administration hai ya district megistrate hai zillon ke wo decide karenge. ,0
33:07,(anchor)," Maine toh quarantine ka aapko isliye udharan diya ki jo dusre rajyon se aa rha hai uske liye jammu and kashmir mai alag niyam hoga, karnatak mai alag niyam hoga kya? corona ka marz toh ek hi hai na. virus ka darr toh ek hi hai na. fir alag alag niyam kyun. ab jaldi se kyunki karykaram ke bilkul aakhri padav par, lockdown se fayda zyada ya mushkil zyada? Abhay ji, fayda zyada ya mushkil zyada?",0
33:33 ,(speaker 2), dekhiye bohot accha fayda ho sakta tha jisko wo gavaya gya aur umesh ji ne jo baat kahi hai mai ussi par aata hoon. saare CM yeh hi keh rhe the ki PM delhi mai baithkar red zone decide mat kijiye. amrinder singh ji ne kaha ki jisko aapne red ghoshit kar diya hai wo green zone hai mere yahan. jahan par badi industrial activity thi. mujhe 3000 crore rupay ke revenue ka loss hua aur mazdur mere jo wahan gye pallayan karke wo issi area ke the toh yeh mujhe lagta hai ki  shuru se lagti thi ki modi sarkar ne isko federally deal karna tha. isko rajya ka nirnay lena tha wo nhi lene diya gya jiska khamiyaza abhi bhugat rhe hain. ,0
34:13,(anchor),"  shah nawaz hussain sahab, jab rajyon ko involve karna chahiye tha tab rajyon ko involve kiya nhi aur jab hath se haalat nikal rhe hain toh rajyon par zimedaari dal di hai.Theekra ek tarike se phodenge rajyo par?",1
34:23 ,(speaker 1), ruhmana ji aap issi baat ki gavah hai abp news iss baat ki gavah hai ki corona par CM ko vishwas mai lekar nirnay kiy gya. red zone  ,0
34:38 ,(speaker 2), yeh last meeting mai kaha  amrinder singh ji ne . jo last mai decide kara hai abhi. akhri jo guideline hai usme daala hai shah nawaz ji. ,0
34:48 ,(speaker 1), corona ke kandhe par sawari band kijiye. corona ke naam par apni siyasi dukan chamkana band kijiye. ,0
34:58 ,(anchor),"  chaliye sir , yeh arop dakhiyarop ka silsila mujhe lagta nhi hai abhi thamega. samay mere pass sirf itna hi hai. bohot bohot dhanyawad aap sabhi ka iss charcha mai mere sath bne rehne ka iss charcha mai mere sath. Dekhiye sawaal toh poocha jayega kyunki jab iss corona kal, sankat kal mai lockdown ke beech mai garib mazdur paidal hazaro mil ka safar teh karega, bhooke pet toh sawaal toh poocha jayega. sawaal toh poocha jayega jab corona shehro se gaon tak pohonch jayega toh sawaall toh poocha jayega, aur yeh hi sawaal pucha jayega ki system fail ho gya kya?",0
