timeStamp,speaker,text,label
00:00,(INTRO), Har khabar par hogiaapki pakad download kijiye abp live. ,0
00:05,(ANCHOR)," Namaskar main hun debang hindustan shikhar samagam mein aapka swagat hai aur mere iss sath ke liye hain do beyhadh khas mehman. Unka parichay karva doo. Sudhanshu ji hai, Sudanshu trivedi, Sansad hai BJP ke. Lucknow mei taaliya bhi bajaate haina log. Aur dusre ka swaymaan ye MIM ke asaduddin owaisi aap bhi sansad hai. Ek loksabha mein ek rajya sabha mein. Sudhanshu ji agar mein shuruaat seedhe aapse kru. To aaj, badi khabar hai aur ek tarike se yah. Breaking news hai iss waqt ki, White house ke pravakta ne kaha hai ki jab rashtrapati Trump bharat aaenge toh vo, CAA Ke bare mein baat karenge dharmik swatantrata ke bare mein baat krenge. Is par aap ki, aap ki party ki taraf se kya pratikriya hai. Ek bahut bade dost aa rahe hain lekin aise mudon ke bare mein baat kar rahe hain jis per bharat mein pahle se bahut garmi hai. ",0
01:06,(SPEAKER 1)," Dekhiye, kisi bhi desh ka apna adhikar hai jo chahe wo bole. Paruntu mai sirf ye khna chahunga jo Alania khade hokar bolte hain ban stormic terrorism. Jo, Mexico mein diwar banate hai koi bahar na aane paaye, wo agar aakr humko ye samajhaye to samajhne wale samajh lete hai ki kon kya bol raha hai aur andar ki haqiqt kya hai. To ek hi bindu khna chahenge yadyapi Antarashtri kootneet ke anusar vo apna vichar rakhne ko swatantr hai. Aur humare yahan bhi ek kahavat hai par updesh kushal bahut hai. ",0
01:44,(ANCHOR)," To ek tarike se saaf ek aap kah rahe hain ki aap hamare dost jarur hain. Lekin dosti rahe, aur dosti ki ek seemayein hain vo rahe. ",0
01:56,(SPEAKER 1)," Dekhiye, hamari unki dosti. America ke saath hamari dosti, aur duniya ke sabhi desho ke sath dosti. Ek naye aayam pe hai. Ab mai aap logo ko batana chahta hun, ek chiz shayad aap mei se kuch logo ko na dhyaan ho. Ye philippians ke paas jo America ka naval command hai jisko Asia-pacific command khte the pehle. Ab uska naam badal ke indo-pacific command ho gaya hai. Dusri cheez American state department yani vidhesh vibhaag mein Pakistan south-east asia mein hai yani jidhar hum hai ussi area mein usko count karte hai. Par American Pentagon mei, Pakistan ko middle-east aur central asia ke sath rakha ja raha hai. Yani, Iraq Seria ke sath rakha ja raha hai aur Bharat ko alag rakha ja raha hai. To bhai jo unka vidhesh vibhaag kh raha hai, jo unka seniye vibhaag kh raha hai usse hi antar paryaapt hai ki hum kaha khade hai aur vo kaha khade hai. Dusra on a lighter note khna chahunga, hum sab bachpan mei sunte the ki Bharat mein chunav ho rahe hai America ka dhakal hai. Hum sabne sunna hoga bachpan mein. CIA chunav ko prabhavit kar raha hai. Ab aaj hamare virodhiyo ne hum pe aarop lagaya hum nahi kh rahe hai. Jab Howdy Modi hua tab Modi ji ne kyu bol diya abki baar Trump sarkar ko chunav ko prabhavit kar rahe hai Bhai mai toh kh raha hun ki agar ye aarop sach bhi maanlo to hamare liye garv ki baat hai ki hum unka chunav prabhavit karne ki sthiti mei aa gaye. ",0
03:25,(ANCHOR), Thik hai. Sudhanshu ji Trump kh jarur rahe hai lekin ham sab jante hain ki trump ke vahan chunav hai america mein chunav hai aur unko vahan bhartiya vote chahie vote hi nahin chahie bhartiye. Duniya bhar mein jo sabse amir bhartiya rhte hai. Sabse Khushal bhartiya rahte hain vo America mei rahte hai unke funds bhi chahie unn par bhi unki najar hai. ,0
03:46,(SPEAKER 1), Ek remind kar doo fact 2016 ke Presidential Election mein Trump Republican party ke kis forum par aaye the Indian forum. Republican indian collision per nahin aaye the. Republican Hindu collision per aaye the. Chaliye vo hamare mehman hai yah bahas garma garam hone wali hai kyunki bahut sare sawal hai jinke. Jawab liye jaane bahut sare aise sawal hai jo ab tak uthe nahin hai vo sawal uthane hai unn sawalon per charcha honi hai to iska format ye rahega main aapse sawal puchunga aapse ek reaction lunga yah jo iss par kah rahe hain Trump per uspar aapki kya pratyay hai Asad ji. ,0
04:24,(SPEAKER 2), To aap America ko dost maante hai.,0
04:30,(SPEAKER 1), Aaj se kyon hamare sabhi dost hai aaj vo hamara dost banna chahta hai. Aisa nahi ki humei hi uski jarorat ho. ,0
04:34,(SPEAKER 2), To shayar ne ye kaha tha ki tum jiske dost hue dushman aasman kyu bane. To America ko agar apna dost mante hain. To ham ye kyon nahin puchte ki America ke drones Taliban ko aur Pakistan mein terrorist camps ko bam marke udate hai. Aakhir America ne ab tak hafiz saeed ko kyon nahin udaya. Jiska involvement 26/11 mei hai. Aakhir agar hum america ko apna dost mante to phir unke US Foreing Affairs Senate Committee mei Kashmir ke upar wazabta ek debate hui jisme 370 ke upar jo faisla liya gaya uske khilaf kaha gaya. Senate Foreign Affairs aur House Representative Committee mein ek congressman ne CAA Kanoon ke khilaf kaha. Aur jis. US State Department jo south-asia department ki head hai. Unhone. 370 ke upar aur inn tamam chizo per criticism kiya ab jab ek bahar ka ek President aakr India mein aa kar. Indian government se kahega ki aapke pass religious freedom ki kami hai. Aur 3 march ko US mein. United states international religious freedom ki ek hearing hone wali hai. Jo State department ka hissa hai. To mujhe ye samajh mein nahin aata ki yah kya hamari foreign policy hai. kiHamare pradhanmantri jab pichle bar washington gaye the. To Trump se itne bar gale mile ki aisa lag raha tha ki. Eid ke aur Bakri-Eid ke gale mil liye. Magar uske bavjud bhi humko kuchh nahin mila. To ye jo US ke taluk se aap samajh rahe hain na. Aur Taliban ke sath Sudhanshu ji aap bade padhe likhe aadmi hai. Taliban ke sath US baat kar raha hai. Aur FATF mei abhi bhi blacklist mein Pakistan ko nahin dala gya kyon nahin dala kya. Isliye ke US ne ek taheed ki Pakistan ko grey list mein rakhenge. Taliban ke aane ke bad sabse bada khatra to Bharat ki seemaon ko hoga. Aur ye US kar raha hai US baat kar raha hai Taliban se khattar mei baith kar. 07:00(ANCHOR) Ji. 07:00(SPEAKER 2) Aur humko pareshani hone wali to main samajhta hun ki all in all US ko ham outright 07:04(ANCHOR) Ji. 07:04(SPEAKER 2) dost samajh rahe hain to yah bahut badi galti kar rahe hai. ,0
07:08,(ANCHOR), Ji. Ji.,0
07:07,(SPEAKER 1), Mai jawab dedu iska?,0
07:09,(ANCHOR), Ji. Bahut sankshep mei,0
07:09,(SPEAKER 1), Inhone US ki committee ki baat kahi. Arre hum US ki committee ki kya baat kare. Hamara lok sabha mei leader of the opposition adhir ranjan chaudhari ji kahte hain ki 370 to UN ka maamla tha Bharat sarkar hatta hi nahi sakti thi. Neta pratipaksh rajya sabha ghulam nabi azad sahab kahate hain ki kashmir mein indian army civilian ko jyada marwati hai. Ab ham aur kya bole bhai. Budget ka session chal raha. Budget session mei to aarthik muddon pe baat honi chahie. Khte na Vikas aarthik pe baat kro magar aap sab yad kariye rashtrapati ke abhibhashan ke samay. Vipakshi dalon ke sansad apne bagal mein. Kala patta ka bandh ke aaye kis liye ke liye arthvivastha ke liye nahin vikas ke liye nahin tathakathi berojgari ke liye nahin CAA ke liye to yahan to dushman na kare dost ne vo kam kiya hai. Ham kya kar sakte hai usmei jab hamare hi ye karne mei lage hai. ,0
08:00,(ANCHOR), Aap baat kar rahe hain CAA ki kyunki ghoom phir kar baat uss par aani hi thi ab aapane baat shuru kardi hai. To mai aapse puch raha hu Sudhanshu ji aap kyu ek tarike se samvida-heen sarkar nazar aa rahe hai. Log baithe huye hai Shaheen Bagh mei. Aap kyon nahin jakar unse charcha krte. Dekhiye ki UPA ki jab sarkar thi 2011\. mei Baba ramdev ka ramleela maidan mein bada aandolan chal raha tha. Anna ka aandolan chal raha tha to log gaye the mantriyon ka pura samuh gaya tha unse batchit karne ke liye baatchit hui jo hua aapko maloom hai. Per aap log unse jakar batchit kyon nahin karte hain inn logo se. Hichak kya hai baat karne mein. ,0
08:35,(SPEAKER 1), Debang ji aapne bahut achi baat kahi. Bharat mein anek aandolan huye. Par abhi ye aandolan apne aap mei vichitr hai. Abhi aapne isse phle Anna aandolan hua tha. To Anna aandolan mei kya tha bakayeda ek demand thi. Inn inn bhrashtachar ke caseon par kaarvayi chahie ye ye vidhek chahie. Aur uske bakayeda sanyojak niyukt the. Kejriwal ji ussi mei sanyojak bane the jo aaj tak sanyojak kahte hai. Theek. Usse pahle ram mandir aandolan hua to babri masjid action committee bhi thi ki ram jann bhumi niyaspit tha. Ek forum bhi tha ek demand bhi thi. Jab emergency mei aandolan hua jp ka toh jp uske sanyojak the.Demand bhi thi. Ek sanyojaktva bhi tha. Azadi se pahle chale jayie Simon Commission ka aandolan to ek remand thi. Rowlatt act. To ek demand thi savinay avagya aandolan act to ek demand thi. Yaha vichitra aandolan hai. Na demand hai likhit mein. Na kon representative hai ye pata. Hawa mei baat kar lo na kagaj par kuch na zameen par kuch. Aur uske baad bhi meri unse.,0
09:31,(ANCHOR), Sudhanshu ji agar yah jo baat kh rahe hai ek to aap pure jo aandolan waha khada hua hai [*subtle laughs*]. Ek tarike ko bahut aap unko halka karke bilkul khatam nahi karte rahe. Par aapse mai yah poochh raha hun ki agar ye baat aisi hi hai toh toh aapka kaam bahut aasan hai. Tab to aap unse jaake batchit kar lijiye aur kahiye ki bhai aapke pass koi demand to nahin hai demand to lekar aayie aap ko hichak kahan hai. Aap wahan jaate kyu nahi hai.,0
09:55,(SPEAKER 1)," Bhai baat kisse ki jaaye ye to bataiye bahut majedar baat hai. Wo log apne munh se bolate hain chaar-paanch hazaar log baithe hai. chaar-paanch hazaar unke hisab se 100 karod ke ya Kam se kam 15 karod ke pratit hi hai. Magar chaar-paanch hazaar apne mei se 4-5 nahi chun paa rahe hai. Choonki itna vishwas hai ek dusre ke prati. Kon jaa ke kya bol dega. Fir bhi meri unke prati sahanubhuti hai. Jaante hai kyon. Kyonki jo party gayi Shaheen bagh mei jinke neta gaye unki to 67 seaton pe jamane zabt ho gayi dilli ki. Aur jo gaya nahin usne kaha mai to Hanuman Chalisa padhunga 100 baar garaj ho to vote dena nahin to mere thenge pe. Aur uske baad vo jeet gaye. Jalwe se hamare Abdullah Khan 73 hazaar se jeet gaye aur abhi bhi nahin aa rahe hai unke paas. Nahin jaa rage hai dilli vidhan sabha mei uthane to unke upar to muje ek line yaad aati hai purana geet hai aapne sunna hoga Raha gard disho mei har dam mere ishq ka sitaara. Aage ki line unn par fit hai, ye humari hi to badnaseebi nhi toh aur kya hai ki ussi ke ho gye hum jo na ho saka hamara. ",0
10:56,(ANCHOR)," Acha ji, ye kh rahe hai ki unki koi demand hi nahin hai Shaheen Bagh mein jo log baithe huye hai unki koi demand hi nahin hai. Kuch wo chahte, Kya chahte hain pata hi nahi hai.",0
11:04,(SPEAKER 2)," Shaheen Bagh ko to bjp ne bhi mudda banaya tha Dilli ke election mein. Ki jis din result aayega Shaheen Bagh khatam ho jayega. Bjp ne yah kaha tha ki Shaheen Bagh ke log nikal kar rape karenge, maar denge. Shaheen Bagh ko to mudda bjp ne bhi banaya to bjp bhi har gayi waha par. Aur. Kitne seat aaye aapko 5\. 5 aaye 4 aaye nahin maloom. Bahut kam seat aaye. Itna campaign itna campaign kiya ke parliament session mein 200 ke khareed mps ko bhijaya. Kahi ex-Chief Minister ko utaar diya waha par. Mere khyaal home minister ke bhi 6 7 8 meeting huye. Yahan ke mukhymantri bhi chale gaye. Aur bole ke. Boli ki baat nahin samjhenge to goli sikha denge. To ye sab hua na hamare sath. Aapko bhi fayda nhi hua sir. To ye hai Shaheen Bhag ka. Shaheen Bagh ek organic protest hai. Aur shaheen bagh ki tarah isse kai jo desh mei protest ho rahe hain. Vo yah protest bilkul aap sahi kah rahe hai hamare hath mein nahin hai. Yah isliye protest ho rahe hain kyunki log constitution ko bachane ke liye nikale hain. Aur constitution ko bachane ki jimmedari sirf bjp ki sudhanshu sahab ki meri yah supreme court ki nahin hai. Supreme Court. Constitution ki bachane ki jimmedari desh ki janta ki bhi hai. Isiliye constitution ko bachane ke liye hogi. ",0
12:40,(ANCHOR), Ek baat jo inhone kahi mai app hi ke ek tarike se. Ek baat jo aapne kahi ki ye daraane ka kaam kar rahe hai. Daraane ka kaam toh aap bhi kar rahe hai. Aapane kaha ki 8 february ke baad Shaheen Bagh jalianwala bagh jaisa ho jayega hai. Shaheen Bagh pe itne der se log baithe hue. Aap is tarah ki baten karte hain ye bhi to darana hi hai. Ki bhai Shaheen bagh jallianwala bagh ho jayega. Ye kaisi bhasha hai?,1
13:02,(SPEAKER 2), Nahin bhasha isiliye hai kyunki media ke log ke liye main bada hero banta hun hai dulha bana dete ho mujhe aap log. To aap hi ke ek channel ke jimmedar hai parliament mein aakar apna revolver mere muh ke samane laga kar kaha ki BJP ne yah kaha hai ki result ke bad Shaheen Bagh ko ham khatm kar denge. Khatm kar denge. Amit Shah sahab ne bhi kaha tha. Toh maine kaha ho sakta hai shayad jalianwala bagh krdein. Ek rhetorically jawab maine usko diya hai agar aap usko factually le rahe hai to galti kar rahe hai. ,0
13:41,(ANCHOR), Yah ek bachav ka. ek ek minute aap apni baat rakhiyega. Mai aapse bata raha hu ki yah ek netaon ke bachav ka ek tareeka hota hai. Yani aap kuch bol jaaiye aur fir kahiye ki yah rhetorical tha. Ya iska yah matlab nahin tha aur bhi kahin tarike hote hain yah bhi ek tarika hai aur yah jo suljhe neta hai yah khaas taur pe unka tarika hota hai. Yah ek tarika dekhiyega. Sir Sudhanshu ji ki baat. ,1
14:00,(SPEAKER 2), Debang ji. Politics is the art of impossible.,0
14:05,(ANCHOR), Jo Asambhav ho usse sambhav kar de usko rajnita kahate hain yah kah rahi hai yah. Yah aap log sab log samajh lijiye ki kya kya kar sakte hain yah log. Asambhav ko sambhav karne wale log baithe hain stage par. Ji Sudhanshu Ji.,1
14:14,(SPEAKER 1)," Dekhiye inhone abhi hamse pucha tha hamein kitni seatein aayi. Magar 40% vote hai. Main puchna chahta hu aap chunav bhi ladde the? Nahin lade the. Magar ladaiya sabse bade the. Aap ek aur baat dekhiye. CAA ka mudda shuru hua to mudda kya tha. Assam ki sanskriti ki raksha karna. Sabse bade alambardar jhandabardar ban gaye hyderabad ke Asaduddin Owaisi ji. Resoultion kahan pass ho gaya keral ki assembly mein. Bawal kahan shuru hua jamia millia mein. Fir uske bad AMU mein. Uske baad Nadwa mein. Aur itna hi nahin. Aaj yah kah rahe hain. Yah khud kahte hain ham majloom hai. Ham dare hain. Magar inke saathi sansad kahate hain 15 crore 100 crore per bhari padenge. Usse pahle jamane mein kah chuke hai 15 minute ke liye police hata lo sab mita denge aur unke hi sathi kah chuke hai. Humne 800 saal iss desh par hukumat ki hai. Bhai duniya ko udharan milega jo kahe maine centuries tak iss desh ko rile kiya fir bhi mujhe special status chahie. Yah gajab ka tark. Aap ke yahan se kyon aata hai. Jaante hai kyu? Jab yah desh azaad hua tha toh minority ki baat karte hai. Kitne minoity religion ki riyaasatein thi. Koi christian riyasat thi. Koi Buddh riyasat thi. Koi paarsi riyasat thi. Koi nahin thi. Jain riyasat thi. Nahin thi. Ekada maharaja patiyala wagera chhod do to ek do sikh riyasate thi. Magar line laga ke muslim riyasatein thi. Nawab Pataudi, Nawab Rampur nawab bhopal, nawab junagadh, nawab lucknow, hyderabad ke nijam. Magar aaj kahte hai majloom hogaye. Jante hain kyu? Jo waqt the aaj majloom ho gaye. Kyunki secularism ke jaal mei aise fasse ki uljhalool ho gaye. ",0
16:03,(ANCHOR), Yah jo yah jo yah kah rahe ki sahab yah yah wo party hai asad ji jo. Aapki jo zubani aatishbaji hai usmein yah muqabla kar sakte hain aapka.,1
16:15,(SPEAKER 2), Nahin nahin mujhe kabhi kabhi.,0
16:15,(ANCHOR), Yah aap dekh lijiye donon zubani aatishbaji ke jo 2 mahir partiyan hai. Wo iss samei stage per hai aapke. Ab udhar se ek dugla chala hai to dekhiye yah kya jawab dete hai. ,0
16:27,(SPEAKER 2)," Nahin, agar Narendra modi sudhanshu sabko 2024 tak minister nahin banaye. To mujhe yakeen hai ke bahut bade shayar ban jaenge. Aur mujhe yah baat bhi yakeen hai ki kabhi nahin banaenge inko. Kyunki inka hath mein dekh chuka hun. Ab raha sawal ke CAA ka sir constitution humne bana liya. Mera. Mujhe nizam se. Nawab of Rampur se, Junaghad se koi matlab nahin hai. Mujhe samvidhan se matlab hai. Mai sirf aapse pahle bhi sawal ye pooch chuka hun fir sawal kar raha hun. Assam mein. NRC hua 19 lakh janata ke naam nahin aaye. Jisme se 13 lakh non muslim hai 5 lakh musalmaan hai. Kyu BJP unn 13 lakh no muslims ko CAA ke tahat citizenship dena chahti hai. Aur 5 lakh jo bangali jabaan bolne wale musalman hai unko dena nahin chahti. Yah main kyon kah raha hun kyunki Assam ki assembly mein BJP ke finance minister hemanta biswas sharma ne yah kaha hai. Ham inko denge CAA se. Yah discrimination hai ya nahin bataiye aap. Isilye jo Assam ke NRC Supreme court monitored hai. 1800 crore rupiya uss par kharach hua uske bad BJP kahti hai ki nahin ham CAA ke tahat. Unn 13 lakh non-muslim citizenship denge assam mein. Aur 5 lakh ko nahin denge jo musalman hai. Aap apna case ladiye foreigners tribunal mein. Yah Assamka example pure desh mein chal raha hai. Aur main aap ke jariye se batana chah raha hun ki NPR na sirf anti-muslim hai anti-hindu hai anti-dalitable ke anti-poor hai. Isiliye ke inki sarkar mein national family health survey ki report hai 2016 jo yah kahta hai ki 137 crore ke desh mein 18 fisad bharat ke logon ke pass birth certificate nahin hai. Aur birth certificate 40% dalit musalman ke pass nahin hai 44% aadivasi ke pass bhi nahin hai. Aur report yah kahati hai ki garibon per zulam hoga. Aaj aap jakar dekh lijiye bade shahar mumbai ki example de raha hu. Har court mein har municipal daftar mein log kagaz nikal rahe hai. Isiliye ham iski mukalifat kar rahe hai jo assam mein hua. Vo sare desh mein repeat karna chahte hai. Isiliye iski mukalifat ho rahi hai.",0
19:09,(SPEAKER 1), Inka yah sawal hai ki Bangladeshi muslimon ko nahin de rahe hinduon kyu de rahe hai . ,0
19:16,(SPEAKER 2), Sir sir pure pure illegal migrants hai.,0
19:18,(SPEAKER 1), Haa pure illegal migrants hai.,0
19:19,(SPEAKER 2), Sir sir NRC mei agar naam nahin hai to pure illegal hai.,0
19:23,(SPEAKER 1), Mai aapko jawab de rha hu.,0
19:24,(ANCHOR), Sudhanshu ji ek minute. Ek minute. Mai aapko bata raha tha ki ek to hota hai ki mudde kisi baat ko kh dena ki yah to rhetorical tha. Dusra bachav ka tarika abhi aap dekh rahe hain yaha. Dusra tareeka yah ke jab aapse sawal poochha jaaye aap uss sawal ka jawab hi matt dijiye aap kisi teesri mudde per baat karne lag jaiye. Aapane dekha inhone baat ki 100 karod 15 karod ki. Yah kahin aur baat ko le gaye per yah bhi tarike hain. Isko aage dekhte jayie sudhanshu jo aap jawab dijiye. ,1
19:51,(SPEAKER 1)," Main aapko ek dum factual jawab deta hu jispe mere vichar per sabhi log sehmat honge. Aap hamari baat mat maniye. Citizenship Amendment Act ka pravdhan atal ji ki sarkar ke sammein bhi aaya. 2003 mein MHA ki parliamentary standing committee bani. Jiske chairman the Pranab Mukherjee. Jiske sadasyon ke 3-4 ke naam bata deta hun. Kapil Sibbal ji, Ambika soni ji, Hansraj bhardwaj ji. Lalu prasad yadav ji. Aur committee ne jo apni recommendation likhi hai usmein diya hai ki jo bangladesh se aaye hue minority ke log hain unko refugee status mein citizenship deni hai. Aur point number 9 par likha hai Bangladesh ke majority community ko refugee status mein citizenship nahin deni. Ab bataiye ham galat hai aap sahi. Chalo fir bhi ham deno ko taiyaar hai ab bataiye to kitno ne apply kiya hai. Hamari sarkar chhodiye UPA sarkar data hai ki keval 2013 ke sal mein 114000 hinduon ne Pakistan aur bangladesh se nagrikta ke liye aavaden diya hai. Aur Sukhbir Singh Badal floor of the house se bol chuke hai 75000 sikho ne kiya hai. Aap bata dijiye kitne karod kitne million kitne lakh yah kitne hajar mein apply kiya hai jo apply hi nahin kiya uske liye karen de dijiye. Matlab exam mein ham parcha nahin bharenge par uske liye pass kardo hamko bhai. ",0
21:16,(SPEAKER 2), Assam ka main sawal specifically kiya hun. Ki kyu 5 lakh musalman jin ka naam nahin aaya. Unko CAA se nahin dena chah rahe aap. Jo 13 lakh non-muslim hai unko aap denge CAA se. Yah pahla discrimination. Dusra NPR hoga. NRC hoga. Aur. Aur jab NRC hoga. To jin. Jab NRC hoga. To jab NRC hoga aur misal ke taur per usne agar musalman ke naam nahin aaenge. Aur gaer muslim ke nahin aaenge to citizenship to mil jayegi na. Isiliye ham kah rahe hai. Kisko nahin milegi. Aur yah nainsafi hai yah sara-sar nainsafi hai mazhab ke naam per aapane kanoon banaya hai. Aur isko internationalise aapane kar diya hai Trump ko kya zarurat bolane ki. Aapko kya zarurat padhi 370 mein aap sabko lekar ja rahe. Hamara hamesha mokkuf tha ki ham internationalise nahin hone denge aapane donon mashalo ko internationalise kar diya. ,0
22:27,(ANCHOR), Sudhanshu ji aap iska kya. Ek minute yah Akhilesh Yadav ki brigade aayi hai. Aap log kripya shanti banae rakhen aapko narebaji karni hai aapko 5 sal bad mauka milega jarur vote daaliyega yahan yah sab mat kijiye. ,0
22:38,(SPEAKER 1), Humne aapko spasht do kaaran bata diye. Ek ispe Parliament ki aam sehmati thi kyonki Pranab Mukherjee ji ke adhyashkta ki committee yah teh kar chuki thi ki majority walon ko nahin dena dusra apply hi nahin kiya hai. Bas yah do karano se nahin mil raha. Apply karo toh ham dene ko taiyar hai. Ek the na jinhone kaha tha thodi si tu lift kara de unhone kaha lift kara de humne kara diya. ,0
22:58,(ANCHOR), Per Sudhanshu ji aapke sath mushkil dusri hai. Aapke sath mushkil yah hai ki aap ke jo sheersh ke neta hai wo alag alag swar mai bolte hue najar aa rahe hai. Usmein aapke liye chizon ka bachav karna mushkil ho raha hai. Kya aap isse sehamat hai?,0
23:12,(SPEAKER 1)," Hamare sheersh ke netaon main kahan par koi vyaktavya main aapko kintu parantu najar aa raha hai. Sheersh netaon mein. Agar aap yah kehna chah rahe hain to bahut sapsht baat hai Pradhanmantri ji ne kahan hai ki abhi NRC ka koi draft hi nahin hai. Aap yah kahenge ki grah mantri ji ne kaha hai ki NRC aayega. Arre jab aaye, draft aaye. Tab aap kahiye falal line per humein objection hain. Yah to padhe likhe hain vakil hai kabil aadami hai to koi document hoga to ispe kaagaj per baat hogi na. Ki yah cheez hamko galat lag rahi hai. Theek kariye. Abhi aaya nahin. Ek kahavat hai na khat ka majmoon bhanp lete hai lifafa dekh ke. Yaha lifafa chodiye khat chodiye khat bhi nahin dikh raha majmoon ke upar bhashan chal raha hai. ",0
23:56,(SPEAKER 2), Main aapko ek baat bata raha hun ke NRC hoga. Jo april mein npr hoga nrc hoga. NPR aur NRC ke rules citizenship act mein hai. Aur parliament mein jawab diya gaya. Ki till now abhi tak nrc ke bare mein koi faisla nahin liya gaya. NPR hoga to automatically NRC hoga isko koi deny nahin kar sakta. Aur yah agar hoga toh desh ki janata ko janne ki jarurat hai ke sirf ek mere notification ki jarurat. Dusri baat hai kya minimum 8 karod logon ke naam nahin aaye. 8 karod log.Minimum best standards apply karke. 65000 karod ka kharcha hoga. GST mein ham devolution of taxes mein ham states ko paisa nahi de pa rahe hai. Aur aap logon ko line mein khada karke stateless karna chah rahe hai. Aur yahi khatra hai desh ke liye catastrophic sabit hoga yah. ,0
24:55,(SPEAKER 1), Dekhiye yah hi inko aapati kya hai jab sarkar ne iss prasroop se kah diya ki abhi tak koi irada nahin hai to kah rahe hai till now kyon likha. Hamesha ke liye likh de. Arre bhai konsi aisi chiz hai jo hamesha ke liye likhi ja sakti hai. Arre humein aapse pucha jaye aap jivit hai aap yahi kahenge na I'm alive till now. Kyonki kal ka pata na pal ka pata. To mere vichar se yah inka aarop bilkil yukti sangat nahin hai varna toh fir koi samvidhan sanshodhan hona hi nahin chahie tha. Aur 100 se adhik samvidhan sanshodhan ho chuke hai.,0
25:24,(SPEAKER 2), Nahin nahin iske liye sanvidhan sanshodhan ki jarurat nahin hai. Aap NPR aur NRC ke rules 2003 mein atal bihari vajpayee ke sarkar ne usmein add kiye hai. Sir rule 3 of 4 padh lijiye. NPR hoga NCR hoga isko nahin rok paate hai aap isliye ham kah rahe hain ki npr ko rokiye yah desh ke liye catastrophic sabit hoga khas tor se garib janata ke liye jinke pass documents nahin hai. Aap mujhe bataiyega agar mein jakar Debang sahab ke bare mein doubtful likh dega koi. Kaun bata ka burden of proof aap pe aa jayega. List banai jayegi koi bhi jakar kisi per doubtful likh dega. Kya hoga. Assam ka example hamare pass hai. 1600-1800 karod kharcha karne ke bad. 19 lakh logon ke naam nahin aaye aur aap 13 lakh logon ko citizenship de rahe hai CAA mei. Dijiye na musalmano ko bhi. Jab Supreme court monitored NRC mein naam nahin aaya to poore illegal hain. Vo nahin ho raha hai. Yah kaise ho raha hai. Yah toh nainsafi ho rahi hai. ,0
26:25,(ANCHOR), Sudhanshu ji. Nahin nahin aap iska jawab de main aapko isse dusre tareeke se sawal puch raha hun. Aapko kya lagta hai ki NRC desh mei hona chahie ya nahin hona chahie. Ek register hona chahie ya nahin hona chahie. ,0
26:35,(SPEAKER 1), Aapne bahut acha sawal kiya. Aur Owaissi sahab ne assam ke NRC ki baat kahi. Assam ka NRC kahan se aaya hai. Supreme court ke aadesh se aaya. Uski utpatti kahan se hui 1950 ke rajiv gandhi ke assam record se. Ab jab sarvoch nyayalaya ne kaha Assam mein NRC karane ko to aapko lagta hai to aap sarvoch nyayalaya se jaake revolt karwa dijiye. Ab rahi baat iski ki nahin hona chahie to main batana chahta hun. 2012 ka Assam pradesh congress committee ka resolution hai ki Bangladesh ke keval unhone word likha hai hindu buddh aur isaiyo ko dena hai. Manmohan singh ji ne 2003 mein bola hai pakistan ke hindu aur sikhon ko dena hai floor of the house pe. Ashok gahlot ji ne 2008 ya 9 mein likh ke bheja hai ki pakistan ke hindu ko dena hai aur to aur communist party ne april 2012 mein kochi court adhiveshan mein yah tak likha hai ki citizenship act ke clause 2 subsection 1 mein parivartan karke Pakistan ke jo minority hai unko dena chahie aur to aur november 1947 Nehru ji ki adhyakshta ki congress committee ka resolution hai ki Pakistan se aaye huye saare non muslim ko ham denge bhavishya mein bhi dete rahenge. Aur 26 september 1947 mahatma gandhi ne kaha hai ki pakistan se aaye hindu sikhon ko na sirf nagrikta deni hai balki unka jivan statv bhi sudharna hai aur bhavishya bhi dena hai. Aap ek baar kah dijiye ki vo sab galat the. Sabke liye maafi maangle. Ham vichar karne ko taiyaar hai.,0
28:02,(ANCHOR), Sudhanshu ji aap dono bahut mushkil karte hai. Mai aapse jab ek seedha saval poochh raha hun aap kyu nahi jawab dete. Kya nagrikon ka registered desh mein hona chahie ya nahin hona chahie.,0
28:11,(SPEAKER 1), Sarvoch nyayalaya ne kaha hai hona chahie.,0
28:13,(ANCHOR), Aap aap ke aap se poochh raha hun main kya register hona chahie ya nahin hona chahie. ,0
28:18,(SPEAKER 1), Desh mein aisa konsa vyakti hai samvidhanik vyavastha mein kahe jo sarvoch nyayalya ne kaha vo nahin hona chahie. ,0
28:23,(ANCHOR), Usko chodhh dijiye. Aapki kya raye hai. ,0
28:25,(SPEAKER 1), Vahi jo sarvoch nyayalaya ki raye hai.,0
28:26,(ANCHOR), Yahi main bol raha hun sudhanshu ji. Yah log dekh rahe hain yahi log dekh rahe hain. Ki aap kaise. ,0
28:33,(SPEAKER 1), Yahi log dekh rahe hain ki jo sarvoch nyayalaya ne kaha uske baad bhi log uske khilaf sunna chah rahe hain. ,0
28:38,(ANCHOR), Yahi log dekh rahe ki aise sidhe sawal ko bhi aap itne bachav aur itne bachate hue bolte hain. ,0
28:44,(SPEAKER 1), Arre maine to seedhe seedhe kaha aap serious jawab dijiye. Supreme court ki baat maani jaiye boliye haa ya na. ,0
28:50,(ANCHOR), Yah jawab hai kya sawal ka jawab sawal karenge kya.,0
28:53,(SPEAKER 1), Aap boliye na. Aap haa ya na bol dijiye na.,0
28:55,(SPEAKER 2), Ek. Ek main zara interfere karun yaha pe. Sir. Sir. Sir.,0
29:00,(ANCHOR), Asad agar neta nahin hote to anchor hote yah hamesha anchor ki bhumika mein aa jaate hain. Ji. ,1
29:04,(SPEAKER 2), Haa sir meri trp bahut jyada hoti hai. ,0
29:08,(SPEAKER 1), Vaise inhone ek anchor wala kaam samajhdaari ka kiya ki jab vo naara laga rahi thi to pakad ke jakar mic pakad liya. Uss maamle mein inhone samajhdaari dikhai. ,0
29:17,(ANCHOR), Par vo function inka nahin tha jo roka jarur. Vo function inka nahin tha. Vo naara galat tha yah Asad aap yah maante hain. ,0
29:24,(SPEAKER 1), Sudhanshu ji mashallah hamesha mein akalmandi se hi kaam karta hun aap samajh nahin rahe hai. Ab. Aap dekhiye. Assam ka nrc supreme court se hua aap se sawal yah hai ki aapke party manifesto mein apne kaha nrc ham karenge. Prime minister narendra modi ne mujhe ijazat dijiye times now ke english interview mein kaha ki kyon nahin hoga nrc hoga. Aap se ek hi sawal hai ki aap nrc 2024 se pahle karenge nahin karenge mujhe mujhe yah lagta hai ki NPR jab desh mein ho jaega. NRC hundred percent hoga. Aur jab NRC hoga to usmein ek mere notification ki jarurat hai ek sikke ke do rukh hai. Sudhanshu ji nahin kahana chah rahe isliye kyon pareshani mein aa jaenge. BJP ka hierarchy ka jo structure hai vo bada ajibo garib hai. To NRC hoga aur garibon ke liye bahut bada ek mushkil waqt sabit hoga. Aur jab yah hoga to aap log humko yad karna hai ki ek akalmand yahan per baith kar bola jisko duniya deewana samajhti hai magar main aapko bata raha hun ki npr nrc ki iss desh ko jarurat nahin hai. Iss desh ko jarurat hai economy ko revive karne ki. Rozgar ki jarurat hai. Iss desh ko chote karobar ko revive karne ki jarurat hai. Aap sabko line mein khada karna chah rahe. 65000 karod ka kharcha hone hua. 65000 crores. Aur 8 crore logon ke naam nahin aane wale. Aap bataiye ki Assam mein Assam ka NRC bahut aasan tha. Isliye ki usmein list di gayi thi 18 documents ki yahan per kisi ko bhi kuchh nahin hoga. Yahan par kisiko bhi kuch nahin hoga ek low level official kisiko doubtful likhega. Burden of proof aap par hoga apni citizenship sabit karne ka. Aur yah indignity hogi ke koi aakar mujhse puchega ki batao citizenship sabit karo. ,0
31:17,(ANCHOR), Sudhanshu ji yah kah rahe hai ki aapke manifesto mein hai fir aap supreme court ki baat kar rahe hain sidhe sawal ka jawab nahin de rahe main aap aapse mein aakhri baar pooch raha hun mein aage nahin puchne wala. To kya app iss register ke paksh mein hai hak mein hain ya nahin hai yah hona chahie nahin hona chahie. Saaf jawab dijiye. ,0
31:34,(SPEAKER 1), Aaj ki stithi yah hai ki sarkar floor of the house par bol chuki hai ki NRC ka koi bhi draft ya vichar abhi nahin hai. Aage kya hoga desh ke hit mein jo jo uchit nirnay jaha jaha par jis jis visha mein lena hoga sarkar sajakta se legi waqt aane par bata denge tujhe aye aasman ham abhi se kya bata de abhi jo hamare dil mein hai. ,0
31:56,(SPEAKER 2), To aisa ho gaya na ki yah to mughal-e-azam picture ka ek famous dialogue tha. Ki jab badshah akbar anarkali se pucha to usne kaha ki mujhe. Mujhe iss mulk ki malika banna hai. To badshah akbar ne kaha ki tere dil ki baat zubaan par aaye gayi. ,0
32:14,(SPEAKER 1), Nahin to suniye inhone jis mughal-e-azam ke jis situation ki baat ki na. Ki jab wo kahta hai tere dil ki baat teri zubaan par aa hi gayi. To Anarkali kya jawab deti hai.,0
32:23,(SPEAKER 2), Vahi to kaha usne.,0
32:24,(SPEAKER 1), Nahin Aage dekhiye anarkali jawab kya deti hai. Voh kahati hai ki sahibe alam ne mujhse vada kiya tha ek din mujhe malika-e-hindustan jarur banayenge aur main nahin chahti hindustan ka hone wala badshah tah zindagi ek galiz ke diye vade ke boj tale daba rahe hai bhai. Topi unko pehana di thi.,0
32:39,(SPEAKER 2), Dibang sahab main. Main inse ek request karunga ki Anarkali ki tarah ham musalmanon ko chunva mat dijiye please. ,0
32:50,(SPEAKER), Ek line kahunga. Musalmano ke bare mein kaha jata hai aajkal bhai-chara. Aap ham pe aarop lag raha hai. Ham kam rahe hai. Hakikat jaante hai kya hai. Yah jo log bhai-chara ki baat kar rahe hai na. Unke liye musalman bhai kam chara jyada hai. Kyonki yah vampanthi log hai jinka pura aadhar khatam ho chuka hai isiliye main kah raha hun sabhi bhai jaan ho jao savdhan. Chara banne ki jarurat nahin hai. Bhai-chara bana ke rakhiye. ,0
33:19,(ANCHOR), Ji dekhiye yah bhi aap note kijiye. Jab neta jyada shero-shayari karne lage. Filmon ke dialogue sunane lage iska matlab samajh jaaiye yah koi film ke actor to hai nahin na director hai. Par yah sahara lete is baat ka isliye kyunki yah sawalon ke seedhe jawab nahin dena chahte. Ek sawal inhone poochha tha inhone jawab nahin diya. Ab yah dono mere khilaf bolenge mai jaanta hu par mai apna sawal pura karta hun. Mai aapse puch raha hun. Mai aapse puch raha hu.,1
33:38,(SPEAKER 2), Dibang sahab. Ek. Ek. Ek minute sir mai aapse puch raha hun agar acting ka award agar nikalega na. To sabse pahla oscar award aap logon ke anchors ko milega pure tv pe. ,0
33:54,(ANCHOR), Chaliye thik hai acting ka awards anchors ke liye ho mile to uska dhanyvad hai. Mai aapse puch raha hun. Aapne sawal pucha inhone jawab nahin diya. Par aapke netaon ke bol dekhiye. Giriraj ji ka bol dekhiye. Kya kah rahe hain ki bahut badi purvajon se bahut badi purvajon se bhul ho gayi. Jiska khamiyaza ham bhugat rahe hai. Agar musalmanon ko vahan bhej dete to yah nobat nahin aati. Yah konsi nobat aa gayi hai aur yah kis tarah ke bol hain yah yah aap. Lagatar iss tarah ke bol aate hai aur yah mantri hain aap ki sarkar mein mantri hain.,0
34:29,(SPEAKER 1)," Dekhiye aapne yah gambhir baat kahi. Vo nobat pata hai kya aayi. Jis rally mein shirkat kar rahe the ek ladki ne pakistan zindabad ka nara lagaya. Inhone roka. Yah janiab kya hai. Yah jinnahwadi azaadi kya zehiniyat hai bhai. Tum yag kaho BJP se azaadi. Modi ji se azaadi, Amit Shah se azaadi samajh mein aata hai. Yah hinduon se azaadi kya hai bhai. Yah hinduon ki kabar khudegi AMU ki chaati pe yah kya hai. Assam ko permanent alag karna kya hai. Yah ek zehniyat hai. Aur inhone bola Giriraj singh ne aapko aapati ho skti hai. 1949 mein maulana azad ne bola hai ki desh ka partition ek sehlab ki tarah aaya tha jo tamaam gandgi yahan se utha ke le gaya parantu abhi bhi kuchh pani kuchh ghaddho main bacha hua rah gaya jo durgandh faila raha hai. 1949 ka maulana azad ka byan hai sahab. ",0
35:16,(ANCHOR), To aap yah kah rahe hai ki giriraj ji ka byan sahi hai.,0
35:18,(SPEAKER 1), Aaj bhi uss zehniyat ke log zinda hai. ,0
35:19,(ANCHOR), Aap giriraj ji ke byan ka samarthan karte hai. Aap giriraj ji ke byan ka samarthan karte hai. Ab yah mauka hai ki aap ek sher suna de ya ek dialogue suna de. Kya aap giriraj ji ke byab ka samarthan karte hai. ,0
35:32,(SPEAKER 1), Maine saaf yah baat kahi jo log aaj bhi agar Bharat mein Pakistan zindabad jinawadi azadi ki baat karte hain. Toh yah ussi zehniyat ke log aaj bhi zinda hai. Aur inhe waha chale jana chahie tha. ,0
35:44 ,(ANCHOR)," To na to inhone, jab aapne kaha ke 100 crore 15 crore, na to inhone jawab diya na aap giriraj ji ka jawab de rahe hai. ",0
35:52,(SPEAKER 2)," Nahin nahin main main apna jawab de raha hun na aap kyon. Main apna jawab deta hun kabil hun main. Dekhiye Maulana abul kalam azad ne yah bhi kaha tha jama masjid ki seedhiyon pe khade hokar. Bharat ke musalmanon se kaha tha ki tum hijrat ke mukhadas naam par faraar ki jindagi gujar rahe ho. Mat jao pakistan. Yah mulke buniyadi faisla tumhari awaz ke bagair adhure rahenge. Tum agar bhagane ko taiyar nahin ho to tumko koi nahin bhaga sakta. Unki tarif ki takrir hai maulana azad ki. Dusri baat ke aap log iss mein se kitne jante ke vo jo ladki ne. Jo nara lagaya aap kitne jaante ki vo musalman thi. Bataiye kya musalman ki. Fir usse Girias ka kya byan. Usse humko kya karna hai. Bhai 17 crore musalmanon ko aap bhija denge bhaiya ek country create karna padega aapko. Aur ham jane ke liye taiyar nahin hai. Ab dusri hijarat nahin hogi. Ham yahi per paida huye isi sar jameen mein jaenge aise 56 giriraj humko kahle. Ham nahi jaenge inshallah. Haa khatam kariye. Mujhe khatam karein. Aur jis ladki par wo sedation charge lagaya gaya wo galat hai. Wo 20 saal ki ladki hai sedation charge nahin lagna chahie tha. Bidar mein shaheen school mein chathi jamaat ki bacchiyon ne ek drama kiya CAA pe. Ek bachi ne modi ji ke bare mein galat kaha. Uski maa per sedation ka case. Vo bewa hai. Aap sab yahan per mahila baithi hai main aapse puchna chahta hun agar 11 din tak koi maa apni 12 sal ki bacchi ko nahi dekhe toh kya guzeregi uss per. BJP ki sarkar hai, do hafte uss maa ne apni beti ko nahin dekha. Yahi to ham kah rahe hai na ki yah jo aapka jo taakat aapke pass hai to aap jo kuchh kahenge. Kal agar power chala jaega to giriraj muh nahi kholenge. Aaj power hai isiliye kah rahe hai. ",0
37:53,(SPEAKER 1), Dekhiye jo aapne baat kahi maine kab kaha ki wo ladki musalman thi maine to bola aap ko chara banaya jaa raha hai. Ab aap nahin samajhne ko taiyar hai. Vo maine kaha leftiston ke dwara banaya ja raha hai jo puri duniya mein khatam ho chuke hai. Aajkal upyog karna chah rahe hai. Aur rahi baat musalmanon ki. To main to puri imaandari se kahta hun. Yah desh jab azaad hua to 15 August 1947 ko pahli shahnayi kisne bajai. Ustaad bismilah khan ne. Iss desh ke liye shaheed hone wala army ka pahla gallantry award winner kon tha Brigadier Mohammad Usman issi Uttar Pradesh ke Azamgarh ke. Kitne log jaate hai azamgarh mein unke yaha. Azamgarh mei dusre logon ke yaha jaate hai. Bismilah khan ke ghar kitni jagah jaate hai. Jab Barack Obama aaye the 2010 mein unhone kaha tha India is not emerging India is emerged. Kis din emerge hua tha jis din 1974 ka Porkhan explosion hua tha. Uske chief architect kon the Dr. Apj abdul kalam. Puchiye kitne gaye Apj Abdul Kalam ke namaze janaja mein. Afzal guru ke janaja mein jayenge. Ishrat jahan ko beti kahne ke liye jayenge. Zakir naik ko shanti ka messiah kahenge. Hindu-Musalman ki baat nahin hai. Musalmanon mein intaha pasand wahi jo jinnah wali mansikta ko jivit rakhne ki samasya hai. Hindu-musalman ki samasya nahi hai. ,0
38:55,(SPEAKER 2), Isiliye aap ne isiliye uttar pradesh ki sarkar ne 24 Musalmanon ko goli markar halal kar diya. Isiliye uttar pradesh sarkar ne salman nami bijnor ka ek ladka jo ias ki taiyari kar raha tha usko arrest karke le jakar uski lash dusre mahle mein mili. Teen goliyan usko padh gyi. ,0
39:17,(ANCHOR), Mai aapse aap dono se kah raha hun. Jab giriraj ji iss tarah ke byan dete hain lagatar dete hai. Jab aap ke neta aap jante hain 100 karod aur 15 karod ki baat karte hain lagatar ek ke bad ek tab aap ek dusre ki madad karte hai. Aap jo kahate hain inko madad milati hai aur inko oxygen milati hai yah jo kahate hain aapko oxygen milati hai. ,1
39:36,(SPEAKER 2)," Ek. Ek. Ek minute aapki baat galat hai. Nahin nahin Dibang sahab aap galat kah rahe hai. Aap galat kah rahe hai. Galat kah rahe hai app. Sir ek minute sir ek minute. Ek minute. Main kya inki madad kar raha hun. Bataiye aap. Meri vajah se kya BJP 306 seat jeet gayi. Meri vajah se yahan par 300 assembly seat jeet gayi. Kya kah rahe hai aap. Yah bar bar aap kyon hindu muslim kar rahe hai isko. Aap kar rahe hai hindu-muslim. Main nahin kar raha hun. Sir ek baat yaad rakhiye agar yah log sattah mein hai to sabse badi galti yahan ke samajwadi party ki hai, congress ki hai, BSP ki hai, meri galti nahin hai. Nahin nahin.",0
40:07,(ANCHOR), Main yah kah raha hun ki jab aap byan dete hain. Jab aap jis tarah ke byan aapke neta aap log dete hain use inhe oxygen milti hai.,1
40:15,(SPEAKER 2), Kya oxygen milta hai inko? ,0
40:16,(ANCHOR), Inke jawab mein yah jawab aata hai. ,0
40:18,(SPEAKER 2), Inko oxygen kyon milta hai bolun aapko. Inko oxygen isiliye milta hai kyonki inke khilaf khade rah kar politically ideology par ladna nahin chahata. Sab log BT man ke muqabla kar ke jeet te hai. ,0
40:29,(SPEAKER 1), Vaise toh inki party ek hi party ke sath officially government mein rah chuki hai. Congress ke sath Andhra Pradesh mein. Ab dusri baat madad yah nahin kar rahe hai. Dibang ji. Aaj toh sab log hamari madad karne ko taiyar hai. Desh mein naya daur aapka hai na. Naya daur kya aaya hai. Ab Pakistan IAS ke jhande dikhne band ho gaye. Aur Owaissi ji Tiranga yatra nikal rahe hain. Har aadami kah raha hai savidhan hath mein lekar shapath kha raha hai. Kejriwal bhi hanuman chalisa padh rahe hai. Jaante hai kyon. Badle badle mere sarkar nazar aate hain chunki dilli mein modi sarkar nazar aate hai. Aur daur itna hi nahin badla hai. Ram mandir ka shilanayas aur 3500 ton sona milgaya. Jaha par kripa ram ki hoyi taa par kripa kare sab koi. ,0
41:09,(SPEAKER 2), Ek. Ek. Main. main. ,0
41:12,(ANCHOR), Mere paas itna hi vakat hai. Mere paas itna hi vakat hai. ,0
41:15,(SPEAKER 2), Mai sir ek baar zara. sun lijiye. maza aata hai. sunn lijiye.,0
41:17,(ANCHOR), Maja aa raha hai. [laughs],0
41:20,(SPEAKER 2), Sir Yah problem kya hai iss desh mein maloom ke BJP Ram. Aap hanuman. Congress shift. Abhi yah kya ho raha. kya ho raha sir. Sanvidhan sanvidhan mein. Aap sanvidhan kyon rakhe fir aap. Samvidhan kis liye achcha inko sona mil gaya sir gareebi ka khatma kar dijiye sir. Naukari dila dijiye sir. Industries ko revive kar dijiye sir. ,0
41:44,(ANCHOR), Yah batchit. Yah batchit to aage bhi jari reh sakti hai bahut kuchh hai kahana ko lekin humne dekha ki na to giriraj ji per sidha jawab de rahe hai sudhanshu na waris pathan pe sidha jawab de rahe asaduddin owaisi aur ek tarike se yah kah rahe hain ki anchoron ko Oscar milega. To main inko yad dila dun aurangabad mein chunav tha chunav raili ke pass jis tarah se pathan gate per Asaduddin owaisi ne miyan bhai miyan bhai kahate hue dance kiya tha. mere khayal oscar usko mil sakta hai ham teenon mein se. Aaj iss baatcheet per itna hi lekin hindustan shikhar samagam filhal jari hai.,1
