timeStamp,speaker,text,label
00:00 ,(anchor), namaskar ap dekhe aaj tak main hoon apke sath rohit saradana sham ke 5:00 baje hain aur vakt ho chuka hai dangal ka . jammu ke nagarota mein aaj atanki sajish rokane mein surakshabalon ko badi kamayabi mili jammu srinagar highway par check point par surakshabalon ki atankavadiyon se muthabhed hui aur truck mai chupe 4 atankavadi mar girae gye. yeh charon atanki pakistani the aur jaish-e-mohammad se taluk rkhte the. mana ja rha hai ki charon DDC chunav ko dekhte hue jammu kashmir mein badi sajish ka mansooba lekar ghuse the.isliye aaj dangal ki bahas nagarota encounter se uthe savalon par hogi.nagarota mein atankavadi mare gae lekin pakistan ke atank charitr ka pakka ilaj kya hai?waise abhi brics ke sammelan mein PM narendr modi ne bagar nam liye pakistan ke atankavad par hamala bola lekin kya ab sidhi karravai ka vakt nahin a gaya hai? aaj ki behens shuroo karen usake pahale apako puri report dikhate hain.,0
 04:30 ,(anchor)," toh apako bata denge dangal mein aaj hamare sath honge ravindr rahana vah adhyaksh jammu kashamir BJP ke, robart hamare sath honge vah neta hai PDP ke shahanavaj husain hamare sath is samay a chuke vah pravakta bharatiye janata party ke neta, lieutenant sanjay kulakarni hamare sathi poorv diji hain infantry ke. hamare sath lieutenant general guramit singh bhi honge raksha visheshagya ha. sabka svagat lekin sabase pahale kulakarni sahab mera saval apase hai aaj ki tarikh mein jo hamala surakshabalon ne nakam kiya. usako dekhakar kya lagata hai kya atankavadiyon ki taiyari, taur-tarike iss samay badal chuke. kya yah ek bada alarm bharat ke lie nahin hai jis tarike ki harakat aaj karane ki koshish hui? sanjay kulkarni sahab, ap tak avaj pahunch rahi hai meri? shayad sanjay kulkarni tak hmari awaz nhi pohonch rhi hai. ravindra raina, thik wo samay jab chunav ko lekar halachal tez ho rahi hai. ghati mein ek bar phir atankavadiyon ki avajahi, unki harakatein badh jati hain. isako kaise dekhein?",0
05:44 ,(speaker 1)," sabase pahale main jammu kashmir police, CRPF aur bharatiye sena ke jambaj viroon ko slaute karata hoon. salam karata hoon apane jambaz viron ko jinhone pakistan ki ek bahut badi sajish ko viphal kar diya. pakistan ke atankavadi jo sima par se ghusapaith karake bhari matra mein hathiyar lekar jammu-kashmir ko lahooluhan karana chahate the. iss sajish ko hamare jambajo ne viphal kar diya aur charon atankavadiyon ko maut ke ghat utar diya. rohit ji pakistan ke andar svayan astirtha hai. political instability hai pakistan ke andar aur pakistan ab jammu kashmir ke andar political instability lane ki sajish kar raha hai. 70 salon mein pahali bar jammu kashmir ke andar yahan block samitiyon ke chunav ke bad yahan adhyaksh bane aur usake bad ap pradhanamantri narendr modi sahab ki pahal ke bad ap jammu kashmir mein jila parishad ke chunav ho rhe hai. poore jammu kashmir ke andar har shetra ke andar poore zoro-shor ke sath utsah aur ullas ke sath yahan zila parishad ke chunav mein log taiyari kar rahe hain aise waqt yah shadyantr pakistan ki taraph se kiya gaya jisko hmari bahadur javanon ne viphal kar diya lekin ek bat aaj prove  ho gai, sabit ho gai ki pakistan jammu kashmir ke lokatantrik dhanche ko yahan nahin dekhana chahata.",0
07:11 ,(anchor)," lekin raina sahab, yeh bat toh pehle se pta thi na. aaj se nhi, 50 sal se pta thi.",0
07:19 ,(speaker 1)," isalie rohit ji inn charon ko maut ke ghat utar diya suraksha agency ke pas puri inputs thi ki iss prakar ka yah shadyantr karenge. bharatiye sena jammu kashmir police aur paramilitary forces ko jammu kashmir mein khuli chhoot di hmari sarkar ne aur lagatar atankavadiyon ke saragana hoon ko chun-chun kar maut ke ghat utara ja raha hai sabhi atankavadiyon ke bade-bade saragana top commanders, hmari sena ne unn sab ko maut ke ghat utar diya.  operation all out badi teji ke sath chal raha hai aur khuli chhoot di hai bordar ke upar LOC ke upar bhi aur kar jammu-kashmir ke andar bhi agar koi kharabi karega to maut ke ghat utar diya hai.",0
08:01 ,(anchor), raina sahab yeh chhoot bhi to 6 sal se de rakhi hai? ab thodi di hai. jo ap keh rhe hai ki khuli chhoot di hai. yeh khuli bhi toh 6 sal se keh rhe hain ap log ki de rkhi hai. ,0
08:12 ,(speaker 1)," iska parinam yah hua hai ki in 6 salon mein sabhi top commanders chahe wo burahanvani gang ke 25 top ke khoonkhar atankavadi the ya lashkar jaish-hijbul ya jo inka joint resistence group bana hai, inke tamam saragana hoon ko maut ke ghat utar diya hai hamari sena ne jo bandook uthaega. bandook uthane wale ka rasta sidha kabristan ki aur jata hai yah hamari sena hamari police aur hamare paramilitry forces en dikha diya hai.",0
08:43 ,(anchor),"ropart, PDP ke neta hamare sath ke age. bhat sahab boliye apni bat.",0
08:47 ,(speaker 2)," dekhie yah jahan tak yah sari instants hote hain. yah jo achchhi bat hai ki hamare paramilitary forces aur forces ne barabar karravai ki. iske sath-sath unka morale high karane ki zaroorat hai jaise apane dekha hoga. yahan jo JK police hai unki itni kurbaniyan hai. log jo hai, jo unki leadership hai police  ki leadership hai wo ajkal bahar se lai jati hai. unaka morale down ho jata hai agar yahan log nationalist hai, unko encourage karane ki jaroorat hai discourage karane ki zaroorat nahin hai yah pehli bat. dusri bat par yah kahana chahata hoon ki jo hamari jammu ke log hain ajakal apane dekha hoga ki unaki zamine ja rahi hai, unke zamino ka sauda kiya gaya hai, unke jo youth hai, hamare jammu ke youth ya kashmir ke youth hai, unke future ka sauda kiya in logon ne. inhonne inhonne uska sauda kiya hai ab yah hamen yah maloom nahin hai ki yah bahar se kin logon ko lana chahate hain. kin criminal ko lana chahte hai",0
09:49 ,(anchor), nhi mai apki bat samajh nhi paya. bhat mai apki bat samajh nhi paya. thoda taftil se saf tarike se btaenge ki ap kya kehna chah rhe hain?,0
09:57 ,(speaker 2)," dekhiye dekhiye meri bat suniye, mera kehne ka matlab yeh hai ki jab inhone  pichhale sal 5 august ko hamara special status abolish kiya toh inhone nya law laya usme jo hai hmari zamine jati hai hmari jo hai.",0
10:13 ,(anchor), iska iss bat se kya lena dena ki truck mai baithkar pakistan se atankavadi a rahe hain aur wo attack kar rhe hain. iska iss bat se kya connect hai?,0
10:20 ,(speaker 2), dekhiye crime kaise badhta hai? ,0
10:22 ,(anchor), isko ap crime kehte hain? yeh crime hai? truck mai baithkar atankavadi a rhe hain itna aslah leke a rhe hai ki puri paltan ko uda de usko ap petty crime mante hain? ,0
10:33 ,(speaker 2)," nhi nhi suniye meri bat, humne iski mazamat bhi ki, hum kya kehte hai ki yeh khushain kadam hai ki ek right time par hmari sena ne karwahi ki hai. hum thodi yeh kehte hai ki yeh koi acchir chiz hai ya galat chiz hai. dekhiye yeh jo sari chizein hai na yahan par yeh badkismati hai iss mulk mai yahan jo hai hamare father of the nation, mahatma gandhi ji ke katilo ko yahan leader mana jata hai. rajiv gandhi aur indira gandhi jinhone balidan apna diya uske bacchon ko yahan anti national kahan jata hai.",0
11:11 ,(anchor)," rauf bhat meri bat sunne, meri bat sunne. yahan iss samay bat iss vishay ko lekar ho rhi hai. arre toh peace chahte hai toh pieces mai thodi na chahte hain? peace chahte hai matlab desh ko pieces mai nhi chahte hai na.",0
11:24 ,(speaker 2)," dignity with honour, dignity with honour.",0
11:26 ,(anchor), atankavadi mara ja rha hai usme apki dignity par kahan chot padh rhi hai. agar atankavadi ko sena mar de rhi hai toh usme apki diginity par kahan khatra a rha hai?,0
11:34 ,(speaker 2)," dekhiye jo bhi koi crime karta hai, jo bhi koi atankavadi hai hum unki ninda karate, hum unki mazammat karate hain, hum chahate hain ki is khitte se atankavad khatm ho. toh kaun kahata hai iss khitte se.",0
11:50 ,(anchor)," sir mai ek, thoda sa rok rha hoon. thoda sa rok rha hoon rauf bhat ji. thoda sa rok rha hoon. ap bolne ke liye rhenge ap suniyega fir boliyega. hmare sath ek aur mehman iss samay a gye hai vishesh taur par jal VK sinh hamare sath is waqt live a gae. kendriy mantri aur bharatiye sena ke poorv pramukh hai. BK singh sahab. apaka svagat hai aaj tak par dhanyavad. bat karane ke lie is vishay par kyunki aaj jo kuchh hua hai. jis tarike se truck mein atankavadi a rahe the aur jaise surakshabalon ne uss hamale ko nakam kiya. yeh taiyari ishara karati hai ki atankavadiyon ke tarike badal rahe hain aur yah ek bada alarm hai lekin kitna bada alarm hai yah ap hi bata sakate hain behtar. ",0
12:35 ,(speaker 3)," rohit mein do tin chizein kahana chahoonga. sabase pehle toh main police aur senay balo ko bahut badhai deta hoon ki  unhonne bahut achchha operation kiya jiske andar 4 atankavadi mare gae. 11 AK-47 ,tin pistol, UBGL launcher hai aur kafi grenade pakda hai. atankavadi truck mai a rhe the, matlab kahin na kahin se unhonne infiltrate kiya hai. wo age jaise-jaise police aur sena iske upar tahakikat karegi unako pata bhi chalega. jab bhi jammu aur kashmir mein chunav hote hain. border ke pas se koshish hoti hai ki un chunavon ke andar dakhalandaji ki jae. vahan par avyavastha banai jae. wahan par dehshadgardi ki jaye. yah ussi lihaz se hme dekhna chahiye. yeh jo kuchh aaj hua hai.yeh koshish ki jaegi isi tarah. aur acchi bat hai ki hamare police aur sanay bal  pure tarike se  musted hai taki aisi chiz ko na hone de. main ek chij aur kahana chahoonga, 370 ke hatane ke bad janata prja tantrik pranali ko dekh rhi hai. democratic ke system ko dekh rhi hai. jo isse pahale jammu aur kashmir ke andar bahut kam dekha gya tha aur ab ek vikas ka jo prabha shuru hua hai usse logon ke andar bohot apeksha bhi hai aur josh bhi hai aur mera manana hai ki pahale bhi hamari janata ne aise prayas jo bordar ke pas se kie gae unako nakara hai abki bar aur zyada nakarenge. yeh ghatna jo hai, yeh ek prayas hai 1990 ke dashak se jo parukshudh chal raha hai usamen utar-chadhav ate gae hain. ab yah aise uss ke oopar hai ki pakistan dikhana chahata hai ki main atankavadi bhejakar kuchh kar sakata hoon aur isake lie mai  appeal karoonga ki. humare sare jammu aur kashmir ke vasi, sabhi nagarik. sabhi neta agar woh deshabhakt hai toh iss chiz ka badh chadhakar ka mukabala karen taki sena aur pulis bal inn rok shuddh karane vale atankavadiyon ko mar gira ske.",0
15:24 ,(anchor), general sahab 2020 mein 90 atankavadiyon se muthabhed ki badi ghatanaen hui. 370 ka apane zikr kiya ki hatane ke bad janata lokatantrik prakriya ki taraph dekh rhi hai. agar lokatantrik prakriya ki taraph janata dekh rahi toh apne khud jo ishara diya ki truck se atankavadi aa rhe usamen andar se kahin na kahin koi support unko mil raha hai. yeh dono chizein ek doosare ke virodhabhasi lagti hai?,0
15:50 ,(speaker 3)," yeh virodhabhas nahin hai iske andar. atankavadi ae wo truck driver bhag gaya hai. mujhe poora yakin jammu-kashmir pulis usko jaldi pakade gi. usse khulase honge, kahan se ghuse kaise ghuse, kisne madad ki? dekhiye kisi bhi system mein apko kuch chand ek log aise milenge jo desh ka sath nahin dete, jo ya to paise ke lalach mein ya kisi aur lalach ke andar deshadrohiyon ka sath dene ko taiyar ho jate hain. yeh uss lihaz se ap isko dekhiye.",0
16:24 ,(anchor)," lekin general sahab, ap kya kehna chah rhe hain ki pakistan ko jammu kashmir mein lokatantrik prakriya ras nahin a rhi?",0
16:31 ,(speaker 3), bilkul nhi a rhi.,0
16:31 ,(anchor), isliye end chunav ke mauke par yah taiyari ki gai?,0
16:34 ,(speaker 3), unko jammu aur kashmir ka koi chunav aaj tak ras nahin aya hai. lokatantrik prakriya shuroo hui hai 370 hata unako bilkul ras nhi a raha hai. kyunki woh nahin chahate ki log bag yah samajhen ki lokatantrik prakriya mai unke hak par hakook ki jo dekhabhal ho rahi hai wo unko ras nhi a rha hai. ,0
16:59 ,(anchor), lekin gupakar road wali team toh 370 ka punarjanm chahati hai kashmir mai? ,1
17:06 ,(speaker 3)," dekhiye gupakar road ki jo team hai usne main kahoonga ki alag-alag darze ke log bag hai. kuchh aise hain jinake bare mein agar mai ap thoda sa samay mein pichhe jae toh unko atankavadiyon ka himayati bola jata tha. kuchh aise hain jo sirf svarth se bharapoor. bin pende ke lote, ek din udhar chalenge ek din dusri tarf chal lenge. sirf apne svarth ke lie kary karte hai. kuch aise hain jo ki iss bus mein baithane ke lie gupakar gang ki bus mein baithane ke lie kuchh bhi karane ko taiyar hai. kuchh aise jinake pas aur kuchh karane ko nahin toh unhone kaha ki yahin par kagte rotiyan sek lete hain toh alag-alag tarah ke log bhag hai aur mai yah kahoonga ki hamen inako zyada hawa nhi deni chahie. inka koi abhi wajood nahin bacha hai. ab janata ka wajood hai, janata ko apne ap pata chalega ki ab tak jo vahan par pragati honi chahie thi, vikas hona chahie tha wo inn logonke karan nhi ho paya. aur mai kai bar gaya hoon abhi bich mein.",0
18:14 ,(anchor), huh,0
18:14 ,(speaker 3)," jammu aur kashmir mein aur maine dekha hai ki jitna utsah logon ke andar hai, jitna utsah gram pradhanon ke andar hai,jitna utsah BDC members ke andar hai. bohot utsah hai.",0
18:28 ,(anchor), lekin general sahab apne kaha isme kuch log aise hai jo bin pende ke hai. kuchh aise jo atankavadiyon ke samarthak the aur kuchh aise hain jinake sath ap ki sarkar thi aur kuchh aise hain jinko ap poore desh mein deshadrohi bata rahe hain usake bavajud kargil mein unhin ke sath gathabandhan karake apki party chunav bhi ladana chah rhi hai. aaj hi ke akhbar mein yah bat chhapi hui hai. fir log kis par yakin karein?  gupakar par ya sarkar par?,1
18:50 ,(speaker 3), sarkar par hi yakin kariye aur gupakar ko road ka road rehne dijie. usko gang ke sath mat jodiye. ,0
18:59 ,(anchor), toh gupkar ka upchar bhi toh sarkar ko hi karana padega na sir?,0
19:02 ,(speaker 3), bilkul upchar bhi hoga aur upchar mein yeh manakar chalata hoon upchar janta karegi. mujhe jammu kashmir ki janata ke upar bohot vishvas hai  ki agar unko chiz sahi dikhti hai to uss sahi chiz ko lekar wo age badhte hain. ,0
19:23 ,(anchor), lekin iss poori prakriya mein 370 ke bad ke aur 370 ke pahale ke jammu-kashmir ke lokatantr mein apako kya phark najar ata hai.,0
19:32 ,(speaker 3)," dekhiye pehle jo lokatantr to bahut chijen dabi hui thi. mujhe yad hai 2010 mein jab pattharabaji tej hui thi. mai omar sahab se mila srinagar mai aur maine unko kaha ki ap jo panchayat hain,jo panchayat ke head hai .unko aur panchayaton ko unka hak kyon nahin dete? bole ji hamare MLA nhi mante. yani MLA nahin chahate ki lokatantrik pranali pante. toh yeh ek vidambana rhi hai jammu aur kashmir ki. ap nahin chahate ki koi aur oopar uthe, janta ko unke hak mile, janta ka vikas ho. mai bohot apko chizein bata sakta hoon jiske andar janta ka vishvas uss samay ke sarakaron, par unake shasakon par, unaki shasakiy pranali par nahin tha.",0
20:29 ,(anchor), lekin general sahab PDP ke neta yah kah rahe hain ki gupakar ke bahane se apki party ek taraf nathooram godse ke samarthan mein khadi hoti hai aur indira gandhi aur rajiv gandhi jaise shahadat dene vale ke parivaron ko deshdrohi kehti hai.,0
20:48 ,(speaker 3)," dekhiye, kisi ke parivar ko koi kuch nahin keh rha. lekin agar woh parivar nasamajhi ke andar ya alp samajh se iss chiz ko nahin dekh rha hai ki kahan par kya ho raha hai to unko yahi bola jaega. hui kisi ki dekhie ek badi ajib si chiz mein dekhta hoon. chit bhi meri, pat bhi meri. nahin ji ham hamara parivar bahut acha raha hai abhi ham bachche hain lekin ham desh ke khilaf bat karenge. agar bhai ap desh ke khilaf bat karoge to ap deshdhrohi keh laoge. isme shak kya hai?",0
21:25 ,(anchor)," wo keh rhe hain hum apke khilaf bat rte hai, ap usse dusre ke khilaf btate hain.",0
21:32 ,(speaker 3), rohit mare vyaktigat vichar yeh hai ki PDP ko nhi bolna chahiye agar bat khulengi toh bahut door tak jayegi.,0
