timeStamp,speaker,text,label
23:27 ,(ANCHOR), toh suna apane fawad chaudhary karen usake hissedaar aap sab hain ham sab hain imran khaan ke kayaadat mein kaaranaama hua hai. shankar prasaad saahab hamaare yahaan ke neta jaakar pakistan mein jai jai kar karate hain. aur vahaan PM ke lie sansad mein taalee baja jaaree hai ki dekho inhonne pulavaama attack karava dee. ,0
23:46 ,(SPEAKER)," dekhiye yeh jo aaj bayaan aaya hai jo aapne abhi sunaya, yeh mere khyal se fatf ko sunna chahiye. isse yeh zahir ho rha hai ki pura pakistan ek terrorist state hai. ek aur wo proof de rhe hai ki hum toh iski badi tali bja rhe hai, hmare pradhan mantri bohot khush hai. unhone hi kra pulwama. wo hi pulwama ke architect hai. hmara desh pulwama ka architect hai, hmarri parliament pulwama ki architect hai. toh yeh toh fatf ko ek iska cutting bhejiye ki sunn lijiye inhe blacklist mai daal dijiye. abhi february mai dobara hoga yeh unko zaroor bayaan dikhaiye. ki that is not onla a terrorist individuals, terrorist groups jaise isis ko btatae hai aur baaki jo unke groups hai, tanzeeb se unko btate. yeh toh pura desh terrorism hai, inka toh parliament terrorism hai, inki toh pradhan mantri terrorism ko support kar rha hai. pulwama ka architect pradhan mantri hai. unki sansad ka isko support hai, yeh kahan ki baat kar rhe hain. why are they doing this? i cant understand. toh asli baat iss samay samajh lijiye ki uss raat ko yeh abhinandan ko nhi chidhte toh inhe pta tha ki baalakot nhi balaakot se 10x zyada kuch ho jayega. isliye inhone kaampte kaampte inhone abhinandan ko agle din chodh diya aur kis tareeke se, kis tarkeeb se chodha wo bhi aapne telivision par dekh rkha hai. dekhie aaj kee taareekh mein aur jyaada ghabara rakha hai pakistan. pakistan ki taraf se bayaan aate rhe, nhi aate rhe usse koi matlab nhi hai chahe kitni bhi taiyaari dikhaye na dikhaye. lekin aaj bharat ko yeh yakin ho gya hai , bharat ki senaon ko ki while we have to cater for, while we have to factor the strength of pakistan military but it is not a problem which is going to scare us.",0
25:20 ,(ANCHOR), Theek hai.,0
25:20 ,(SPEAKER), hum isse darte nhi hai kyunki pakistan ki army aaj bhi ghabra rhi hogi ki agar kuch ho gya toh kal bharat ham par na kar de. Agar hum par hamla kar diya toh na hum yahan ke rahenge na hum na hum plains ke kahin ke rahenge. hmara desh hi samampt ho jayega.,0
25:37 ,(ANCHOR)," brijambar sahab iss desh mai toh buri jamaat thi ek budhi jeeviyon ki jo imran khan ko badhai de rhe the aur keh rhe the kya-kya statesmanship dikhaie aapane, shaanadaar. kamaal hai, aap to bahut badhiya, kya gazab ke insaan hai. ab pol khol rahee hai na ek-ek karake. ek dar ke maare abhinandan ko chhoda. aur do, wo khud pulavaama ke design karane vaale aadamee the jin ke liye sansad taali bja rhi hai unki ab kya kahega.?",1
26:03 ,(SPEAKER)," dekhe rohit, mainne bahut pahale bhee kaha tha aur main vahaan se shuroo karoonga jahaan se aapake reporter ne khatm kiya tha. kis shaasak ko hamaare politicians ko politics ko chhodie tathya par aaie. aur yeh wo hi tathya hai jiska ham sab dhyaan karate the desh ke log bhool gae honge aur aap log sab bhool gae honge lekin jab yah hua tha hamane kaha tha pakistan dara hua hai, yah mauka hai is mauke ko jaane mat do bahut sunahara mauka hai aur unhonne air violations kee hai aur hamane unaka ek aircraft gira hai. koee baat nahin hamaara ek bahadur, ek paayalat unake kabje mein. This is the time to attack. jaise maine korean war ka example diya tha. jaise maine mcarthur ki statement di thi. It is now or never across crc. unhone bola tha jab jab attack tha, warna colonism kabhi bhi kabu mai nhi aayega.maine tab bola tha ki yeh mauka hai aur mai bohot shukurguzar hoon inn pakistaniyon ka jinhone yeh aaj kabul kiya kyunki hum yeh bolte the ki pakistan ki koi ehmiyat nhi hai, pakistan ki sena mai koi dum nhi hai, bharat ko usse ab ek sabak sikha dena chaahie once for all. Na uski atomic power se daro, na uske hatyar se daro. uski sena mai koi dum nhi hai. inhone yeh hi baat ki hai aur humne tab bhi kha tha pulwama ka zimmedar pakistan. iss par koi scope hi nhi hai, koi behes hi nhi hai. lekin ek sunahra mauka hai once for all pakistan ki zarurat kaise padi hmari zameen par. hamre 40 jawaano ka usne ghuskar agar yeh kiya toh hme ghuskar pure pakistan ko khatam kar dena chahiye, maine tab bhi bola tha, yeh mauka hai, ladai kro aur khatam kro iss pakistan ke mudde ko warna agli peedi bhi yeh hi karegi. mere yeh shabd the, maine baar baar yeh aap sab se bola lekin ek sunhera mauka kho diya. aur ab bhi hum yeh kho denge. mai ek aur baat kahunga jo abhi shankar prasad keh rhe the. yeh hi aaj ki haalat hai. mai pichle 5 mahine se keh rha hoon ki hum kyun china ki baatein krte hai? kyun politics mai ghuse. yeh mauka hai china ko agar sabak sikhana hai toh warna china ko bhi iske baad sabak nhi sikha sakte. china ki sena ka bhi yeh hi haal hai. unke pass technology hai, economy hai, finances hai, yeh sab hai lekin china ki sena ka bhi aaj border par yeh hi halat hai jo pakistan ka hai aur mauka hai in don desho ko sabak sikha diya jaaye ki aage aane wale peedi sukh shanti, bharat taraki mai rhe, shanti mai rhe. aur jo bharat ke log, hmare log bade shanti priya hai. hmara desh shanti chahta hai, taraki aur unati aur inn sab par chalna chahta hai lekin pakistan aur china keeda hai jo hme khaye jaa rhe hain aur hum aisi baatein sunnte . yeh toh tathya hai wo jo bol rhe hain. unhone mana jo kuch hai wo toh hum jante hain. jo keh rha hum nhi jaante the wo murkh hai iss desh ke log. hum jannte the pehle din se china pakistan ki koi ehmiyat nhi hai.",0
28:43 ,(ANCHOR)," Theek hai sir hamen comment sajjan haath aapase lena chaahate lekin ek break par jaana padega break ke baad jab vaapas aaenge toh sawaal fawad hussain chaudhary ke iss bayaan ko lekar bhee uthega jisamen vah imran khan ko. tareef karen ki aap ki kamyabi hai pulwama ka hamla aur congress ke neta , prasad ne kha tha ki match fixing hai PM modi aur imran khan ke beech mai jo yeh pulwama ka hamla hua hai. kya yeh bhi congress ke hisse dalegi BJP. ek chote se break baad aa rhe hain.",0
34:24 ,(ANCHOR)," aur abhinandan par pakistani sansad ke bayaan ki goonj abhi thami nhi thi ki dusra bda bayaan bum pakistan ki taraf se phuta hai jisme pakistan ki sansad mai yeh kabool kra gya ki pulwama hamla pakistan ne kraya gya tha aur isse imran khan ki kamyabi kha hai. imran ke mantri fawad hussain chaudhary ne aur kaha ki imran khan ki kayadat mai hua hai yeh. karnama mana hai iss baat ko ki pulwama mai hamala pakistan ne kamyabi purvak krva diya. aapko bayaan sunvate hai, uske baad aage ki baat. ",0
36:18 ,(ANCHOR)," toh sunna apne fawad hussain chaudhary ko. ab sawal hum lena chahte hai ashok sahab se lekin usse pehle charan singh sapra, mai congress ke neta bk hari prasad ka bayan padh rha hoon . unhone kaha ki yeh match fixing hai modi aur imran khan ke beech mai. aap ab bhi yeh kahenge. ",0
36:37 ,(SPEAKER)," Dekhiye rohit ji, sarvapratham mai yeh kehna chahta hoon ki fawad hussain chaudhary ka jo bayaan hai, iski hum ghor ninda karte hain aur jis tarah se shankar prasad ji keh rhe the ki iss vishay ko maujuda sarkar  ne international platform par lena chahiye. UN ke pass FATF hmari sarkar ko jaana chahiye. ",0
36:57 ,(ANCHOR), Salah baad mai dijiyega pehle maafi toh maang lijie. salah dene aa gye hain. Maafi toh maang lijie. aap hi toh keh rhe the ki home grown terrorist hai yeh jinhone kiya. wahan imran khan ke liye sansad ne taali baj rhi hai. ,0
37:10 ,(SPEAKER)," Aap meri baat sunege pehle puri? dekhiye mai yeh bhi janna chahta, desh janna chahta hai uss samay ke governor sahab ne kha tha satyapal mandir jo BJP, ki yeh pulwama jo hai, sabse bda intelligence failure hai toh maujooda sattaadhaaree jo sarakaar hai usase nishchit roop se savaal poochhe jaenge.bhai intelligence failure kyun hua.",0
37:33 ,(ANCHOR), Intelligence failure hai lekin wo homegrown terrorist ne kiya. match fixing thi modi aur imran khan ke beech mai. iska kya matlab tha? Sir mai match fixing ka matlab kya tha? match fixing ka matlab kya tha? kya aapl log bhi jaan puchkar dhyan divert kar rhe the? Imran khan ke upar se uss samay? aap log jaan puchkarke imran khan ke upar se dhyan dovert kar rhe the ? yeh pakistan ki taraf shak na jaye kisika? ,0
37:59 ,(SPEAKER)," Rohit ji, iska uttar bhi janta jan na chahti hai. ",0
38:02 ,(ANCHOR), iska uttar toh janta janna chahti hai. lekin sapra ji iska bhi uttar jaana chahti hai ki jab aapke neta baithkar press conference kar rhe the ki dekhiye gharelu ataankwadiyon ne kiya hai. jab aapke neta hi keh rhe the ki match fixing hai. yeh kisko bacha rhe the wo?  ,0
38:19 ,(SPEAKER), Kya aapki jawab daari nhi hai sarkar se yeh uttar lene ki ki hmare 40 jawaan shaheed hue? ,0
38:22 ,(ANCHOR)," ae hae, hmari jawab dehi ki badi chinta hai. sapra ji, aapko hmari jawab dehi ki badi chinta hai. apni jawab dehi par bhaukle jane lagte hai. apni jawab dehi par kehte hai, nhi nhi hmare toh 10 muh hai. wo kone wale muh ne kya bol diya hme kya pta? Sapra ji, sapra ji, sapra ji, sapra ji, sapra ji, sapra ji, sapra ji, mai samajh sakta hoon aapki stithi. kyunki aap imran khan ko cover de rhe the aur aaj imran khan ke liye taali baj rhi hai sansad ke andar.ki imran khan ne kar diya pulwama. sir jitne puchne the, puche gye aur aap se puchke nhi puchenge. mai aap se permission leke nhi puchenge, jitne puchne the puche gye aur lagatar puche gye. aur aapke nhi kehne se yeh nhi hoga ki nhi puche gye. lekin aapse maine 10 baar pucha ki aapke netaon ke naam lekar puccha, aapme himmat nhi hai charan singh sapra , ek neta ke bayaan ke liye aap sharmindagi zahir kar de ki humne yeh kartutte ki baithkar jab hmare desh ke senik mar rhe the attankwadiyon ke hamle mai. yeh sharam nhi aayi. itni se sharmindagi zahir krne ki. ",1
39:28 ,(SPEAKER)," Aap, aap ,aap sarkar se yeh puchiye ki unhe sharam nhi aai? ",0
39:30 ,(ANCHOR)," Please sir, please, please sir, please wo bhi mai hi karunga. mai toh kar hi rha hoon lekin aap kya karenge sir? aapke par kambal baandh denge na baithke. yeh keh kar ki match fixing hai. fatafat boliye sayed zafar islam apni baat uske baad mujhe jaana hai sadhyan r sahab ke pass. bohot der se mai sawaal nhi le paya unse. ",0
39:45 ,(SPEAKER)," ji bilkul aap unse poochhega lekin main 10 second mein apanee baat kahana chaahata hoon ki dekhe jis baat ko hamane baar-baar kaha tak . cheek cheek ke kha tah hamaare party ke har platform se kaha tha ki dekhen isake lie pakistan se padhaare to us vakt inke bade-bade neta kapil sibal jaise letaare hamen kuchh aur hee kahaanee sunaane ke lie koshish kee. intenational media ki wo duhai dete rhe, international media ko feed karte rhe. dil ko theek hai aapane pakistan ka yahaan par naam liya hai main kahoonga. chaahe paakista aaj desh inse puchega ki aaj pulwama  attack ke liye pakistan zimmedar jo aap keh rhe tha . jis ke liye hmne unn par kh, hmane karwahi ki thi, usko pure desh ne sraha lekin aapne logon ne sraha nhi balki aur hmare army ke shohrat ko kahin na kahin neeche girane ki. pulwama ke hatyaaron ki badle lene ke liye hmne terror camp udaya tha pakistan mai ghus kar. terror camp udaya tha lekin aapne aur aapke leader log ne , chahe kapil sibal ho ya koi aur ho.",0
40:49 ,(ANCHOR)," Sapra ji, apni baari mai toh bolte hai, dusre ki baar mai bho bolte hain. apni baari mai jo bolna hota hai wo nhi bolte hain. jaha maafi mangni chahiye wahan salah dete hai, ashok sajanhaar inn desh ki rajnitik party ko bhi salah de dijiye ki jab pakistan ka mudda ho, desh ki suraksha ka mudda ho. desh ki videsh neeti , international neeti ka mudda ho , kam se kam tab toh aisi harkate band kar de.",0
41:13 ,(SPEAKER)," bilkul theek keh rhe hain rohit ji. dekhiye aapne pakistan ka yahan par naam liya hai. mai kahunga chahe pakistan ka ho ya cheen ka ho kyunki humne cheen ke samay mai bhi dekha hai aisee bayaanabaajee hotee rahee hai. jab raashtreey suraksha ka mudda ho. tab chaahe vipaksh ho ya sarakaar ho donon par ek hee shabdon se bolana chaahie aur donon ko apanee sena ke saath khade hona chaahie kyonki agar us samay agar aap savaal khade karate hain, agar aapako savaal khade karane hain usake lie aur samay aaega, zaroor milega. parantu jab aise haalaat se ham gujar rahe hain jaise abhi dekhiye. cheen ke sath hai pichle 6 mahine se. vahaan par hamaaree 50000 vahaan par apne hamaare sainik tainaat hain. aur pakistan toh seize fire wale violation aur vahan par cross border terrorism aur terrorist ko yahan par bhejna . wo toh lagatar chal hi rha hia toh jab aise haalaat mein.toh tab sawaal nhi uthaane chaahie kyunki isse manobal na keval hamaare sainikon ka kam hota hai, parantu hamaare deshavaasiyon ko bhee kam hota hai kyonki unka bhi vishwas kahin jaakar dol padata hai, kaheen jakar wo asmanjas mai pad jatein hai. ",0
42:23 ,(ANCHOR)," Sahab jab security lapse hoga , jab intelligence failure hoga toh sawaal toh  poochha jaega na ki intelligence failure kyun hua. aur sarakaar se savaal poochhana sena par savaal uthaana hai kya?",0
42:35 ,(SPEAKER)," nhi nhi wo baat nhi hai parantu jab aise haalaat se gujar rhe ho, aap zarur poochiye, sawaal zarur poochiye. agar intelligence failure hai toh parantu agar uska aapne jawaab diya hai , uske upar bhi agar aap savaal khade krna chahte hai toh wo yakinand usme toh apne sainiko ka manobal ke upar aap prahar kar rhe hain. toh aapake paas savaal hote hain, savaal ka ek samay hota hai. aur wo savaal ka samay aap aane dijiye tabhi aap sawaal poochiyega, yeh nhi ki jo har ek savaal ka jawab aapkon ussi samay chahiye jab yah hatsa khatam ho jae, ab jaise galvaan mein jo hua. galvaan mein agar aap puchne lagte hai  jo 15-16 kee raat ko, ki hum ko toh jawab abhi chahiye. abhee to aapake sainikon kee shahaadat huee hai usake baad mein aap hee kya kaam karana hai uss par aap sena ko aur apni sarakaar ko pure tareeke se unko sahara dijiye, unko support dijiyega, uske baad jab samay aayega ki kyun hua , aise halaat kaise bne, kyun bne. uska jab aap jab samay aata hai toh prashan puchiyega.",0
43:42 ,(ANCHOR), yah jo do bayaan ajj aur kal pakistan ki taraf se aae hain sansad mein sir. kya aapako lagata hai FATF mein jaisa shankar prasaad sahab ne kaha. bhaarat ki taraf se ek bada majaboot case banaane mein madadagaar saabit ho sakate hain?,0
43:56 ,(SPEAKER)," mere vichar se dekhiye zaroor kiya jaega yeh kyunki jo yeh pulwama ka bhi hua tha aapako maaloom hai jo kitne 100 page ke vo dastaavez bane the jo NIA court ko gya tha. woh sab hmne present kiya tha FATF ko jab unki 22 ko 23 October ko. mere vichar se yeh wala bhi zaroor vahaan par jaega aur yeh zaroor feeding karega, jo bhi decision meeting hogee unki. jo abhee tak pakistan aatankavaad ko bahut sahaara de de raha. yakeenan isko kiya jaega, mujhe sme koi shak ya shubha nhi lagta hai aur yeh hi karke bharat apne TS ko aur zyada sudrid bnaega aur isko aage lekar jayega.",0
44:40 ,(ANCHOR)," shankar prasad sahab aapko lagta hai ki kam se kam iss mauke par iss mudde par khas tor par iss tareeke ki rajnitik behes, jis tareeke se chunav mai iska hme iska fayda mil jaega ya nukasaan hoga yah cheejen hotee hai toh ek fauji ko  kharaab nahin lagata. kya hum yahan jaan gva rahe, in logo ko voton kee padee hai. ",0
45:01 ,(SPEAKER)," dekhe bahut dukh kee baat hai mainne yahee shuroo mein kaha tha aapase bhaarat ne is samay bahut sankat se joojh raha hai. bhaarat ke barkheelaf ek bada shaktishaalee desh khada ho rakha hai. usako jo sikhaaya vah to sikha diya. jis tarah se pulavaama aur baalaakot aur surgical straik ke baad pakistan kee tange hil rhi thi , main aapase yah kahana chaahata hoon rohit jee kee aaj chaina kee bhee taange hil rahee hogee usee prakaar se jabaki humne kailaash suresh par kabja kiya hai. jab main apanee defences ko itana majaboot kiya ki aaj china yah samajh raha hai ki main badee galatee kar baitha hoon is desh mein loha lene kee. toh aaj jo aapane khulaase kie hain yah main samajhata hoon ek bada bhari morale booster hai bhaarat ke lie, bhaarat ki sena ke lie, bhaarat ke government ke lie ki iss samay na keval pakistan ghabara rakha hai india se ki kaheen kuchh karana dekh aur jaisa vishambhar dayaal ne kaha ki yahee mauke hain ki inko donon ko ek lesson teach kar diya jae. khair voh baat alag rahegee kyonki ham nahin chaahate ki yuddh ho lekin ham bhee aavashyak chaahate hain ki donon desh se kuchh seekhe. china bhee se seekhe aaj, aaj ke bayaan se main kahata hoon china ko bhee kuchh seekhana chaahie ki ham baatacheet karake is masale ko hal kar diya jae. LAC ka demarkation  theek se ho jae. Line of control ban jae jo bhee hai aur international  bordar kee settlement karane. bhaarat vah bhaarat nahin raha jo ki pahale jamaane mein rahata tha. har ek chhotee baaten, arre yeh nuclear, marjaenge, yeh ho jayega, wo ho jayega. bda shaktishali desh hai, china. bde aatankwadi hai pakistan.yeh sab kuch ab thand pad gyi hai iss par. toh yeh mauka accha hai ki china aur pakistan, mai kahunga dono ki ab tange hil rhi hai. ek pakistan ne toh bta diya, ek china ab dekh rhe hain aaj kal ki wo kehta hai ki nhi nhi nhi nhi yeh america kyun interfere kar rha hai, yeh toh hmare aapas ki baat cheet hai. hum aapas mai suljha lenge. in sab cheezon ko dekhte huye aapko yeh bhi nazar aa rha hai jis tarah pakistan mai unki tange hil rhi thi, aaj china ki tange hil rhi hai kyunki we have occupied a position of strength now jaisa pehle kabhi nhi hota tha toh aaj bharat ki senae, bharat ki sarkar, bharat ki population, ek saath jud gaee hai desh kee suraksha ke lie embasador sarjan haar ne badi achchhee baat kahee ki bhaarat sena ek sarakaar aur ek desh jodakar lad raha hai. aur aaj ke haalaat woh haalaat nahin hai jo puraane jamaane mein aaj se 10 saal pahale hote the ya kuchh samay pahale hote the.bhaarat ke saath poora vishv khada vah dekh raha hai ki kis tareeke se china, kis tareeke se pakistan ka manobal bhaarat sena, bhaarat sarakaar, bhaarat kee janata ne tod diya hai. aaj hamaaree diplomacy.",0
47:31 ,(ANCHOR)," accha, theek ji, samay samaapt ho raha lekin pakistan kee sansad se hue yah donon khulaase. pakistan ko pooree duniya ke saamane pooree tarah se benakaab karte hain. aur sabase badee baat, ab bhaarat FATF ka kaise istemaal karata jo baat abhee shankar prasaad se aapane kaheen, yah dekhane kee cheej hogee ek chhota sa break lete hain uske baad jo savaal humne aapse aaj pucha. usme aapne kya jawab diye wo dekhte hain.",0
