timeStamp,speaker,text,label
22:53 ,(speaker 3)," aman ji aman ji, sabse pehle toh mai ",0
22:59 ,(anchor), ho gya ho gya ho gya. theek hai vinod bansal.,0
23:09 ,(speaker 3)," dekhiye aman ji, aman ji sabse pehle toh aapke sabhi darshako ko navratro ki aur nav varsh ki hardik shubhkamna dete hua mai nivedan karunga ki yeh jis tareeke se qadri sahab ne jo katli baat kari hai ki samvidhan ke rehte bharat mai bharat ke samvidhan ki baat akrte hain aur saath saath usme sehriyat bhi ghused dete hain. mai kehta hoon sariyat ki yahan avashakta kahan hai? jab sariyat ka kanoon yahan par nhi chalta toh woh islamic countries ka reference dene ki kya zarurat hai unn countries ka udharan de rhe ho jahan par islamic aatankvad charan par hai. syria mai kya ho rha hai aur jo waqar sahab ne kaha ki aakhir kaar koi ek country bta dijiye ek nhi hai bhaisahab yeh toh lambi list hai . paris, pakistan, bangladesh, syria aur yeh kitne saare islamic countries hai jahan par hinduo ke saath daman hota hai. ayy din ghatnae saamne aati hai. kya aapne unn man radhika aayog ki report nhi padhi kya? kya aapko nhi pta ki hinduo ke saath kya hota hai? bahar ki baat chhod dijiye aman ji aaj dilli ke andar navratro ke pratham din maa durga ki murti ko kis tarah se khandit kiya hai wahan par kakrola mai hala ki yeh mamla investigation ka hai lekin mai kahunga ki aakhir kar kaun log hai , kaun si mansikta hai lekin hinduo ne utpad nhi machaya abhi tak. aap dekhiye aaj hmare hindu nav varsh ka pehla din hai. navratre hai aur aanek parvo se juda hua yeh tyohar hai lekin uss tyohar ke subah subah hum jab badhai dene ke liye nikle bhagwan ki aradhna karne ke liye nikle toh hmare mandir ki murtiyon ko khandit kar diya gya aakhirka kaunsi mansikta hai yeh kaun karva rha hai iss kaam ko. dusri baat yeh hai ki aakhir kaar yeh pujya santo ke baarein mai iss tareeke ki abadi tipniya karna, unke upar jute rakhna, unke upar poster lagana , kya inko kanoon mai itne asha hai toh kanoon ka samman kyun nhi kiya? kyun nhi gye court mai yeh jaakar ke? aur dusri baat yeh ki kisine baad mai nhi jaana chahta ki unhone kya kaha lekin unhone jo kaha hai uska jawab dete hain na yaar. jin 26 ayato ki baat unhone ki hai mai nhi janta usme wo detail mai nhi jaana chahta lekin kam se kam uska jawab toh banta hai na. agar ya toh aap kahe ki quran mai nhi hai wo aate. agar hai toh wo theek nhi hai. agar theek hai toh btaiye kaise theek hai. aap akhir kar logon ko jaankari toh aapko hi dena padega ji .aap islam ke jaankar hai aap islam ke scholar kehte hai apne aap ko . kam se kam islam ke baare mai btaiye na. agar koi mere dharm granth ke baare mai kuch galat hai toh mai clarification dunga ji mere dharm guru denge na ji usme aapko kyun takleef ho rhi hai aur manlo kisi ne galat kaha hai toh court mai jayiye lekin yeh madyogin mansikta iss desh ke andar nhi chalne wali. yeh jo jihadi soch hai jiske karan islam ka global perspective aman bhai banda hai ki aakhir kar islam ka naam aate hi logon ke kaan khade ho jate hain. jagah jagah unko shak ki nazron se dekha jaata hai. uska karan yeh qadri jaisi katli mansikta hai. aur yeh jo log hain yeh dohri dhar se kaam karte hain. wo muh mai ram bagal mai churi wali baat khatam ho gyi. aapne jo kaha bilkul sahi bola ki kehte kuch aur hai karte kuch aur hai. inki mansikta jab aapne 4 prashan puche haan ya na mai wo pure pure nange ho gye. unfold ho gye, aur kis tareeke se aapke upar lanchan lagane lge yeh inki mansikta se bada spasht hota hai. ",0
26:11 ,(anchor)," nhi bhai gala kaatne ke khilaf kaun nhi bolega. vinod bansal ji jo desh ke samvidhan mai bharosa rakhta hai, desh ke lok tantra mai bharosa rakhta hai, wo gala kaatne ke khilaf bolega na. bhai gala kaatna toh har koi bol sakta hai ki yeh galat hua. wo vivad tha unn par NSA laga wo jail gye the unka gala kaat diya gya. unhone galat kiya toh wo court teh karega na. narsinghanand ne kuch galat kiya toh court teh karega na. wasim rizvi ne kuch galat kiya toh court teh karega ya shariya teh krega? wo toh court teh karega. pehle mai sangeet raggi mai aapke pass aa rha hoon uske baad mai abdul razza aapke paas aaunga, survi aapke pass bhi aaunga. yeh comment lekin pehle sangeet raggi. samvidhan se ya shriya se, ye isis wali gala kaat kattarta hindustan mai kahan se aa gyi bhai? ",0
27:04 ,(speaker 4)," aman ji, sawal sabse bada hai ki wasim rizvi ji ne 26 aayato ko lekar ke pavitra quran ki 26 aayato ko lekarke supreme court gye hain aur unhone kaha hai ki uss par ban honi chahiye. ya unse nikala jaana chahiyeab sawal hai ki kya aisi baatein kehna koi apne aap mai itna bada apradh hai? 1986 mai kolkata quran petition file kiya gya tha aur kolkata petition mai lagbhag unhi sab ayato ka zikr hai jise wasim rizvi ji ne uthaya hai. aur kolkata quran petition ke mamle mai judge ka jo nirnay hai wo padhne layak hai. unhone yeh kaha hai ki hum ban isliye nhi kar sakte kyunki yeh ek divine granth mana jaata hai isliye hum isme ban nhi kar sakte. dusra vakya hai 1986 ka jo dilli mai ek poster laga tha quran ki kuch aisi ayate thi jo hinduo ko kafir aur unko maut ki szza ka elan karti hai. aisi aayato ka zikr aaya hai aur isme koi do raye nhi hai ki quran ki jo surra 8 hai surra 9 uske . please mai apni baat kar loon. ",0
28:31 ,(speaker 1), hindu ka jumla kahin nhi hai quran mai. ,0
28:31 ,(anchor), itni intolerance kyun  hai. qadri itne intolerant kyun hai? sunn toh lijiye unhe. vad vidad samvad ki jagah hai na islam mai. bhai vad vivad ki jagah hai na islam mai. baat toh kar sakte hain?  nhi toh kya inka bhi gala kaat denge? gala kaat denge inka bhi.,1
29:02 ,(speaker 1), aapka kaam hai katna. aap kaato aapka kaam hai kaatna. lekin galat baat galat hai ,0
29:09 ,(anchor), nhi aap keh rhe hain ki nhi sunna jayega kya kar lenge. bhai galat hai sahi hai vad vivad se hi pta lagega na. aap log kehte hain hum log darre hue hain. dekhiye kaise darra rhe hain aap log. fir kehte hain darre hue hain. kaun darra hua hai ab. darra darra kar darte hain aap log. mat darraye bhai. ,1
29:29 ,(speaker 1), desh ko todne ki baat matt karo aap. ,0
29:28 ,(anchor), haan haan haan aur aap bada jodne ki baat kar rhe hain. gala kaat kattarta ka samarthan karke aap jodne ki baat kar rhe hain. chaliye theek hai. ab unhe complete karne dijiye. bolne dijiye kam se kam. qadri sahab bolne dijiye itne intolerant kyun hi rhe hain aap. wasim ji. boliye boliye aap complete kariye sangeet raagi. complete kar lijiye boliye raggi sahab.,1
29:56 ,(speaker 4)," aman ji jo quran mai aastha nhi rakhta hai, jo prophet mai aastha nhi rakhta hai jo last judgement mai aastha nhi rakhta hai wo islam ki drishti mai kafir hai aur hinduo ko bhi unhone kafir ki hi shirni mai rkha hai.  yahudiyon ko bhi kafir ki hi shirni mai rkha hai aur inke liye surra 8, surra 9 koi padh le unke liye kaun si szza ka pravadhan hai yeh btane ki avashakta nhi hai aur koi ek vishay mai 1986 ka usme bhi court mai yeh hi baat gyi thi ki unhone jo poster mai quran ki ayate likhi hain wo galat hai. ab judge sahab ne dono ko milaya aur kaha ki jo likha gya hai wo toh sahi likha gya hai jo sources hain wo sahi likhe hue hain toh aapki sachai yadi poster par likhkar koi baya karta hai tab bhi aap kehte hain ki aap mat dikhayiye .  ",0
31:00 ,(anchor), mai uss debate mai nhi jaa rha. raggi sahab mai uss debate mai  ya uss merit mai nhi jaa rha ki unhone sahi kaha ya galat kaha. bas mujhe bataiye ki yeh sar tann se judda yeh kya hai? sar tann se judda. ,0
31:12 ,(speaker 4), aman ji yeh ek mansikta hai aur yeh mansikta jo hai durbhagya se islam ke manne walon mai aaj ke samay ek pura pattern ban gya hai. aap puri duniya mai dekhenge toh koi bhi islamic desh nhi hai jahan par islam ke naam par islamic terrorist organisation nhi hai. koi upwad nhi milega ek bh upwad nhi milega.  ,0
31:44 ,(speaker 1), hindu maha sabha kya hai sir? hmare mulk mai hindu mahasabha kya kar rhi hai. yahan par bhi toh ram ji ke naam par katal kiya jaa rha hai.,0
31:54 ,(anchor)," yeh debate mai na aap toh qadri sahab boliye hi mat beech beech mai . inka band kariye. aap ek toh beech mai boliye hi mat. qadri sahab , raagi sahab rukiye inko mai samjhata hoon. qadri sahab ek toh aap beech mai mat boliye. jab tak aap bolenge nhi ki jo gala kaata gya galat kata gya tab tak mai aapko allow nhi karunga . jab tak aap gale kaatne ki bhastana nhi karenge na jab tak aap nhi bolenge ki jo france mai teacher ka gala kaata gya, kamlesh tiwari ka gala kaata gya galat kaata gya. jab tak aap yeh nhi bolenge na, jab tak aap gala kaat kattarta ka virodh nhi karenge uski bhrastna nhi karenge mai aapko allow nhi karunga. ",0
32:30 ,(speaker 1), aap kaun hote hain allow karne wala. arre tumhare debate ko abhi kick out karta hoon bhai. kya baat kar rhe hain. ,0
32:37 ,(anchor), accha debate chhod denge lekin kamlesh tiwari gala kaat kattarta ke khilaf ek shabd nhi bolenge. chaliye theek hai. theek hai na qadri sahab debate jaye toh jate lekin gala kaat kattarta ke khilaf meri zubaan na jaye. debate jaye toh jaye lekin gala kaat kattarta ke khilaf ek zuban na jaye ek shabd na jaye. aap nhi bolenge uske khilaf ki kamlesh tiwari ka gala galat kaata gya aur court teh karta. bol dijiye na qadri sahab bol dijiye na. bol dijiye gala kaata gya galat kaata gya. aapko mauka milega aap bhi katenge. aapko mauka milega aap bhi katenge. chaliye mai aapse puchta hoon. ,1
33:13 ,(speaker 1), arre tum kaato. ,0
33:14 ,(anchor), agar dharmik bhavnae ahat hongi aap bhi gala katenge aaj ,1
33:18 ,(speaker 1), pura desh ko baat rhe ho aaj tum . hindu muslim ko  ,0
33:22 ,(anchor), aap gala kaatenge agar dharmik bhavnae ahat hongi toh. ,1
33:25 ,(speaker 1), pure desh ko batne ka kaam kar rhe ho. ,0
33:27 ,(anchor),bol dijiye na galat gala kaata gya france mai galat gala kaata gya. wasim rizvi ke gala kaatne ki baat galat. hainji?,0
33:35 ,(speaker 1), arre france mai jaakar pucho na wahan ki chinta kyun hai aapko? apne desh ko toh bigaad rhe hain aap.,0
33:46 ,(anchor), accha kamlesh tiwari ka gala kaata gya galat kaata gya. ,0
33:51 ,(speaker 1), arre kisne kaata mujhe kya pata. mai kyun kahunga uske upar. ,0
33:54 ,(anchor), jisne bhi kaata galat kaata. aap nhi bol sakte galat kaata vajah kuch bhi ho. ,0
34:06 ,(speaker 1), mai kyun bou iss baarein mai. mai nahi bolunga iss baarein mai kuch bhi. ,0
34:10 ,(anchor), aap nhi bolenge . qadri sahab aap nhi bolenge galat kaata . accha ek minute ek minute jab tak vajah saamne nhi aayegi aap nhi bolenge. matlab koi vajah ho toh sahi hai. yeh koi vajah ho toh gala kaatna sahi ho sakta hai. ,0
34:32 ,(speaker 1), yeh praveen togadia ka dusra roop hai. ,0
34:32 ,(anchor), nhi nhi nhi jo koi vajah ho toh gala kaatna sahi ho sakta hai. qadri sahab ,0
34:41 ,(speaker 1), wo aap jaane hume pta nhi. ,0
34:41 ,(anchor), qadri sahab koi vajah ho toh gala katt sakta hai wo depend karta hai vajah kya hai. ho sakta hai dharmik bhavnae ahat ho gyi ho. ,0
34:54 ,(speaker 1), hum samvidhan jo faisla karega wo hoga. ,0
34:53 ,(anchor), yeh firse samvidhan wali acting karenge. muh par samvidhan dil mai katleyaam. ,1
35:02 ,(speaker 1), arre aap actor hai. ,0
35:02 ,(anchor)," chaliye aap samvidhan mai maante hai? samvidhan mai bharosa hai aapko, lok tantra mai bharosa hai aapko? court par bharosa hai, supreme court par bharosa hai toh fir court ijazat deta hai gala kaatne ki? kya court ijazat deta hai gala kaatne ki qadri sahab. kya court ijazat deta hai gala kaatne hai. kya court ijazat deta hai gala kaatne ki. aap nhi bolenge hairangi hai. chaliye theek hai samajh gya aap nhi bol sakte uske khilaf. wo dharm ke khilaf na ho jaye aapke wale dharm ke khilaf. allah ke islam nhi mulla ke islma ke khilaf kyunki aapka islam alag hai. aap nhi bolenge gala kaat kattarta ke khilaf. ji ji ji subhui khan aur abdul razza khan ek ek comment aapka uske baad mai wapas aapke pass aunga. mai aapko mauka zarur dunga lekin pehle subhui khan aur fir abdul razza khan. pehle subhui khan. yeh isis wali mansikta india mai bhi. ",0
35:54 ,(speaker 5)," ji ji. aman yeh mai clarity dena bohot zaruri hai aur panel baithe hua koi bhi muslmaan yhe baat nhi kahega toh meri netik zimmedaari hai ki mai yeh baat aap sab tak pohonchau. islam mai gala kaatna bilkul jayaz nhi hai lekin islamic state mai gala kaatna jayaz hai. iss farak ko hme samajhna padega. hume islam ko farzi maulanao se  ya doctor scripture se ya fabricated hadiso se samajhne ki zarurat nhi hai. islam hume samajh aata hai karbala ke maidan se jahan par insaaf aur sachai ke liye gala kaata nhi jaata hai, bhuka rha jaat hai aur pyaasa rha jaata hai aur immaam hussain ka gala katvaya jaata hai. yeh inn jitne bhi yahan par islam ke thekedaar baithe hai aur dhongi aashiq baithe hain. iss par yeh koi baat nhi karna chahega. agar gustakhe rasul ki sazza gala kaatna hota toh sabse pehle jab rasul ke intekal ke baad aapne unki virasat ki ladai mai unke body ko 18 ghante tak sadaya tha toh sabse pehle gala kaatte hazrat ali. jab aapne rasul ki beti ko bibi fatima ko bari mehfil mai zaleel kiya tha tab gala kaata jaata. ",0
36:54 ,(speaker 1),ae baat seedhi karo. baat samhal ke karo. ,0
36:57 ,(speaker 5), beech mat boliye. aman inko boliye ,0
37:22 ,(speaker 1), aap baat seedhi kariye aap prophet ke baarein mai baat ko seedhe kariye aap. ,0
37:25 ,(speaker 5), mai aise nhi bolungi. aman aap inki baat kam karvaiye mai inse ek sawal puchna chahti hoon ek sawal puchna chahti hoon.,0
37:48 ,(speaker 1), aap nhi baat kar sakte aise.  ,0
37:54 ,(speaker 6), aman ji inko stop kijiye. aman ji inko stop kijiye.,0
38:15 ,(speaker 5), koi alfaz wapas nhi lungi mai. mai inn alfazo ko baar baar daulahungi. mazzak bna rkha hai aapne islam ka. mazzak bna rkha hai aapne mazhab ka.,0
38:35 ,(anchor), maulana qadri mai aapko mauka dunga. unko bolne dijiye. kam se kam bolne toh dijiye. maulana qadri sahab aapka  koi patent thodi na hai. wo bol toh sakti hai ya aap sikhaenge unko islam. arre unko bolne toh dijiye. ,0
38:53 ,(speaker 1), aapke channel par baat aa jayegi. aapki channel par baat ayegi. ,0
38:57 ,(speaker 5), dhongi maulana qadri aaj aap mujhe jawab denge. ,0
39:02 ,(anchor), arre aap unhe bolne toh dijiye wo kya bol rhi hain. sunn toh lijiye na. baad ki baatein baad mai teh kariyega na. qadri sahab. ,0
39:11 ,(speaker 1), inko rokado aap. aapke channel ke khilaf mai agitation hoga. ,0
39:19 ,(speaker 5), nhi rok payenge. ,0
39:21 ,(anchor), ruk jaye . ek minute ek minute audio band kar dijiye subhui khan aur qadri sahab. dono ka audio band hai. mai isliye bhi neeche disclaimer chalata hoon ki mehmano ki rae unki nijhi rae hai channel ka usse koi lena dena nhi hai lekin fir bhi kya subuhi khan ne kaha hai aur kis baat ko lekar itna ahaat hue hain qadri sahab mai dono ko mauka dunga koi beech mai nhi bolega. sabka audio band rhega. pehle subuhi khan aap bolegi uske baad qadri sahab aap bolenge. audio sab ka band rhega isliye audio clear reh payega. sirf 1 minute ka time subuhi khan kya aapne bola galat bola toh aap maafi mangna chahengi aur agar aapko lagta hai ki aapko sahi lagta hai toh uska clarification dijiye. ,0
40:03 ,(speaker 5)," ji, aman mai bilkul maafi nhi mangna chahungi aur aaj aapke channel ke madhyam se yeh ghoshna kar rhi hoon ki iss baat ko baar baar doh rahungi aur apni puri tez buland awaaz ke saath dorahungi ki islamic state ke sabse bade bhukt bhogi islam rha hai. islamic state ka sabse bada bhukt bhogi islam ko manne wale log rhe hain. lekin islam ka durbhagya yeh rha hai ki jo islam ko jante hai wo log maun rehte hain jab hindu devi devtao ki beizzati hoti hai toh wo log maun hote hain. jab mf hussain hmari deviyon ke nagan tasveere bnate hai toh hum maun kyun rehte hain. jab hmari matr bhumi ka apmaan hota hai toh usko baat kar islamic state bnai jaati hai. toh hum log maun kyun rehte hain. jab kamlesh tiwari ji ka gala kaata jaata hai toh attankwaad failaya jaata hai toh hum maun kyun rehte hain. gustakhe rasul sabse bada mai manti hoon jaish e mohammed gustakhe rasul mai sabse bada manti hoon ki islam ke naam par puri duniya mai islamic state bnane ke liye  alfad macha rkha hai. ab waqt aa gya hai aman ki islamic state ke khilaf islam ko hi khada hona padega. mai unn sabhi jo islam ko janne wale unse appeal karti hoon ki apne dil par haath rkh ke sochiye ki aaj aapko bura laga kyunki aapke prophet ko bola gya. ",0
41:13 ,(anchor), ab aapka 1 minute ho gya ab aapka audio band hai ab qadri sahab bolenge. qadri sahab ab aap boliye. haan maine yeh sawal unse pucha. ,0
41:29 ,(speaker 1), dekhiye aman chopra subuhi khan ne jo prophet mohammad ki body ke baarein mai nau istemaal kiya hai yeh sarasar gustakhi hai. mai zee tv ke zariye saare hindustaan ke musalmano se unse appeal karunga ki yeh subuhi khan ko islam se kharij karein. yeh islam mai rehne ke kabil nhi hai aur jitne bhi log hindu devi devtao ke baarein mai galat shabd ka istemaal karte hain mai unka bhi khandan karta hoon ,0
42:01 ,(anchor), aapke pass tender hai islam ka? ,0
42:08 ,(speaker 1), islam ki koi tareef agar kare ya na kare. subuhi khan ne gustakhi ki hai usko maafi chahne ki zarurat hai aur islam iss baat ki ijazat nhi deta ki kisi bhi mazhab ke avtaar ke khilaf bole. ,0
42:21 ,(anchor), theek hai qadri sahab. court jayiye court jayiye court. ,0
42:29 ,(speaker 1), aur ainda se subuhi khan aapke debate mai aati hai toh mai yeh debate mai shareekh nhi rahunga . now i m leaving the debate.  ,0
42:38 ,(anchor)," theek hai yeh aapka adhikaar hai. aur qadri sahab court jayiyega court kyunki aapko samvidhan mai bharosa hai. islam mai bedhakal matlab aisa lagta hai kabhi kabhi ki islam ka koi tender nikal tha aur aapne jo theka le rkha hai. aur aap logon ko bedhakal karte rehte hain certificate baat te hain. vinod bansal 30 seconds, sangeet raggi 30 seconds. 2 2 mehman debate chodke jaa chuka hai yaar. pehle sangeet raggi aap. ",1
43:02 ,(speaker 3), aman ji aapke debate mai jis tareeke se ek behen ke virudh jis tarah se inhone awaaz uthayi. jo sachai kitni kadvi lagti hai yeh aapke saamne saare sui channel ke darshako ko pta lag gyi. aap dekhiye ki jo jo pegambar mohammad ke baarein mai kya baat kahi unhone yeh kuch samajh mai nhi aaya unhe lekin mujhe bataiye jo sachai hai wo kadvi hai mujhe toh lag rha tha saare musalmano ko awan karke kahin yahin par hi gala kaatne ka elan toh nhi kar denge. lekin ganimat ki behens kar ki baat kari. yeh thekedaar jo hai. ,0
43:38 ,(anchor), nhi nhi yeh bhi baat hai humko shabdo ka chahan nhi theek hai unko sahi bhasha ka istemaal zarur karna chahiye. kisi ko adhikar nhi hai kisi ki dharmik bhavnae. agar unke religious sentiment hurt hue hain toh unko court jaan chahiye na. yeh islam se bedhakal wali yeh dakiyanusi baatein nhi honi chahiye. unko court jaan chahiye. sangeet raagi.,0
44:05 ,(speaker 4)," dekhiye aman ji saraswati maa durga maa ke khilaf kitne saare cartoon banae gye, kitni saari tasveere bnai gyi, nangi tasveere lekin hindu samaj ke kisi bhi vyakti ne kaha ki unka hussain sahab ka sar alag kar diya jaan chahiye dhad alag kar diya jaan chahiye. kisi ne . yeh ek mansikta ka sawal hai aur mansikta aapko paida hoti hai jab aapka uss prakar se dharmil training hota hai. aakhir kya hai ki hatya ki yeh mansikta pure islamic samaj mai jaati hai. koi ek bhi apwad nhi hai isliye iske baarein mai gambhirta se vichar karne ki avasahkta hai. aap subuhi khan ko toh bahar nikal denge lekin mohammad sahab ke naam par terrorist organisation hai jo terrorist log hai aap unke khilaf toh ek bhi baat nhi bolenge. yaani ki aap kya maante hai ki wo sab mohammad sahab ke saan mai kaam kar rhe hain jo taliban kaam kar rha hai. ",0
45:12 ,(anchor), mai toh balki exactly mai toh raggi sahab yeh kehta hoon ki agar fatwa lana hai aur islam ke logon ko agar wakahi inke khilaf fatwa aana chahiye jo iss tarah ke poster lagate hain. yeh log islam ko badnaam karte hain. yeh dharm ko badnaam karte hain jaise aapne jaish e mohammed ka zikr kiya. wo aatankwadi sankhatan hai kya uske khilaf fatwa aaya? aur yeh jo poster jo dekh rhe hain aap lagatar iss poster ke khilaf maulan ko khada hona chahiye ki yeh iska islam se koi lena dena nhi hai iska hmare dharm se lena dena nhi hai kyunki nhi hota koi dharm iski ijazat nhi deta . islam bohot hi shanti priya aur bohot hi sanshum dharm hai . koi mahzab nhi sikhata hai. yeh kuch chand thekedaar hai jinhone tender liya hota hai. theka liya hota hai. jis tarah AIMIM ne bhi bta diya uska iss poster se koi lena dena nhi hai.,0
