timeStamp,speaker,text,label
00:28 ,(INTRO), khud yah kahate hain parliament mein inaka resolution hai kee vo hissa jo pakistan ke andar hai vo hamara hai. arre tumhaare baap ka hai kya. tumhaare paas vo taakat nahin hai. kee tum vo hissa le sako. aap usake khilaaph kahana chaahate hain aap swatantra hai kintu yah kahana ki doosare desh ke saath milakar ham anuchchhed 370 le aaenge. yah apane aap mein na keval nindaneey hai magar sahee maayane mein kaha jae to yah desh virodhee statement hai. main inase darkhast karata hoon kee ek retired judge nahin teen judgon ko bhejiye. jo yah dekhein ke paanch august last year se ham na aage gaye hai na peeche gaye hain. yah besharam log hai. inako cheen se samarthan chahiye pakistan se pehle samarthan lete hi rahe hai uska khate hee rahe hain. ab cheen ka bhee gaana gayenge. is prakaar ke logon ko kaheen na kaheen salakhon ke andar hona chahie. ,0
01:57 ,(ANCHOR), jee haan. ab cheen ka abdullah deevaana. cheen par abdulla deevaana kahate hain ki dushman ka dushman dost hota hai. pakistan dushman ab cheen dushman. cheen ke khilaaph gussa hai. matalab ek kahaavat hai na dushman ka dushman dost hota hai to kya pakistan ke baad bhaarat se dushmanee nibhaane vaale cheen ko bhee kuch logon ko ab cheen ne apana dost najar aa raha hai kya. dekhiye seema vivaad karate hai. poore desh mein cheen ke khilaaph gussa hai. cheen ke khilaaph har koee bayaan de raha hai. cheen se badale kee baat kee ja rahee hai. aaj hee chishul mein core commandaron kee saathvi daur kee baatcheet chal rahee hai. aise mein national conference ke adhyaksh faruq abdullaah ka cheen ko lekar pyaar umada pakistan kee pairavee to phaarook abdullaah sahab to karate rahe hain lekin ab unhonne 370 hataane ke lie mai dhyaan se suneega jo bolane ja raha hoon. hairaan ho jaenge aap 370 hataane ke lie cheen se madad kee guhaar lagaee hai faruq abdullah ne. unako ummeed hai ek interview mein faruq abdullah ne kaha ki 370 par cheen jor lagade to unaka kaam ban jaega. yah vahee faruq abdullah hai jo kahate rahe kee pok kisi ke baap ka nahin hai. yah vahi faruq abdullah hai jo challenge dete hai kee laal chawk par koee tiranga phara kar to dikhaaye. to kya faruq abdullah ab 370 kee vahaalee ke lie cheen ko nyota de rahe hain kya. vah ummeed lagae baithe hain ki 370 kee bahaalee ke lie ab cheen se haath milaana padega kya 370 ke lie apane desh se dushmanee aur dushman desh se dostee kya kabool hai. faruq abdullah kee isee soch ke saath bahas ko shuroo karate hain. bade savaal jo rahane vaale hain us par ek baar jaldee se najar daal lete hain. cheen kee deevaanagee mein abdulla desh bhoole sabase bada savaal doosara bada savaal national conference kahoon ya anti-national conference. teesara bada savaal 370 vaapas laane kee kahee yah antararaashtreey saajish hai matalab apane desh se dushmanee kabool hai 370 ke liye. aap sochiye. 370 virodhiyon ko cheen-paakistaan kee shay hai aur paanchavaan bada savaal cheen dhun raam dhun gaate hai na aap. abdulla saahab to kaee baar aapane suna hoga ki ab cheen dhun gaa rahe hain. to cheen dhun gaane vaala bhaarat ka neta kaise. saansad hai poorv mukhyamantree rahe hain vo. hamare saath is vakt gaurav bhatia bjp ke rashtra pravakta nere saath jud chuke hain. mere saath lalit anvardaar kashmiri activist hai. iftikhaar misgar mahajid haidri sahab aap sabka bahut bahut svaagat hai. sabase pahalee gaurav bhatia bjp ne press conference kee kaha kee yah desh drohee bayaan hai. mera savaal pahalee baar hai kya. gaurav bhatia aapakee aavaaj nahin pahunch paa rahee mein phir se connection theek karane ke koshish. haan boliye boliye gaurav boliye boliye boliye.,1
04:40 ,(SPEAKER 1), dekhiye sabase pehele jab iss tarah ke bayaan sunte hai to mann mein ek hee khayaal aata hai har bhaarteeye naagrik ke. yah aasteen ke saanp hai. yah deemak hai yah kya hain. aur dhukh kee baat yah kee inako is desh ne itana pyaar intana samman diya hai. aapane sahi kaha mukhyamantaree rahe kendriye mantaree rahe aur hamara sanvidhaan kya kahta hai. sampraboota koee bhee desh baahar ka hamare andaroonee maamale mein dakhal nahin de sakta hai. anuchchhed 370 joki temporary tha sanshodhit kiya hamaare desh kee sansad ne. to kaise inakee himmat padatee hai yah kahate hain ki cheen ka haath lag jae to baahar ho jaega. aur main aapake channel zee news par aaj kahta hoon. ,0
05:25 ,(ANCHOR), gaurav ek minute yah aap mere se pooch rahe hain. aap mere se pooch poochh rahe hain inakee himmat kaise ho jaati hai. main poochata hoon kee aapake hote inakee himmat. yah aap mere se poochh rahe hain inakee himmat kaise ho jaati hai. aaj ek savaal suniye na mereko mereko aaj aaj ek cheej bataiyega aaj jitane bhee log taal thok ke dekh rahe hain jab main debate karane aa raha tha mujhe meri response team kah rahee thee kee yah to har baar serial offender hai. aapane kaha yah deshadroh hai mera savaal yah ki phir agar yah deshadroh hai to deshadroh kee chhoot bhee to aap hee ne de rakhee hai sir. aapane chhoot de rakhee hai tabhee inakee itanee himmat hotee hai. ,1
05:56 ,(SPEAKER 1), main main please bol doon. dekhiye pahele main faruq abdullah ko zee news ke maadhyam se ek baat kahana chaahoonga. unhonne kaha kashmir kisee ke baap ka nahin hai. faruq abdullah jee aapaka pakistan ho sakata hai hamaare ko baap ka bhee kashmir hai daada ka bhee kashmir hai paradaada kabhee kashmir hai. doosaree baat aapane kahee ki pok to pakistan ke saath hai to main punah kahoonga yah shree narendra modi jee kee sarakaar hai aap jaise aasteen ke saanp koee bhee koshish kar le vah din bhee door nahin hoga jab lahore par tiranga fairaega. aur himmat hai to rok leejie. teesaree baat yaad karie aman jee jab 2019 ke chunaav the bhaajapaajaan ka. ,0
06:35 ,(ANCHOR), abhee aap kya kah rahe hain mujhe puraane bayaan ke yaad dila rahe hain. aap mileage lena chaah rahe hai unake bayaan se aapako phaayada hota hai. mera mard samajheeye jo main kah raha hoon. unake bayaan ko jitana bayaan dete hai aapako phaayada hota hai isiliye aap saare bayaan mujhe yaad dila rahe hain. mainne dila diye na mera savaal to kuchh aur hai na. chhoot kyon hai bhaee agar aap ke hisaab se deshdroh hai aaj aapakee party ne press confrence kee unhonne kaha yah deshadroh hai to chhoot bhee to aap hee ne de rakhee hai sir. kabhee kahate pok kisee ke baap ka nahin kabhee kahate hain kee pok hamara nahin kabhee kahate hain ki sena aatankavaadiyon se nahin bacha sakatee kabhee kahate ki laal chauk par tiranga phaharaane dikhao. chhoot kyon aapane de rakhi hai itani. yah mera savaal hai.,1
07:10 ,(SPEAKER 1), aman jee aapako yaad hona chahie kee jab annuched 370 ko sanshodit kiya usake baad toh yah gharee mein the. abhi abhi to yah nikale hai aur nikale hain to lagata hai wapas punah darvaaza khol rahe hain kee inakee giraftaaree ho inn par kaanoonan sakht karavahee ho. is tarah ke gair zimmedaarana bayaan bilkul bardaasht nahin kie jaenge. doosaree baat jo main utha raha tha.,0
07:36 ,(ANCHOR), kya karenge. kya karenge nahin nahin kya nahin kya karenge. nahin nahin sir kya karenge mujhe yah batayie. main aaj debate mein taal thok ke tay karake aaya tha mujhe jaanana hai kee hota kya hai. vo ek bayaan dete hain phir debate hotee hai maamala thanda ho jaata phir baayan dete hain phir thanda phir bayaan phir thanda. ab unhone itanee badee baat kah dee hai vo kah rahe hain kee cheen kee madad lenge 370 ko bahal karane kee liye. mujhe bataie kya hoga. main yah jaanana chaah raha hoon aap kya karenge. ,0
07:59 ,(SPEAKER 1), main dekhie kaanoonan jo kaarravaee hotee hai jaise abhee bhee pahale inake khilaaph kaanoonan kaarravaee huee umar abdulla ke khilaaph bhee huee aap jaanate hain is baat ko aur yah log kah rahe the ham nikale baahar dange karavaenge lekin sarkaar ne majbootee se karavaee karee thi. ,0
08:13 ,(ANCHOR), kya kya karenge. bjp kya karegee sir. kya karavaee karenge aap. kon karega.,0
08:18 ,(SPEAKER 1), kaanonan karavaee hogee. agar yah sudhrenge nahin.,0
08:21 ,(ANCHOR), kon karega nahin nahin sir. ,0
08:20 ,(SPEAKER 1), agar yah sudhrenge nahin jo kutte kee poonch tedhee rahegi usako kaat ke dobberman banaya jayega aap chinta na kariye.,0
08:26 ,(ANCHOR), kon karega sir. aap karenge bjp karegee kon karega. inn par case hoga kya hoga. ,0
08:31 ,(SPEAKER 1), ham karenge desh kee janata karegee aur aman jee keval tees second. ,0
08:33 ,(ANCHOR), acha aap nahin karenge desh kee janata karegee. aap nahin karenge. ,0
08:35 ,(SPEAKER 1), hamne to bola hum karenge aur desh kee janata. jo bola vo bhee suniye aman jee agar tokiye na aur mere ko keval aadha minute de deejie. ,0
08:43 ,(ANCHOR), sir pata hai maaph kariyega baar baar tok kyon raha hoon. mereko na ye na sir ye sun lijiye na gaurav. nahin nahin dikkat kya hai gaurav main batata hoon. gaurav jee. is tarah ke bayaanon par debate karate karate ham log thak jaate hain mera aaj makasad yah tha pata to lage bhaiya inakee himmat kaise ho rahee hai. aapane kaha ham kaarravaee karenge mainne poochha sir bata deejie kya kaarravaee karenge ki aaj ke baad kisee kee himmat na ho mere desh ke khilaaph ya dushman desh se haath milaane kee. haa bataie. ,1
09:13 ,(SPEAKER 1), dhanyavaad. aman jee kaarravaee yah hotee hai main aapako bataoon ki yah to abhee khud hee kaanoonan kaarravaee ke tahat andar the baahar abhee abhee nikale hain. punah kaarravaee ho jaegee doosara aaj yaad karie bitta karake vatalee jo foreign funding karate the jail kee salaakhon ke peechhe hain. teesaree baat hamaara manifesto aman jee kahata tha 370 ko sanshodhit karake hataenge. congress ka kahta tha vaisa rahega kya hua desh kee janata ne inako sabak sikhaaya. kahaa aaj inakee raajaneetik aisa hai kya hai aap bataie. isse bada to koee tamaacha nahin ho sakata jo janata ne inake gaal par maara.,0
09:49 ,(ANCHOR), theek hai janata karavaee karegi. janata karavaee karegi. janata janata. janata karavaee karegi theek hai sir. iftagaar mizgar sahab bjp kah rahee hai deshadroh hai yah. aapako kya laga. cheen kee madad lenge ab cheen se haath milaenge 370 kee bahalee ke liye deshadroh hai yah aapake hisaab se.,1
10:05 ,(SPEAKER 2), nahin. nahin. dekhiye dekhiye yahaan par hisaab kee scale nahin chalatee hai. ek mudde par jo baat hotee hai to us mein jitanee bhee raajaneetik political kaanoon se bandhit baaten hongee vaheen hotee hai aise gaurav saahab kee dhamakiyaan nahin chalenge unako band rakhenge hamane unako bhee band rakha tha ab aage bhee band rakhenge. as if as if kee aap log unhe. dekhiye dekhiye gaurav jee hamane hamane pahele din se aapako bola kee jammu kashmir ko aap baaki staton kee tulana mein na tolein. jammu kashmir ka jo masallah hai.,0
10:49 ,(SPEAKER 1), 370 ka pahala shabd kya hai bataiye. kya tha pahala shabd temporarily.,0
10:54 ,(SPEAKER 2), vo to aapako samjhana hoga. nahin tha vo aap logon ne banaya. gair kaanoonee tor par banaya. uss par ham behas nahin karana chahenge is time. ham yaheen baat. ham aapako baatcheet. ham tab bhee aapako yahee baat samajhana chaah. nahin nahin cheen kee madad kyon le lenge. cheen ko to aapane introduce kar diya dekhiye. aapane aapane itanee badee political blunder karke cheen ko andar ghused diya. 370 dhaara to bhaartee tha noc ka. jab jab jab jawaharlal nehru ko chithi likhi paheli baar china ke. inhone toh define kiya tha loc. loc ko define hua tha. yah yah international border nahin bana sakte janaab aap badee badee baatein karte hain logon ko behkaane mein.,0
11:46 ,(SPEAKER 1), janaab ham toh yah kar sakte hain kee pakistan aur cheen nakshe se gaayab ho jaye. ,0
11:53 ,(SPEAKER 2), aap logon ne 370 haatake loc ko aur kamjor kar diya. loc ko aur kamjor kar diya. aap logon ne aaj ke. nahin nahin dekhiye gaurav jee aap baat kar rahe the hamne.,0
12:06 ,(ANCHOR), gaurav gaurav gaurav gaurav gaurav gaurav gaurav gaurav gaurav  thoda skype ke through judein. audio ka issue rhega agar simultaneously bolenge audio ka dikkat rahega. skype ke jariye. gaurav jee ko samajhanee hogee ek-ek karake bolenge. lekin imtahgar mizgar sahab yah bayaan unaka deshadrohee bayaan ya deshapremee bayaan bas itana bata dijiye mizgar sahab. galat bayaan deshadrohee bayaan galat bayaan. ,0
12:27 ,(SPEAKER 2), nahin aap aap dekhie dekhie yah yah dogalaapan nahin hai. aapane jaise unaka suna vaise hamaara bhee sun leejie.,0
12:33 ,(ANCHOR), unase maine das savaal puche hain sir. ,0
12:34 ,(SPEAKER 2), agar aapane hamein yahan par bulaya hai toh sun lijiye. beech mein gaurav jee ne baat kabhee nahin .dekhie 370 jo tha 370 ham pahale din se aap bol rahe the ki 370 was a bridge between india and kashmir.  aur vo bridge ko kamjor nahin ukhed diya bhaarateey janata party ne gairakaanoonee vo step uthake jo china bhee aaj hamaaree state mein mudakhalat kar raha hai pakistan to kar hi raha tha. aaj agar inhone baat kari inako mauka kisane diya bhaarateeya janata party ke uss setup ne. jo sit up nationality ke khilaaph hua.,0
13:06 ,(ANCHOR), mizgar sahab. mizgar sahab. savaal iftekar mizgar sahab savaal yah hai aaram se savaal poochh raha hoon kah deejie mere paas mere paas answer nahin hai main aage badh jaunga. kya cheen.  aur suniye jo faruq abdulla ne kaha kya vah sahee bayaan hai ya galat. bas itana bata dijiye. sahi ya galat mere hisab se galat taal thok ke kahta hoon. aapake hisab se faruq abdullah ka bayaan sahi ya galat. bas itna sir. ,1
13:31 ,(SPEAKER 2), nahin mere mere hisaab se toh faruq abdullah ka javaab faruq abdullah ke spokesperson denge lekin jahan tak main kahunga faruq abdullah ko yah baat karne ke liye bhaarateey janata party kee galti ne kara. jo bhaarateeya janata party ne unconstitutional galti karee ussee vajah se aaj faruq abdullah yah baatein kah raha hai.,0
13:41 ,(ANCHOR), to matalab cheen kee madad leni chahie. aap bhee lenge cheen kee madad. theek hai sir. cheen kee madad lene mein koee burayee nahin hai. cheen kee madad lene mein koee burayee nahin hai. 370 bahalee ke liye iftekar mizgar ke hisab se. theek hai sir. ,0
14:02 ,(SPEAKER 2), 370 to bahaal karana hee padega kisi bhee surat mein. ,0
14:04 ,(ANCHOR), to usake leeye cheen kee madad lene ko aap taiyaar hain. usake liye cheen se haath mila lenge. ,0
14:10 ,(SPEAKER 2), aapako cheen pareshaan karega aapako pakistan pareshaan karega yah to kashmiri hai jo uthake aapake saath haath milake aapakee shaan beshaana chalega lekin jab aap kashmiri ko vo vapas denge koee haath nahin milayega cheen ke saath. ,0
14:24 ,(ANCHOR), to fir faruq abdullah ne galat kaha. to fir faruq abdullah ne galat kaha. ,0
14:28 ,(SPEAKER 2), arre sahab faruq abdullah ne hee nahin jitane bhee aaj tak mainstream political parties yahan par aayi unake dvaara galat hee galat hua hai. ,0
14:37 ,(ANCHOR), theek hai faruq abdullah ne galat kaha bas baat khatam ho gayee na sir itana hichkicha kyon rahe hain bolane mein. desh premee aadamee hain aap toh. unaka agar bayaan deshadrohee hai beejepee ke hisab to aap taal thokiye. toh aap taal thokiye unhone galat kaha. cheen kee madad thodi na lenge androonee maamala hai ghar ka maamala hai aapas mein niptayenge. vaise 370 closed chapter hai. hatt chuka hai maamala. khatam ho chuka hai. s p sinha retired major general s p sinha main aapake paas aa raha hoon. usake saath majid haidri usake baad lalit ambardaar main aapake paas aaunga. sabase pehle retired major general s p sinha kitanee serious dhamkee isako mana jaye. matalab 370 se itana pyaar ki apane maadare vatan apane mulk se dushmanee ke lie ye log taiyaar hai aur dushman desh se haath milaane ko taiyaar hai. s p sinha. ,1
15:17 ,(SPEAKER 3), aman bahut durbhaagy kee baat hai ki ek vyakti jo minister rah chuka hai central government mein ek mukhyamantree rah chuka hai vah is tarah ka vaktav de raha hai. yah raashtrdroh hai. aman yah raashtrdroh hai pahelee baat.,0
15:32 ,(ANCHOR), deshroh hai theek hai. ,1
15:34 ,(SPEAKER 3), doosaree baat jo main kahana chaahata hoon ki hamaare jo kaanoonee vyavastha. ekadam deshadroh hai ekadam deshadroh hai isame koee shak nahin hona chahiye. kyonkee ek cheen hamara dushman hai. dushman desh ke saath usake favor mein baat karana yah rashtradroh hai dushmanee hai desh ke saath. doosaree baat jo main kahana chaahata hoon ki jo kaanoonee vyavastha hai indian penal code 121 jo kahata hai waging or attempting to wage war or abetting waging war agains government of india yah raashtradroh hai. IPC 121\. IPC 124 kahata hai ki jo IPC 124 non-bailable offence hai. sedation kee baat karata hai. yah to kanoon hai. kyon in logon sah milatee hai kyon in log ko himmat milatee hai ki is tarah ka vyaktavy dete hain. ,0
16:20 ,(ANCHOR), koee peheli baari thodi na hai sir.,1
16:22  ,(SPEAKER 3), kyonke yah jaanate hai kee is tarah ka vyaktavy denge aur inako kuchh nahin hoga. ,0
16:27 ,(ANCHOR), pahalee baar thodi na hai.,1
16:27 ,(SPEAKER 3), pahalee baar to nahin hai bahut baar. mere paas to faruq abdulla ke 40 statement mere paas faruq abdulla ke 40 statement hai ,0
16:35 ,(ANCHOR), sir 40 ke 50 ho jaenge 100 ho jaenge kuch nahin bigaad sakte aap log. ,1
16:39 ,(SPEAKER 3), aapane bhee do teen statement ka mukadama kiya. mere paas chaalis. ,0
16:40 ,(ANCHOR), sir main bata raha hoon na taal thok ke chaalis ke pachaas bhee honge so bhee honge koee kuch nahin bigaad sakta. vo to bayaan dete rahenge ham debate karate rahenge. tabhi to main gaurav se kah raha tha bataiye na hoga kya saza kya. ,1
16:51 ,(SPEAKER 3), aman aman jab tak aman aman jab tak ham shakti ke saath unako sabak nahin sikhaenge yah baaz aane vaale nahin hain kyonki hamaaree nishkriyata inako saahas detee hai aur is tarah ka yah raashtradroh karate hain. unako 24 ghanta mein arrest kro ipc 121 ke andar. ,0
17:06 ,(ANCHOR), theek hai. maajid haidri main aapake paas aaun usase pahale aaj bjp kee taraph se jo press conference kee gaee kya kuchh kaha gaya vo sun lete hain. theek hai sir aa raha hoon maajid haidri jee main aapake paas usase pahale bjp kee taraph se jo press conference kee gayi usmein kya kuch kaha gaya vo ek baar sun lete hain. lekin hashtag main ek baar firse repeat kar raha hoon maafi maango adullah. jo bayaan diya gaya hai jisse bjp kah rahee hai yah deshdrohee bayaan hai. maafi maango abdullah. yah hamara hasthyag hai sun lijiye bjp ne kya press conference kee. ,1
17:30 ,(STORY), ek tarah se faruq abdullah apane is interview mein nyaayochit thaharaate hain. cheen ke is vistaar vaadee maanasikata ko aur doosaree aur usase bhee badhakar ek tarah se ek deshadrohee comment karate hain aur kahate hain bhavishy mein cheen ke saath milakar agar hamen yah mauka milega to ham anuchchhed 370 vaapas laenge. together with china with the help of china we would bring back article 370\. yah mujhe samajh mein nahin aata hai kee ek sitting saansad is prakaar kee baaten kaise kar sakata hai. kaise vah kah sakate hain ki kisee doosare desh ke saath milakar hum anuchchhed 370 vaapas laenge. anuchchhed 370 ka hataana isako lekar ek democratic country mein ek lokataantrik desh mein aapake man mein kisee prakaar ka reservation hai aap usake khilaaph kahana chaahate hain aap svatantr hain kintu yah kahana ki doosare desh ke saath milakar ham anuchchhed 370 le aaenge yah apane aap mein na keval nindaneey hai magar sahee maayane mein kaha jae to yah desh virodhee statement hai. this is absolutely seditious. ,0
18:42 ,(ANCHOR), maajid haidri sahab. deshdrohee statement hai aur hoga kaise matalab cheen kee madad se agar 370 bahalee ke haseen sapane abdullah sahab dekh rahe hai. to ye hoga kya lekin ye ek baar family tree aap dekh lijiye jo ham bata rahe the kee abdulla family abdulla parviaar ne jo jammu kashmir par raaj kiya hai vo dekhiye kya kaise. matalab shekh abdulla saahab jo hai vah mukhyamantree jo hai vah rahe hain jammu-kashmir ke aur usake baad unake jo suputr hai faruq abdullaah sahab shekh abdulla sahab 7 saal mukhyamantree rahe faruq abdulla sahab 11 saal mukhyamantree rahe aur unake bete umar abdulla saahab matalab abdulla parivaar kee teen peedhiyon ne jammu-kashmir par raaj kiya. teen teen peedhiyon ne jammu-kashmir par raaj kiya vahaan se kamaaya sab kuchh. teen matalab ma sirph jammu-kashmir ke poorv mukhyamantree hain faruq abdulla sahab balki poorv mukhyamantree ke suputr bhee hai shekh abdulla sahab ke aur poorv mukhyamantree ke pita bhee hain umar abdulla ke faruq abdulla sahab. maajid haidri sahab deshdrohee bayaan aur hoga kaise mujhe ye samajhayee na. kaise cheen kee madad lee jaegee aur kaise 370 kee baalee ho jaegee. kaise hoga yah modersaprendi  kya hai. ,1
19:46 ,(SPEAKER 4), dekhiye ab aman bhai main aisa nahin kahunga ke ab kashmir ke masale ko hal karane ke liye doctor faruq sahab ko yah kahana chahie tha kee ham kangana ranavat kee madad lenge 370 hatane mein wapas laane mein. kyonkee aaj to is desh mein sab kuch kangana ranavat ke kahane pe chalata hai. main aisi baat nahin karunga. dekhiye jo doctor faruq sahab ka jo bayaan hai aapane ek bahut baat bahut achi kahi aman sahab. aapane kaha kee dheel de rakhi hai bhajpa ne lekin bhajpa ne dheel kisko de rakhi hai. bhaajapa ne dheel china ko de rakhi hai. kee china desh ke andar aa gaya usane ladakh mein ghar bassa liya danwar valley kha gya. 60 hazaar fauji china ke aaj ladakh mein yah humko bhaajapa ki den hai ki aaj desh itana kamajor ho gaya hai kee doctor faruq jaisa aadamee kahata hai kee china ke bhaee bade bhaee jaan aake meree madad karo. china ko big brother india ke andar banaaya kisane. pichle 70 varshon mein kabhee china is desh ke andar big brother nahin tha agar aaj china big brother is desh ke andar bana hai to vah bhaajapa kee kamajoriyon se bana hai jis kamajoriyon ko aap log yahan chupaate hain aur main yah bataana chaahata hoon doctor faruq sahab ne jo kaha yah ek inspiration milli hai pichle 6-7 se jo sattah bhaajapa ne di hai yah main apane bhaajapa ke jo pravakta sahab baithe hain inase bhi bata raha hoon ki aapane itana kamajor aaj desh ko bana diya ki desh ke andar ka ek raajaneta china se madad maangata hai. kal mujhe samajh nahin aata kal shayad ham nepal se bhi madad maangenge toh yah galati doctor faruq ki nahin hai. yah galati bhaajapa ki hai jisne sabse pehle. na uske baad na aman aayi na shaanti aayi. vaada toh kiya tha bhai aman aayegi shaanti aayegi yahan toh bedagharak hai pure desh ka.,0
21:19 ,(ANCHOR), acha agar agar agar agar agar agar agar agar majid haidri sahab aapake hisab se main maanaloon bedagharak hai bura haal hai kamjoree hai. to china se haath milana sahi hai? ya desh drohi bayaan aapake hisab se? bas itana bata dijiye. faruq abdullah ka bayaan aapake hisab se desh drohee hai ya nahin. ,0
21:36 ,(SPEAKER 4), dekhiye agar aap kahte hain ki china se madad maangana desh droh hai toh sardar patel ka jo putala banaya gaya vo chinese. ,0
21:42 ,(ANCHOR), china se 370\. china se 370 bahalee ke liye madad maangana. ,0
21:47 ,(SPEAKER 4), sardar patel ka jo chaar hazaar karod ka jo putala banaya hai. vo toh china ne banakar diya hai. ,0
21:51 ,(ANCHOR), nahin nahin nahin sir 370 bahalee ke liye cheen se madad maangana. aap bhee maangate ya aap usake saath hai. ,0
21:59 ,(SPEAKER 4), dekhiye ham toh laanat bhejte hai china pe jo musalamaan log par jo zulam china kar raha hai vo duniya mein kahin nahi ho raha. r s s ko insipiration milati hai kee china kaise zulam kar raha hai musalamaanon pe ki ye bhaajapa vaale bhi vaise hi zulam karana chaah rahe hai musalamaanon pe. ,0
22:11 ,(ANCHOR), to ab aapake hisab se faruq abdullah ka bayaan desh drohee hai. theek hai. aur iftagaar mizgar ke hisaab se nahin hai.,1
22:15 ,(SPEAKER 4), desh drohee nahin hai. desh droh nahin hai. ,0
22:17 ,(ANCHOR), desh droh nahin hai. ,0
22:19 ,(SPEAKER 4), agar aap isako desh droh kahate hain toh bhaajapa pe bhi desh droh ka ilajaam lagayein. ,0
22:22 ,(ANCHOR), unase toh maine das savaal puch liye main aapase faruq abdullah par ek savaal puch raha hoon. usaka javaab aap thik se de nahin paa rahe hai. maine toh das baar bola unhone chooth de rakhi hai. aap mujhe bataiye unaka bayaan desh droh hai ya desh premee. bas itana bata dijiye. desh drohee ya desh premee. ,1
22:34 ,(SPEAKER 4), desh droh nahin hai jis desh mein home minister. ,0
22:35 ,(ANCHOR), to desh premee bayaan hai. cheen se haath milana apane desh ke khilaaph dushman desh se haath milaana dushman desh se haath milaana desh prem hai. ,0
22:45 ,(SPEAKER 4), sardar patel ka putala china ne banaya. china se maangana madad desh droh nahin hai. ,0
22:50 ,(ANCHOR), konsa china thoda padhkar aayiye na thoda padhkar aayiye konsa china ne putala bana diya. anpadhon vaali baatein mat kara kariye sir. aa rahe hai aapake paas. lalit ambar. lalit ambardaar usake baad gaurav bhatia jee aap javaab de dijiyega. lalit ambardaar main aapake paas aa raha hoon. lalit ambardaar asalee rang dikha diye na main toh ek line mein mujhe lag raha asalee rang mauka milega to bata denge tumase kitana pyaar karate hain ham. yah faruq abdullah ne cheen ko bata diya aur bhaarat ko bata diya.,1
23:13 ,(SPEAKER 5), dekhiye main baar-baar aapake channel par bhee bol chuka hoon abdullah parivaar kashmeer ka original islaam mein separatist parivaar hai aapane bhee bola sheikh abdullah mukhyamantree rahe hain. usase pahale vah ki jammu kashmeer ke pradhaanamantree rah chuke hain.,0
23:29 ,(ANCHOR), haan.,0
23:29 ,(SPEAKER 5), aur unako congress nehru jo unaka yaar dost jisako usane pakistan chhota-mota pakistan bana kar diya tha javaaharalaal nehru ne abdullah apane mitr ko 370 aur 35a ke dvaara ussi javaaharalaal nehru ne sheikh abdullah ko 10 saal jail mein daala tha. desh droh kashmeer conspiracy case bahut bada tha das saal nehru ne yah congraseeyon ko bataiyega jo abhee chup karake baithe hue hain. theek hai main bhee samajhata hoon ki yah log original hai lekin delhi mein unako pahachaanane kee koshish nahin kee ja rahee hai kyonki jammu kashmeer ke andar sab log apanee raajaneetik rotiyaan sek rahe hain. aapake dvaara bjp ko bhee bataana chaahata hoon aap log gaurav jee main aapaka naman karata hoon aapake sentiments kee kadar karata hoon lekin aapaka jo dhada beejepee ka jammu kashmeer ko dekh raha tha abhee tak vo log kisee bhee koshish kar rahe the ki jo puraane puraane chithadhe ikatthe kar rahe the in pdp aur national conference ke aur sarakaar banaane kee koshish kar rahe the jis party ko to puraanee sharaab naee botal karake aapakee naak tale ho raha tha lekin aap log chup the main ummeed karata hoon ki ab vahaan par kuchh aap ke haalaat theek honge aap ka jo dadha jo local hai vahaan par vah theek nahin hai. doosaree baat kah raha hoon sir sheikh faruq abdullah ne pahale abhee kuchh din pahale kya bola tha. bola tha ki ham log kashmeer ke log cheen ke cheen ka cheen ko prefer karenge hindustaan se tab bhee dillee se koee pratikriya nahin hui. faruq abdullah ka ek aur mp hai apane parliament ke andar baramula constituency se usane jammu kashmeer kee live assembly mein pakistan jindaabaad bola tha. vo jammu kashmeer assembly ka khudh speaker rah chuka hai. tab poochiye bjp ko aapane kya kiya aap to us vakt hukoomat the kashmeer ke andar kya kiya aapane nahin kiya aap log sehate rahe dillee senti rahee hai inako aur yah vo jo paramula ka jo hai aajake parliament mein baitha hua hai. aur usako jab patrakaaron ne bahar pucha tha assembly ke bahar ki tumane kyon bola pakistan zindabad batayein kyon bola. bola ki main musalamaan hoon main bhavuk ho gaya. mooltah baat yah hai kee kashmeer jo aap baar baar kashmeeree bolate hain yahan panel pe bhi bola gya kashmeeree aap please usako distinguish kijiye. kashmeeree vo nahin hai jo pakistan kee madad chaahta hai. kashmeeree vo nahin hai jo china kee madad chaahta hai. kashmeere vo nahin hai jo nizame mustaphah kashmeer mein chaahta hai. kashmeeree vo nahin hai jo faruq abdullah ne jab election jeetana tha kashmeer ke andar gurabaanee ke marane ke baad bola mere bachche naukaree ke lie nahin mar rahe hain tourism ke lie nahin mar rahe hai vo kaum ke lie mar rahe hain. islam ke lie mar rahe the toh yah log chup rahe dilli mein. umar abdullah ne amarnaath registeration ke vakt dilli hindustaan kee parliament mein bola tha yah hamaaree jameen ka mudda hai hamaaree ham apanee jameen ke lie lade aur marate dam tak ladenge. kiski jameen amaranaath kee jameen usake baap kee jameen hai 500 saal pehele islambad kashmeer mein aaya kashmeer kee sanskriti 5000 saal purani hai aapake dwara ye jo tatmunjhe baithe hue hain na inako bataiye kashmeer ke kankar kankar mein shankar hain. kashmeer ke bindu bindu mein gangajal hai aur aap kahte hain kee 370 ki taraph se vahaan pe pull bana tha. 370 kee vajah se kashmeer ke andar pakistan bana tha. isiliye aap logon ko takleeph ho rahi hai abhi. ,0
26:31 ,(SPEAKER 2), kashmeer kashmeeriyon ka hai lalit ambardaar.,0
26:34 ,(ANCHOR),  cheen ka toh nahin hai.,0
26:35 ,(SPEAKER 5), aapaka nahin hai. jo log hindustaani nahin hai vo kashmeeri nahin ho sakte. aap kashmeeri islamist hain. aap kashmeer mein rah aapane kashmeer ke. aap islamist hain. ,0
26:41 ,(SPEAKER 2), who are you? tum kon hote ho? tumhare baap ka nahin hain. ,0
26:49 ,(SPEAKER 5), aap aap nahin hain. aap dsp ayub pandith nahin hain. aap pakistan ke. ,0
26:54 ,(SPEAKER 2), yah unn logon ka hain jinn logon isse lade azaadi ladi khoon bahaya hai. ,0
27:01 ,(ANCHOR), theek hai theek hai aise nahin aise. nahin samajh. ek minute ek minute ek minute aaram se aaram se aaram se. aa raha hoon lalit ambardaar aa raha hoon aaram se. ek ek karke bolenge. haan bolein iftagaar mizgar sahabkashmeer kashmeeriyon ka bhee hai aur hindustaaniyon ka bhi hai number ek. cheen se haath milane walon ka toh nahin hai na. ,1
27:16 ,(SPEAKER 2), jab jab jab bihar ke log bihar ko apana kahenge delhi wale apana. aur humein toh aapane yah bhi rog laga ke rakhi hai kee aap jammu kashmeer ko. ,0
27:26 ,(ANCHOR), sir delhi mein 370 theek hain. ,1
27:28 ,(SPEAKER 2), jammu kashmeer hamara hai. yah lalit ambardaar ka nahin hai. lalit ambardar ko kyonki yah bhagoda hai. yah bhaag gaya yahan se. yah bhaag gaya hai aur yah bhaag gaya hai militancy se pehle 1960s mein bhaag gaya hai yah. yah bhagoda hai yah jammu kashmeer ka rehne wala nahin hai. yah amarnaath land ko baap kee land kee nahin kah sakta amaranaath hamara hai. amaranaath jameen hamaree hai. ,0
27:51 ,(SPEAKER 5), vo tera shahmeer kah ke leke aaya tha vahaan se. shahmeer apane sir par lekar aaya tha kashmeer. ,0
27:59 ,(SPEAKER 2), tumharee tumharee  ,0
28:02 ,(SPEAKER 5), aapako vo maanana padega yah pakistan ke i s i ke hukam pe ho raha hain. jo faruq abdullah ko involve kar raha hain.  ,0
28:12 ,(SPEAKER 2), rashtra teeranganee bhee fabricated banwayi tum logon ne. rashtra teeranganee mein jo. ,0
28:17 ,(SPEAKER 5), arre wah e-mustafa aaj tumhare aaj tum nange ho rahe ho. ek ek karke nange ho rahe ho. apane aap ko kashmeeri bolate ho. arre tumko toh tumko toh pakistani bhee muslamaan ho. ,0
28:27 ,(SPEAKER 2), ham log secularism mein. hum log peace mein. ,0
28:33 ,(ANCHOR), chaliye. aise debate ka koi fayeda nahin hai. isse acha toh ham. rukiye rukiye. lalit lalit lalit lalit ek minute rukiye rukiye rukiye. lalit lalit lalit lalit ek minute rukiye. lalit bhai. lalit ambardaar iftagaar mizgar ek minute. aise kuch samajh nahin aa raha hai. aise kuch samajh nahin aayega. sir ek minute rukiye. mizgar sahab ek minute. mizgar sahab ek minute. kya cheen se haath milane walon ka bhee hai kashmeer. cheen se madad maangana sahi hai kya. 370 bahalee ke liye cheen se madad maangana sahi hai kya. ,0
28:58 ,(SPEAKER 2), bilkul sahi nahin hain. bilkul sahi nahin hain. lekin jo jo setup main baar baar kahunga aapase jo setup undemocratically unconstitutionally liya gaya iss sarkaar ke dwara. ,0
29:11 ,(ANCHOR), sir sansad se. sansad kee manjooree toh unconstitutional kaise? ,0
29:17 ,(SPEAKER 2), manjooree kahan chalegi jo masallah u n o mein hain yahan pe u n o daftar aaj tak kyon nahin hataya bhaaratiye janata party ne  kashmeer ka muddah political hai. politically address karana hai. aaj bhee kal bhee. ,0
29:27 ,(ANCHOR), haidri sahab usake baad gaurav main aa raha hoon. gaurav aa raha hoon ek minute. maajid haidri cheen kee madad maangana sahi. iftagaar mizgar sahab kah rahe hain galat hai. cheen kee madad maangana sahi hai aapake hisab se? ,0
29:38 ,(SPEAKER 4), jee sabase pehle iftagaar mizgar sahab ne jo aaj balle baazee kee hai lalit ambardaar kee main teen dafah taaliyan bajana chaahta hoon. hip hip hooray. hip hip hooray. hip hip hooray iftagaar mizgar sahab ke liye. dekhiye baat yah hai kee  ,0
29:48 ,(SPEAKER 5), tumhara vo jo show tv par aata tha na babbar kaadri. kya kardiya unka jihaadiyon ne usake saath. main tum logon ko baar baar bata chuka hoon. tum log use and throw property ho. jis din unako pata lagega kee tumhaaree aukaat nahin hai. kashmeer jaat ke liye koi aur tumako bhee nahin chodenge wo log. sharam karo kuch. ,0
30:11 ,(ANCHOR), theek hai na ek minute ek minute lalit.,0
30:12 ,(SPEAKER 5), raat ko maar diya sharam karo kuch. kashmeer ke naujavaan bachon ko tum log shaahadat dilwa dete ho gareeb musalamaan ke bache ko marwa dete ho. tum mein aur faruq abdullah aur umar abdullah mein koee farak nahin hai. ,0
30:28 ,(ANCHOR), majid haidri majid haidri majid haidri majid haidri majid haidri usake baad gaurav main aapake paas vaapis aa raha hoon. maajid haidri aapane kaha cheen kee madad maangana galat nahin hai 370 hatane ke liye. nahin hai galat? ,0
30:37 ,(SPEAKER 4), dekhiye dekhiye aman sahab lalit ambardaar ne babbar kaadri hamare bhai kee baat kee. ,0
30:41 ,(ANCHOR), chodiye na sir ek minute. cheen kee madad maangana galat nahin hai. ,0
30:45 ,(SPEAKER 4), cheen gaya bhaad mein pehle main babbar kaadri kee baat hogi. ,0
30:47 ,(ANCHOR), cheen kee madad maangana galat nahin hain? savaal nahin chodunga sir. cheen kee madad maangana galat nahin hain? ,0
30:55 ,(SPEAKER 4), kab yaad kiya inhone shaheed babbar kaadri ko?,0
30:57 ,(ANCHOR), cheen kee madad maangana galat nahin hain? sir jo debate ,0
31:01 ,(SPEAKER 4), cheen kee baat nahin hogee iss manch pe main toh baat nahin karunga na mera bhai. ,0
31:06 ,(ANCHOR), to jo faruq abdullah ne jo bola boliye galat bola. jo faruq abdullah ne jo bola boliye galat bola. aaj cheen kee madad maang rahe hain kal turqi kee madad maangenge aap log.  ,1
31:24 ,(SPEAKER 2), babbar kaadri ko aap logon ne secure nahin kiya. babbar kaadri kee security nahin bheji. uspe kisi ne baat nahin kari. ,0
31:30 ,(ANCHOR), majid haidri main toh simple aapase pooch raha hoon na aaj cheen kee madad maang rahe hain kal turqi kee madad maangenge. aaj 370 ke liye maang rahe hain kal azaadi ke liye maangenge. kal ho sakta hai turqi ki bhi madad maangi jaaye kashmeer ke liye. gaurav chaliye theek hai. gaurav gaurav gaurav gaurav gaurav gaurav uske baad s p sinha. gaurav bhatia darr issi cheej ka hai aaj cheen kee maang rahe hain kal turqi kee bhee maangenge.  ,1
31:59 ,(SPEAKER 1), haan aman jee aapake channel pe nihayatee ghatiya aur desh ke khilaaph bayaan diye gaye toh mereko kuch samay dijiye. sabase pehle kaha gaya kee bhai kashmeer kashmeeriyon ka hain. aur aapane bhee kaha usake baad aman jee kee kashmeeriyon ka hai aur bhartiyon ka hain. main ek baat kahunga kashmeer bhartiyon ka hai. aur jab kah diya bhartiyon ka hai to usmein sab aa jaate hain. jab ham kahte hain na kashmeer ka hai to usmein sab aa jaate hain. jab ham kahte hain na kashmeeriyon ka hai aur bhartiyon ka hai toh ham alag kar rahe hain. isiliye yaad rakho kashmeer bhartiyon ka hain. dusaree baat inhone chunautee di thi inhone kaha annuched 370 bahaal kiya jaye. toh main bhee danke kee chhot pe kahta hoon jitana apnee taraph se prayatan karana hai karlo. annuched 370 bahaal nahin hone wala. desh kee janata aur desh ke sansad ne tay kar diya hain. agar 370 hatayein. ,0
32:51  ,(SPEAKER 2), chaahe poora ladakh kho. chaahe poora ladakh kho. aapane toh aadha ladakh khoya hain. chaahe poora ladakh kho. ,0
32:59 ,(SPEAKER 1), aapake beech mein bola tha main. ,0
33:02 ,(ANCHOR), nahin ladakh kho diya matalab. cheen 370 kee vajah se kar raha hai yah sab.  ,0
33:06 ,(SPEAKER 1), aapake beech mein bola tha main? tameez se. tameez se. haan toh apani baad mein boliye. hamane toh aapake liye jaan dedi. aap hamse samay le lijiye ham denge lekin badtameezee mat kariye. ab teesree baat amanjee inhone kaha unconstitutional mujhe nahin pata inako sanvidhaan kee kitni samajh hai. annuched 370 temporary ithas tha. dusree baat sansad mein kanoon parit hote hain. sahee tareeke se paarit hua hai. aapako pareshaanee hai sarvodyalay ek petition gayee. sarvodyalay ne stay nahin kiya. jab nahin stay kiya toh aap kon hote ho ansanvidhaanik kahane vale. cheen ka pakistan ka nyaayalay nahin tey karega. yah bhaarat ka nyaayalay tey karega kya sanvidhalik hai kya sanvidhalik nahin hai. aur aapase yah baat kah doon ek yahan par panelist kah rahe the bhaag gaye. arre teen lakh kashmeeree pandit bhagaye gaye unaka bhee kashmeer utana hee hai jitana har bharatiye ka hai. aur sharam kee baat hai kee vahan par iss tarah ke azaan mein baatein boli gayee kee mahilaon ko chhod deejie aur usake baad aap chale jao kashmeer se aur aap logon ke munh mein dahee jam gaee hamaara bhaee maara gaya aurangzeb aapake munh mein dahee jam gaee burahaan vaanee aapaka bhaee hai aurangajeb hamaara bhaee hain. aap ajay pandita ke marane  mein kuchh nahin bole are vah hindustaanee tha. muslim aur hindu kee baat nahin hai bhaarateey kee baat hai jo golee aapako aaj achchhee lagatee hai sahee kaha baabar kaadaree se hamaare bahut se aise maamale hain jahaan par ham sahamat nahin the lekin usako maar diya vah golee khataranaak hai usase aap bach ke rahie bhaarat kee sena ke peechhe rahie vohee majboot hai desh ko majboot karegi. ,0
34:54 ,(ANCHOR), iftagaar mizgar sahab ab aap boliye koee beech mein nahin bolega usake baad maajid haidri main aapake paas aa raha hoon. ek minute ek ek karake bolenge apnee turn par bolenge jisaka naam bolunga vahi bolega. jisaka naam lunga vahi bolega. iftagaar mizgar sahab ab aap boliye 370 se itana kya pyaar kee ye pakistan ya cheen se haath milane ko taiyaar. yah kaise possible ho sakata hai sir. ,0
35:12 ,(SPEAKER 2), koee pyaar nahin ham toh yah bhee kahate hain hamane bahut saare debaton mein kaha kee 370 ko khokhala dibba banaya tha. yahan ke politician main bharatiye janata party pe vahaan pe dosh nahin de raha hoon. 320 act naafis huye the yahan kee sarakar aur congress ne lagaye the. lekin 370 ka rahena hindustaan aur kashmeer ke rishate ko mazboot kar raha tha yah gaurav jee meri baat ko samajh nahin rahe hain. ,0
35:37 ,(ANCHOR), yah hindustaan aur kashmeer kya hota hai. mereko aapatti hai sir. nahin nahin mujhe aapatti hai. aap boliye kee hindustaan aur dilli ke rishte ko. meri baat suniye nahin nahin nahin nahin nahin nahin nahin nahin nahin nahin mizgar sahab nahin. aap bolenge hindustaan aur dilli ke rishte ko. hindustaan aur bihar ke rishte ko. hindustaan aur madhya pradesh ke rishte ko. to hindustaan aur kashmir kya hota hai sir. kashmeer hindustaan hai. ,1
36:00 ,(SPEAKER 2), kashmeer princely state tha azaad mulak tha. hamane haath joda hindustaan ke saath. ham hindustaan ke saath mil gaye. hindustaan. 1947 1947 mein  ,0
36:17 ,(SPEAKER 1), sign kiya usmein kya ye likha tha kee alag se rahega. sanvidhaan kab aaya. ,0
36:22 ,(SPEAKER 2), usmein likha tha logon se raaye puchi jayegi. raye shumari hogi. logon se raaye puchi jayegi. ,0
36:33 ,(SPEAKER 1), vahi same instrument of accession raja harish singh ne sign kiya. aur aap galat par debate kar rahe hain. sanvidhaan. 370 asthayi hai. aur aap log kah rahe hain kee yah chalate rahana chahiye. ,0
36:46 ,(ANCHOR), ab aap kaunsee debate mein jaa rahe hain. kaunsee debate mein jaa rahe hain. kashmeer bhaarat ka hain tha aur rahega. yah haseen sapane dekhana chhod dijiye na azaad-uzood vaale. ham kabhi bolate hain hindustaan aur dilli ka will hain. hindustaan aur madhya pradesh ka will hain. hindustaan aur maharashtra ka will hain. yah hindustaan aur kashmeer kya hota hai sir. kashmeer hindustaan hai.  ,1
37:04 ,(SPEAKER 2), hamane hakk kee. ham jab hakk kee baat karate hain ab aap usse azaadi ke saath kyon milate hain? hamane hakk kee baat kee. agar hakk kee baat kee hain toh ham. ,0
37:13 ,(ANCHOR), sir hakk ke liye kya cheen jaayenge. ek minute ek minute gaurav gaurav gaurav ek minute gaurav ek minute gaurav gaurav gaurav ek minute. ek ek karke gaurav ek minute. gaurav gaurav gaurav gaurav gaurav gaurav ek minute. pata hai mujhe gussa aata hain jab koee aise bolata hai kee hindustaan aur kashmeer alag-alag nahin hain. hindustaan dilli nahin bolate na. hindustaan madhya pradesh nahin bolate. hindustaan aur maharastra nahin bolate toh hindustaan aur kashmir kyon bolate hain. mizgar sahab kya cheen se haath mila lenge. ya pakistan se haath mila lenge. ya kal ko turqi se haath mila lenge. bas yah mera savaal hai. ghar ka maamala hai ghar mein nipatega. cheen kon hota hai.,1
37:47 ,(SPEAKER 2), kissi mulak se haath milane kee zarurat nahin hain.  ,0
37:50 ,(ANCHOR), toh boliye faruq abdullah sahab ko ek ek rashtra ke naam sandesh dijiye. sunn rahe hain faruq abdullah sahab agar aap vakiye mein bolana chaah rahe hain toh boliye mizgar mizgar sahab faruq abdullah sahab aapako sunn rahe hain. ,0
38:03 ,(SPEAKER 2), jab aap kahane denge. jab aap kahane denge. faruq abdullah sahab ko independently aap ne parliament mein time diya hota toh shayad faruq abdullah bahar jaake aisi baat nahin karata. aap logo ne democracy itana bura banaya hai kee parliament mein bhee aapako.,0
38:22 ,(ANCHOR), gaurav ek minute rehne dijiye bolane dijiye inako. bolane dijiye. ,0
38:24 ,(SPEAKER 2), parliament membron ko mauka nahin dete hain bolane ka itana dictatorship aaj tak hindustaan mein nahin aaya hain. aur yah hindustaan ko kahan pe le jayega allah hee maalik hai. ,0
38:33 ,(ANCHOR), sir mizgar sahab mauka nahin diya na toh itana zehar ugal diya. p o k kisi ke baap ka nahin se lekar ab cheen se haath milayenge. yah mauka nahin diya toh yah haal hai de dete to log to yahi tweet kar rahe nazarband the toh ache the bahar aaye zehar ugalana shuru kar diya. lalit ambardaar lalit ambardaar lalit ambardaar lalit ambardaar isake baad s p sinha main aapake paas aa raha hoon. lalit ambardaar. ,1
39:02 ,(SPEAKER 5), pehela inn sabako batana chaahta hoon yah log jo bhagoda bolate hain inako sharam aani chahiye. jo logon ka jinn logon ka narsanhaar hua jo inake padosee the. jab kashmeeri jihadi ak 47 kashmiri hinduon ko dhoondh rahe the. chun chun ke maar rahe the. yah log inakee zabaan pe taala nahin laga hua tha. yah collaborators hain. inako jaake pucho apane baap se pucho apanee maa se pucho kashmiri hindu kahan gaya. kahan gaye tumhare kashmiri pandit kya kiya tumane 5000 hinduon ke saath. sir mujhe bolane dijiye main chup tha. mujhe bolane dijiye. ,0
39:32 ,(ANCHOR), haa unaka signal hee chala gaya sir. boliye boliye aap boliye. ,0
39:34 ,(SPEAKER 5), dusaree baat aap aapane turkey kee baat aap turkey kee baat kar rahe the na sir. turkey mein bane huye gaane kashmeer ke andar azaadee ke liye chal rahe hain aaj kee taareekh mein. imran khan unaka abhi bhai hai bhajwa unaka bhai hai lekin aaj kee taareekh mein kashmeeri jihadiyon ka kashmiri islamiston ka abbu hai. main aapako bata raha hoon yah bahut bada nexus hain. kashmir ko aap kashmir tak seemit mat rakhiye aur bjp ko north block ke jo. bahut koshish kar rahe hain jo kashmir ke andar vahan par ek sarkaar kisi bhi tarah se banane ke liye suniye. kashmiri jihadiyon kee nazar kashmir kee kashmiri jihadi jihad jo hain na vo dilli mein laal kille pe nazar hai. yah vohee nazar hai jo 14 august 1947 ko hindustaan ko todane mein aayi thi. aapane pichale sattar saal se 370 ke dvaara kashmeer ke andar chhota-mota taakatavar paakistaan banaaya tha ham doodh pila rahe the in saampon ko vahaan par abhee dekhen ek ke munh se jabaan nahin nikal rahee hai ek nahin bol paa raha hai ke faruq abdullah ke khilaaph. kyon? kyonki faruq abdullah. kyonki faruq abdullah aaj kee taareekh mein inaka sargana hai. main umeed karata hoon appeal karata hoon bharatiye parliament ko ki vo usaki jail mein mat daaliye usako hero ban jaayega kashmir mein vo. usko vahan pe parliament se usaki jo membership hai vo cancel kar dijiye treason ke naam pe. aap hindustaan ke parliament mein aisi awaaz nahin hone denge.,0
40:48 ,(ANCHOR), jab saansad shapat lete hain na toh vo shapat kya lete hain vo bhee ham dikhayenge. jab saansad shapat lete hai. aur ek saansad kee taraph se iss tarah ka bayaan kee dushman desh se haath milayegi 370 ko bahaal karayenge vo mai dikhaunga. maajid haidri. maajid haidri usake baad s p sinha. samay kam hai maajid haidri pehle aap boliye. maajid haidri maajid haidri pehle aap boliye.,0
41:10 ,(SPEAKER 4), teen baatein kahna chaahta hoon. peheli baat yah kee 370 ke vishay pe debate karana laash ko zinda karane vaali baat hain.  ,0
41:17 ,(ANCHOR), nahin nahin vo 370 pe nahin kar rahe hain. vo closed chapter hain. kisi kee himmat haisiyat aukaat kuch nahin hai ab 370 kee vapasi kee sir. closed chapter. main 370 pe baat nahin kar raha haanji sir.,1
41:27 ,(SPEAKER 4), 370 ke vishay pe debate karana laash ko zinda karane vaali baat hain. 370 vaapis nahin aa sakata.  ,0
41:31 ,(ANCHOR), bahut shaandaar. ,1
41:31 ,(SPEAKER 4), kyon nahin aa sakata pichle ek saal mein itane order nikal chuke hain kee ab 370 vaapis nahin aa sakata. ye jo koi bhi neta bol raha hai vo logon ko dhokha de raha hai peheli baat. doosaree baat babbar kaadree shaheed kee baat huyi thee. shaheed babbar kaadri ne shaheed hone se do din pehle police ko tweet kiya tha kee meri jaan ko khatra hai. jammu kashmir police ne ya bharat ki sarkaar ne usakee jaan ko bachaane ke liye kuch nahin kiya. teesaree cheej jo ham yahan par jis vishay par ham iss vakt ke baat kar rahe hain. hamare gaurav bhatia jee ne badi achchee baat kee kee panditon ko nikaal diya gaya bhaage badi problem huyi unakee. mujhe bata dein bhaajapa ne kashmiri panditon ke liye kya kiya. che varshon se inakee sarkaar hai kya kiya yah toh bol rahe hain ham afghanistan ke hinduon ko laake desh mei basayenge lekin kashmiri panditon ko kashmir mein basayenge. ,0
42:13 ,(ANCHOR), s p sinha. sir bhagaye nahin narsanhar hua tha kashmiri panditon ka. islamic jihadi jo hai na islamic jihadi bandook ke nok par unhone. jee jee jee jee jee ab chodiye na main usmein nahin jaana chaah raha s p sinha thirty second mujhe wind up karana hain. s p sinha 30 second. s p sinha 30 second mujhe wind up karana hai. s p sinha.,0
42:32 ,(SPEAKER 3), aman aman aman aman aman faruq abdullaah chief minister the 1990 mein aur unako disco dancer kaha jaata hai vah london mein dance kar rahe the jabaki poora jammu and kashmeer mein aag lagee huyi thee. main bolata hoon ki indian army ko kyon nahin bulaya gaya. jab hinduon par itana atyaachaar ho raha tha. yah log khaalee khaale mera kashmir mera kashmir karate hain yah pakistan ke agents hain. yah pakistan parasthi karate hain.,0
42:57 ,(ANCHOR), cheen bhee jod dijiye. ,1
42:57 ,(SPEAKER 3), yah pakistan ko support karate hain. inake m l a jammu and kashmir assembly mein pro pakistan slogan lagate hain. inako sabak sikhaane kee jaroorat hai aman. ,0
43:07 ,(ANCHOR), sir ab ab sirph pakistan ke agents nahin ab cheen ke bhee agent. aap shabd jod dijiye. shukriya aapaka sinha sahab haidri saahab mizgar sahab gaurav bhatia lekin jis cheej ka jikr abhee lalit nambaradaar kar rahe the ki saansad jo hota hai na ek saansad hai ek sanvidhaanik pad hai. saansad hain chunne huye saansad hain. purva mukhyamantree hai jab ek saansad shapath leta hain to kya shapath leta hai vah aapako dekhiye main vah kahata ki main samajh lijiye faruq abdullaah sahab shapath le rahe the jo lokasabha ka sadasy nirvaachit hua hoon ya huee hoon saty nishtha se pratigyaan karata hoon ki main vidhi dvaara sthaapit bhaarat ke sanvidhaan ke prati sachchee shraddha dhyaan se suniega ka shabd bhaarat ke sanvidhaan ke prati sachi shraddha aur nishtha rakhoonga bhaarat ke sanvidhaan ke prati sachchee shraddha aur nishtha rakhoonga main bhaarat kee samprabhuta aur akhandata akshun rakhunga. tatha jis path ko main grahan karane vaala hoon shabd bahut dhyaan se suniega jab ek saansad shapath leta hai to vo inn shabdon ko doharaata hai jis path ko main grahan karane vaala hoon usake kartavyon ka shraddha poorvak nirvahan karoonga sanvidhaan kee shapath lee jaatee hai sanvidhaan kee shapath lene vaale jab sanvidhaan dvaara paarit sanvidhaan dvaara manjooree die gae ek kaanoon ko pass karaya jaata 370 hataaya jaata hai to phir dushman desh kee madad se uss cheej kee bahaalee kee maang karana kya yah sanvaidhaanik hai aur saza kya hain. maafi maango abdullah taak thok ke dekh rahe the aap.,1
