timeStamp,speaker,text,label
02:18 ,(ANCHOR)," matalab seedha sa swaal rahega dangaiyo ko bachainge deshbhakti par jaanch bithaiyange hairaan ho jaayenge aaj ke baad dhyaan rakhiyega desh ke liye desh prem mei desh bhakti ke liye rashtrwaad ke liye koi tweet agar kar rahein hain to dhyaan se jaanch ho sakti hai aapake tweet ki. desh ke khilaaf kuch bhi boliye jaanch nahi hogi bharat tere tukde honge ki aazadi hai khalistaan zindabad ki azaadi hai haye haye modi mar jaa tu ki azaadi hai lekin haa deshprem ki azaadi nahi hai desh ki baat karne ki azaadi nahi hai. desh ke liye kuch kehne ki azaadi nahi hai mote shabdo mei kahun to desh bhakti ki azaadi nahi hai kyunki desh bhakti par to case hota hai. congress raaj mei deshbhakti ban hai. congress raaj mei deshbhakti ban hai matlab aap sochiye na desh mei reh kar koi desh ke khilaaf byaan de ya tweet kare to baat samajh mei aati haina ki bhai ho sakta hai desh ka dushman to nahi hai yah kahin ke desh ki khilaaf itni badi badi baatein bol raha hai lekin desh ki bhakti karne valo ki bhi ab jaanch hogi. kya hairaan ho jaayenge aap mujhe nahi bharosa hua mai kya debate jab mujhe khabar pta lagi mujhe nahi bharosa hua ki kaisey ho sakta hai yah. sachin tendulkar, lata ji, lata mangeshkar, akshay kumar inn logo ne rihanna gang antarrashatriye tukde tukde gang mia khalifa inko jawaab diya seedha bhi nahi balaki sirf bharat ki baat kari ki abhaye hamare angne mei aap mat boliye hamara apna mamala hai. desh ki baat kari bharat ki baat kari hairaan ho jaayenge isaki jaanch hogi maharashtra sarkar tweet ki jaanch karegi. sach aap nahi hoga kisiko bharosa magar yeh pukhta khabar hai. mujhe bhi nahi hua tha bharosa. sachin tendulkar ke tweet ki jaanch hogi ke unhone bharat ki baat kaise kardi deshbhakti ki baat kaise kardi deshprem ki baat kaise kardi unhe to mia khalifa ke saath khada hona chahiye tha rihanna gang ke saath khada hona chahiye tha matlab iss par bhi jaanch hogi tumane desh ka saath kyu diya. tum kaisey desh ke saath khade ho isaki jaanch hogi maharashtra mei kya ho rha hai. yeh kaunsi rajneeti hai kis taraf jaa rhe hai. krishi kanoonoono ko lekar rihanna mia khalifa greta thunberg ke darsal tweet par jo log chup the aaj unki awaaz nikli hai. maharashtra sarkar ne do bharat ratan sachin tendulkar lata mangeshkar ke bharat ka smarthan karne vale tweets ki jaanch ke aadesh de diye hai hairan kar dene vali khabar lekin congress ko aaina dikhana hai bahut zaroori debate ke doraan maharashtra sarkar ko aaina dikhana bahut zaroori ki yahi congress dangaiyon ko bacha rahi hai satar vakeel hire kiye gaye hai maharashtra sarkar ki taraf se matlab dangaiyon ko bachaainge aur deshbhakti par swaal uthainge. ab jaanch hogi ki desh ka saath kyu de rahe hain bhai. smita parkash ani ki editor live mere saath jud chuki hai. smita ji bahut bahut swagat hai aapaka mere saath arun bakshi hai. jaana pehchana chera hai bollywood ka actor hai. bakshi ji bahut bahut swagat hai aapka aur faruk khan hai senior lawyer hai aur manav adhikaro ko lekar awaaz hamesha se uthate rahe hai swagat hai aapaka faruk khan ji. sabse pehle arun bakshi ji aapake pass mai aaon. run bakshi chaliye mai aap hi ke pass aa rha hun. usake baad mai smita parkash aapake pass aaonga. arun bakshi ji soch samajh ke tweet kijiyega kyunki aap bhi rashtravadi hai thode desh bhakat hai kuch bhi tweet karenge soch samajh ke kijeyga aap maharashtra mei desh bhakti ban hai ",0
05:31 ,(SPEAKER 1), jab jab deshbhakti ka aata hai element aata hai to phir kuch dekha nahi jaata hai. yeh koi tweet yeh dusre yeh sab yeh log samajhte hai ke hindustaan ladoo hai uthake kha liya. arey deshbhakti ka element duniya ka sabse behtreen emotion hai bharat mata ki jai jab bolta hai jawaan to usake baad raungate khade ho jate hai bade bade dushman bhag jate hai yeh chavani chaap jo aate hai jin logo ne yeh tweet kiye hai. ek singer hai dusari porn worker hai bechari hai aur teesra ek teesri yeh thunberg jo hai yeh kya samajhte hai dekheye aap tweet kijiye kuch bhi kijeye lekin tweet ke saath hame agar aapki mansha aapka tool box aayega aapka dusra kuch aayaga pura plan out hoga ki ek din mei kya bolna hai dusre din kya bolna hai pura char hindustaan ko badnaam karenge. aaj duniya ke aaj sataavan muslim countries se are with india whole world is with india aur jo president hai president of united states mr joe biden unka aap bayaan dekhiye har taraf se hindustan ki taraf jaata hai lekin afsoos hai hum pakistan ko jeet sakte hai china ko jeet sakte hai lekin hamre hindustaan mei aisi takte hai aisi takte hai jo destablise karne mei lagi hai asafal prayatan kar rahi hai lekin.,0
06:58 ,(ANCHOR), bakshi ji bas thoda darke thoda sambhal ke kahi aap par bhi case ho jaaye. thoda darr kay thoda sambhal ke kyunki aap bhi raashtrvadi mode mei hai thoda desh bhakti mode mei hai par maharashtra mei to ban hai na yeh sab ,0
07:08 ,(SPEAKER 1), dekhiye sir vo jab tiranga ussake usne phenka tha tiranga hamare dil se puchiye hamara kya haal hua tha. dekhiye tiranga teen rang ka chola jis ko pehenake bharat bola har bharatvasi hai shola dushman samajh le jo mai bola. dil toota tha sir uss din bahut taqlif hui hai yeh kissan yeh dusra baad sab baad mei aate hai tiranga number one hai sir aur kuch nahi hai hindustaan ki aan baan shaan izzat jo hai vo hum sab milkar karenge we have got the fantastic panelist ani ki honest prime candid hai aap inn se puch ke dekhiye unn ke bhi jo tasurvraat honge vo bhi aisey hi honge agar koi tweet ke upar kuch dekhna chaahe yah proud kee lata ji aayi hai bahar ,0
07:57 ,(ANCHOR), kya galti kya galti smita ji. kya galti sachin ji ki lata ji ki kya galti kya unaki jaanch unaki tweet ki jaanch. achha mai aapake paass aaoo ek minute smita ji yeh samjhana bahut zaroori hai achha isako double standards aur hipocrisy ko aap bahut dhyan se samjhiyega anil deshmukh keh rahe hai kee bhai tweet ki jaanch hogi yeh sare tweet aap padhiye. jab desh ki tarif ki to to swaal uthaiye jaa rahe hai to to jaanch lekin niche dekhiye aap. darsal corona ke khillaf ladai kaisey maharashtra sarkar ne lagi virat kohli ne tweet kiya surya kumar yadav ne tweet kiya niche padhiyega surya kumar yadav ne tweet kiya zahir khan ne tweet kiya maharashtra police has stood by citizen through matlab aap aur phir inn teeno ko jawaab diya anil deshmukh ne bahut shukriya thank you lekin teeno ka tweet ki language. agar aap dekhe teeno ka tweet bilkul same hai padhiyega maharashtra police has stood by citizens through calamities attacks maharashtra police has stood by citizens through calamities attack. samajh rahe hai zahir khan ka tweet bilkul same ab teeno ke tweet par jawaab diya anil matlab jab khud ki taarif to to bahut khush ho gaye anil deshmukh sahab to to turant jawaab de diya lekin jab ye hi baat jab tamaam jo desh ne ek sur mein ek zubaan mein bharat ki baat kari lata ji ne sachin ne akshay kumar ne tamaam rashtravaadiyon ne purey hinudstaan ne matlab ek sau paintees crore logo ne to phir jo hai ab unke usaki jaanch ho rahi hai tweet ki mere saath Shahnawaz hussain bhi jud gaye hai lekin uss se pehle smita parkash kya galti sachin ki desh ki baat ki isaki jaanch smita ji.,0
09:36 ,(SPEAKER 2), galti matlab the word also na ki galti iss tweet ko lekar hum galat shabd matlab galati jo hai vo galat shabd hai. mumbai shehar vaisey dekhe to kitna khushnaseeb hai na ki vahaan lata mangeshkar jaisi kalakaar rehti hai vahaan sachin tendulkar jaise cricketer rehte hai jinhone apne hunar ke zariye apne har hunar hi nahi unnohne apne har shabd har karye ke zarriye bharat ka naam roshan kiya hai jinke har shabd har karye mei bharat ke prati garv chalakta hai aur unke liye hum shabd istamaal kar rahe hai galti lekin ussi vakt hum dekhe ki agar khushnaseeb hai mumbai to badnaseeb bhi hai ki vahaan aise raajneetikgya bhi rehte hai jinne har baat par sirf raajneeti dikhai deti hai aur uss rajneeti ke liye vo koi bhi shabd istemaal kar sakte hai unke liye their is no ideology sirf ek political game kismei mil sakta hai vahi dekhte hai aur vo kuch bhi kehne ko tayaar hai kuch bhi karne par utar aate hai iss liye unhone aise shabad isstemaal kiye hai. jaise ye congress ke jo aaj sachin sawant hai shayad unka naam unhone kaha kee jo tweets hai unmei ek shabd hai amicable amicable shabd jo hai vo common hai. i mean how can u even think like that ki amicable ek galat shabd hai aap kaise keh sakte hain aur agar unhone kaha bhi to kya kaha sunil shetty ho ya akshay kumar ho lata mangeshkar ho sachin tendulkar ho unakee tweets par agar aap ko aapatti hai to uss par aap tweets kijeye na lekin sarkari jaanch bhitana aur unhe bhaybheet karane ki koshish ye kha ki raajneeti hai. agar ek minute ke liye hum maan bhi le haan ki thik hai jaisey ke theek hai yeh sarkaar ke kisi pratinidhi ne shayad lata mangeshkar se request kiya ho ya  phir sunil shetty se request kiya ho ya akshay kumar se request kiya ho ki aap bharat ke prati apna support tweet kijiye to ussme kya galat kiya aap mere ko bataiye bharat ke bare mei kaha na bjp ke baare me to nahi tweet tha bharat ke baare mei agar koi positive tweet karna chaahe to iss mei galti kya hai unho ne kis political party ke bare mei kaha to mujhe yeh samajhme nahi aata ki yeh sachin par kehne ke liye ya phir lata mangeshkar ke deshbhakti par sawaal utthtaa hai ya phir yeh congress ke upardravi jo elements hai unn par sawaal utthtaa hai ki aap aisey baat par bhi aap raajneeti karenge its really funny actually.,0
12:07 ,(ANCHOR), shenawaz hussain aap ko bhi haseyspadh lagta hai ya bahut hi gambhir mamla nahi hai yah. matlab ye dangaaiyon ko to satar vakeel de diye punjab ki sarkar jin par danga pehlane ka aaroop hai punjab sarkar tax payers ke paise se satar vakeelo ko hire kar rahi hai dangaaiyon ko bachaangey lekin yahan desh bhakti par jaanch bithangaye ab darr lagega bhai raashtrawadi tweet ya desh bhakti kuch bhi tweet karne se pehle darr lagega ki kahi case ho jayega shenawaz hussain ,0
12:36 ,(SPEAKER 3), jo log choorassi ke dange mei khud dangayi rahe hai aur jinno ne dange ka naitritav kiya hai vo log kya kar sakte hain unke bare mei punjab ke logo kee rai alag hua karti thi aaj bhi alag hai lekin vahaan sarakar bann gayi hai congressayi ki sarkar nahi hai congress amrinder sarkar hai vo congress a hai aur vha jo sarkar bann gayi hai vo sarakar bhi puri tarah issi kam mei lagi hai unko sattar vakeel chahiye jinhone bharat ke tirange ka apmaan kiya lal qila ki prachir lal qila banaya ho kisi ne lekin vo bharat ki azaadi ke baad pehli baar jhanda vaha pheraya gaya tha vha par jaa kar jin logo ne upardav kiya unka saath denge inko jawaab mila hai inko desh bhakto par jo mulk se mohabbat karne vale log hai un par sawaal uthane ka haq mil jata hai yeh ek shabd nahi bolte jab koi videshi hamare androoni mamle mei dakhal dene ka kaam karta hai inhone aisa aisa aisa tweet kiya hai bhid tum bade chalo karke ke puri duniya mei lag rha hai jaisey purey hindustaan mei kissan sadak par hai. do jagah ya teen jagah agar dharna chal rha hai iss ka matlab pura hindustaan hai koi bhi kanoon banta hai to jantar mantar par uss kanoon ke virodh mein ,0
13:58 ,(ANCHOR), acha shenawaz hussain aap logo ne hi kaha tha  tweet karne ke liye yah to bata dijiye,0
13:59 ,(SPEAKER 3), saalo saal baithey hote hai vo kya karein desh kaisey chalega ,0
14:04 ,(ANCHOR), yeh tweet karne ke liye aap logo ne kha tha,0
14:04 ,(SPEAKER 3), dekhiye koi dekhiye jo smita ji ne dekhiye smita ji ne sahi kha yeh koi bjp ke liye nahi hai apne mulk ke liye hai jo mulk ke liye karna ho na mujhe mulk ke liye kya karna hai yeh aap nahi kahenge mujhe aapako mulk ke liye kya karna hai vo koi aur aapako nahi khahega jo deshprem karta hai bharat se mohabbat karta hai bharat duniya ki badi aarthik taakat bann rha hai bharat vishv guru ban rha hai poore duniya mei coronavirus se ladte hue bharat kee ek badi pehchaan saaf bani hai,0
14:35 ,(ANCHOR), mai keh rha hu kaha bhi to galat nahin. accha chaliye nahi nahi aap samjhe nahi mera sawaal jo smita ji ne kaha vo bilkul theek kaha. shenawaz hussain jo smita ji ne kaha bilkul theek kaha kee chaliye unka aarop maan bhi lete hai ki kaha aur kaha bhi to kya galat kaha bhai desh ki baat karna agar bahari taakate hai agar iss tarah ke log hai jo india ko dent kar rhe hai to agar ek zubaan mei sab bol rahe hai to bhi galat nahi kha bass mai jannana chaah raha tha kya kaha tha ya itefaq tha ki saare ek saath kar rahe the ,0
15:00 ,(SPEAKER 3), ji ji ji nahi nahi hamane suniye suniye ek dum nahi kaha aap unko itna kam mat aankiye bharat ratna hai vo jo bharat ratna hai unpar ungli utha rahe hai ab vo upa ke neta jin ke raaj me sachin tendulkar ko bharat ratan mila aaj vahi unka putla jala rahe hai yeh log iss baat se naraz hai ki vo bharat ke paksh mei kyu bol rhe hai to kis ke paksh mei boleynge iss tarah ki baat se bahut zyade poore mulk ke andar gamm gussa hai kee agar desh bharat ratan kuch likhe uss par bhee inase pooch kar likhiye.,0
15:36 ,(ANCHOR), theek hai. matlab congress raj mein desh bhakti ban hai. congress raaj mein desh bhakti ban hai. ,0
15:43 ,(SPEAKER 3), aise logon ke certificate kee zarurat nahin hai.,0
15:45 ,(ANCHOR), acha smita ji kuch kahana chaah rahi hain. smita ji aap boliye kyonki congress ke neta manpreet singh sandhu bhee hain vo bhee mere saath live jud gaye hain. main manpreet jee ke paas jaunga. kuch aap kahana chaah rahi hain smita ji.,0
15:56 ,(SPEAKER 2), jee.bas ek ek chhota sa point tha kee jab manmohan singh america gaye the aur vo nuclear deal sign karane ke liye to uss vakt there was a lot of opposition to the nuclear deal unakee hee party se aur opposition se uss vakt congress party ke kuch log unhone jaa ke na bjp se aur baki jaisey brijesh mishra hai baki se baat ki baaki partyion se baat ki aur kaha ki yeh bharat ke liye it will be a good thing toh aap please support kijiye aap statements dijiye peeche se nahi seedha openly support kijiye kyunki yeh bharat ke hitt mei hai to sabhi parties jo hai unhone there were many people jinko party line jo tha vo nuclear deal ke khilaaf tha lekin vo party ke upar uthh kar unhone nuclear deal ko support kiya congress ki government thi lekin bjp ke bahut se neta the jo jinone party line se hatt kar support kiya nuclear deal ko. kyon kyunki yeh bharat ke hitt mei tha toh i i just want to say ki there are certain things which are beyond party.,0
17:01 ,(ANCHOR), bilkul theek hai. bilkul theek. ,1
17:05 ,(SPEAKER 2), bharat ka hitt hai bharat ke barre mei agar bolna hai to kya aap sochte hai ki lata mangeshkar kisi ke dabaav mei aaiyengi ,0
17:07 ,(ANCHOR), bilkul theek jab baat bharat kee hogi to bhai har koi azaad hai na abhivyakti ki azaadi sirf desh droh ke liye thodi na hoti hai abhivyakti ki azaadi jab freedom of speech and expression jab kaha jata hai abhivyakti ki azaadi ki baat ki jati hai to abhivyakti ki azaadi sirf desh droh ke liye hoti hai kya. ki tukde tukde narebazzi hogi to abhivyakti ki azzadi me laga diye bhai matlab ki aap bole khalistaan zindabaad chaliye abhivyakti ki azzadi hai bhai. haye haye modi marr ja tu chaliye abhivyakti ki azaadi hai bhai matlab desh droh ke liye hi hoti hai abhivyakti ki azaadi bharat ki baat karne ke liye abhivyakti ki azaadi nahi hoti kya. manpreet singh sandhu sahab hai congress ke neta manpreet ji pehle to mai samajhna chahunga aapase ki kya jaanch hogi achha manpreet ji ka shayad connection awaaz nahi pahunch paa rahi hai. kamlesh ji agar aap bata de shivsena se bhi jud gaye hai kamlesh ji kya jaanch karenge kamlesh ji sachin ki desh bhakti ki jaanch sachin ki tweet ki jaanch kya jaanch kya pta karenge kamlesh. ,1
18:06 ,(SPEAKER 4), dekhiye sachin tendulkar ke desh bhakti par koi sawal nahi uthata hai sachin tendulkar iss desh ke sabase best player rahe hai cricket ke aur log unko sammaan se naujawaan bhi dekhta hai jaanch jo tweet kiya hai vo keh rhe hai hamne nahi kiya hai koi kehta hai unhone kiya hai jo kissano ke virodh mei baaten huyi hai usase narazagi maharashtra ke kissano mei hai ,0
18:32 ,(ANCHOR), nahi ye sachin ne tweet nahi kiya hai yeh kisane kaha hai aapako ,0
18:34 ,(SPEAKER 4), aur sachin tendulkar ek player hai ,0
18:39 ,(ANCHOR), nahi aapane kaha koi kehta hai unhone kiya hai. koi kehta hai unhone nahi kiya ,0
18:41 ,(SPEAKER 4), aur sachin tendulkar ka sammaan purey india mei hai ,0
18:44 ,(ANCHOR), nahi nahi sachin ne tweet nahi kiya hai yeh kisane kaha hai ,0
18:47 ,(SPEAKER 4), unhi ke logo ne kaha hai ,0
18:52 ,(ANCHOR), unhi ke logo ne kya kaha ki yeh sachin ne tweet nahi kiya hai unka hack ho gya tha account ,0
18:57 ,(SPEAKER 4), jo tweet bhi kiye honge aap yeh btayiye ke jo border pe baithe huye kisaan hai vo desh drohi hain.,0
19:05 ,(ANCHOR), nahi nahi nahi aapne kaha hai ki yeh unhone tweet nahi kiya aap agar mai aap shivsena ke adhikarik pravakta hai aur ek minute rukiye na ek minute rukiye aapane kaha kuch log keh rhe hain unhone kiya kuch log keh rhe hain unhone nahi kiya toh kisne kiya yeh tweet aap ke hissab se sachin ne nahi kiya yeh tweet ,0
19:24 ,(SPEAKER 4), actually unko unko agar unhone kiya bhi hoga ,0
19:30 ,(ANCHOR), kiya bhi hoga unhone kiya ni kiya hai aap ko yeh doubt hai ki unhone nahi kiya yeh bhi aap ko doubt hai ,0
19:33 ,(SPEAKER 4), aman ji aman ji ,0
19:37 ,(ANCHOR), aap ko yeh doubt hai ki ho sakta hai unhone yeh tweet nahi bhi kiya ho,0
19:39 ,(SPEAKER 4), maan lijiye unhone kiya agar kiya ,0
19:41 ,(ANCHOR), pehle nahi pehle manniye nahi nahi aap aisey nahi mere dabaav mei nahi kya unhone tweet unhone tweet ho sakta hai nahi bhi kiya iss ka bhi aap ko shak hai ,0
19:49 ,(SPEAKER 4), vahi mai keh rha hu agar unhone kiya to nahi karna chahiye ,0
19:51 ,(ANCHOR), agar matlab ,0
19:53 ,(SPEAKER 4), nahi nahi karna chahiye agar kiya to nahi karna chahiye ,0
19:55 ,(ANCHOR), theek hai aap ko lagta hai yeh tweet nahi karna chhahiye tha sachin ko ,0
19:59 ,(SPEAKER 4), iss desh ke ann daata hai aur lakho log hai ji nahi karna chhahiye ,0
20:03 ,(ANCHOR), accha unko yeh tweet hi nahi karna chhahiye tha sachin ko accha unko rihanna bhakti karni chhahiye thi mia bhakti karni chhahiye thi smita prakash kuch keh rahi hai smita boliye kya keh rahi hai aap smita ji ,0
20:14 ,(SPEAKER 2), nahi nahi unka yeh yeh pravakta kaisey keh rhe hai ki yeh unka vishey nahi tha. bharat ke baare mei tweet karna unka vishey nahi tha to kya ek minute aap bataiye mujhe ki agar sharad pawar ji agar cricket ke baare mei tweet karte to vo theek hai. vo agriculture minister the lekin cricket ke baare mei tweet kar sakte hai balthakre jo hai vo tweet kar sakte hai ya tweet nahi vo article likhte the cartoon banate the bollywood ke baare mei vo actor to nahi the to yah kaunsa domain specific tweets to nahi hota tha na agar tweet kare to sirf apne domain ke baare mei kare ,0
20:48 ,(ANCHOR), nahi nahi smita ji yeh thodi na tay karenge kaun kya tweet karega kon nahi karega yeh kaun hai. yeh thodi na tay karenge kamlesh ji aap thodi naa tay karenge ya aap batayenge kya tweet karna hai kya nahi tweet karna hai. accha unko nahi tweet karna chhahiye tha to aap ne jaanch bitha di aap ye keh rahe hai aap tay karenge kya tweet karenge sachin kya nahi karenge kamlesh ji ,1
21:09 ,(SPEAKER 4), hum nahi tay karenge lekin sachin ka sammaaan hamare dil mei bhi hai purey desh ke ladko purey desh ke naujawaano ke dil mei bhi hai ,0
21:17 ,(ANCHOR), ek minute pehle to tay kareye aap rihanna ke saath hai sachin ke saath hai nahin nahi aap rihanna ke saath hai mia khalifa ke saath hai ya desh ke saath hai ,0
21:26 ,(SPEAKER 4), unako janakaaree nahi hai kisaano ke bare mei jo kisaan hai unke bare mei jaankaari nahi hai isiliye unko unn chizo se door rehna chahiye aisi hamari sallah hai hum unka adhikar hai vo jo karna hai kar sake lekin aaj jo iss desh ke ann daata hai sarhad par jo durvyavhaar ho rha hai sattar din se baithey hai unn kissano ke bare mei soch samajh kar tweet karna chhahiye mera kehna itna sa hai,0
21:50 ,(ANCHOR), arun bakshi ji kuch kehna chaah rahe hai arun bakshi ji boliye arun bakshi ji ,0
21:54 ,(SPEAKER 1), arey shivsena vale baba kaisi baat kar rahe ho aisi baatein karke aap shivsena ko lagataar chota kar rahe ho it use to be one of the bestest party aisi baatein mat kijiye gol-gol he is sachin tendulkar one of the bestest player in the world aap unake baare mei aisi baat kar rahe ho kyu aisa kar rahe ho yeh aap ka agenda nahi ho sakta yeh shivsena ka agenda nahi ho sakta yeh aap ki personal fumbling hai yeh aap ki personal fumbling hai ,0
22:22 ,(ANCHOR), nahi nahi arun ji aap samjhe nahi nahi nahi arun ji aap samjhe nahin vo nahi hai vo nahi hai vo nahi hai arun ji vo nahi hai suniye naa vo ab kehte hai na sonia se na matoshree nahi matashree vo vo vala dabav hai gaddi bachani hai ya samjhte nahi hai aap sarkar bhi to bachhani hai sarkar bhi to bachani hai samajhye na congress ka bhi pressure hai congress ka hi pressure hai vo sarkar bachhani hai gaddi bachaani hai sonia sena maturshree  matashree vo vala dabav hai aap sab hai na kamlesh ji apne upar kyu tohmat le rahe hai congress ki ,1
22:52 ,(SPEAKER 4), aman aap jis shabdo ka prayog kar rahe hai jin shabdo ka prayog kar rahe hai agar mai karu to aap kahoge aap aaj badtameezi par utar aaye ,0
22:59 ,(ANCHOR), nahi nahi maine kya kaha hai. kya kaunsi badatmeezi maine kar di ,0
23:02 ,(SPEAKER 4), aap aap shivsena aapne aapne matoshree ko matashree matashree matlab kya aap bta rahe hai batana chaah rahe hai ,0
23:11 ,(ANCHOR), mai to bol rha hu sonia sena mai to sonia sena keh rha hu ,0
23:13 ,(SPEAKER 4), shivsena hamesha unko sammaan di hai ,0
23:14 ,(ANCHOR), mai to sonia sena keh rha hu ,0
23:16 ,(SPEAKER 4), hamesha unko sammaan diye hai purey shivsenik hamesha unko sammaan diye hai lekin aaj kisano ke mudde pe garibo ke muddey pe berozgari ke mudde pe  agar bhartiya janta party ke chatukarta karenge jaisey aap kar rhe ho to ,0
23:32 ,(ANCHOR), arrey desh ki chatukarta kareye kamlesh ji sachin tendulkar ne desh ki baat kari thi aur desh ki baat karne ke liye aapase permission nahi lenge vo  desh ki baat karne ke liye aap se permission nahi lega koi. yeh aap nahi tay karenge kya bolna hai kya nahi bolna hai kamlesh ji desh kee baat karane ke liye vo cricket ke hai to desh ki baat nahi kar sakte vo ,1
23:49 ,(SPEAKER 4), jo kissan baithey hai ,0
23:53 ,(ANCHOR), to desh ki baat desh ki baat cricketer nahi kar sakta bharat ratan hai vo sir vo bharat ratan hai. vo bharat ratan hai bharat kee baat nahin karenge. hain jee. ,0
24:07 ,(SPEAKER 4), nahi bharat ratan hai vo theek hai lekin jo kissan vahaan baithe hai vo kya pakistan ke hai ,0
24:12 ,(ANCHOR), to unhone kissan virodh mei thodi na likha hai ,0
24:13 ,(SPEAKER 4), kahaan ke hai ,0
24:13 ,(ANCHOR), unhone kissano ke khilaaf likha hai. sachin kisaan virodhi lag rahe hai aapako aap sachin ko kissan virodhi keh rahe hai aap aap ke liye aap ke liye mai batau ab aap ke liye mai khulkar ek baat bolu ab phir mai aagey badunga aapake liye kamlesh rai ji aapake liye ,0
24:34 ,(SPEAKER 4), desh ke ann daata ke bare mei nahi soch rhe ho sochna chahiye na ,0
24:34 ,(ANCHOR), nahi aap ke liye sun lijiye kamlesh ji mai samajh gaya mai samajh gaya kamlesh ji ,0
24:40 ,(SPEAKER 4), kyun nahi usake bare mei aap bolte ,0
24:41 ,(ANCHOR), chaliye chaliye theek hai mai mai mai manpreet ji ke pass jaa rha hu aapake liye darasal mia khalifa bharat ratan ho gayi hai aur rihanna jo hai assal kisaan neta ho gaye hai aur sachin tendulkar kisaan virodhi ho gaye lata ji kisaan virodhi ho gayi aur aapake liye mia khalifa bharat ratan aur rihanna asal kisaan neta ho gaye. aap log kha jaa rahe hai aap ko inn par bharosa mia khalifa aur rihanna par aur sachin par aap ko bharosa nahi hai aur lata ji par aap ko bharosa nahi hai yeh log kisaan ke virodh mei baat karenge hadd ho gayi hadd kamlesh ji gaddi bachane ke liye kahaan tak jayenge sarkar itni zaroori bhaiya ke desh matlab desh virodh kabool. chaliye theek hai manpreet ji mere saath jud gaye hai manpreet ji congress party se hai manpreet ji hai,1
25:26 ,(SPEAKER 4), kissano par hame bharosa hai aur unke liye hum ladenge ,0
25:26 ,(ANCHOR), theek hai manpreet aur faruq khan ,0
25:30 ,(SPEAKER 4), kisaano ke saath puri shivsena khadi hai ,0
25:31 ,(ANCHOR), chaliye manpreet ji aur faruq khan aap dono ke pass mai aa rha hu pehle manpreet kyunki congress ke neta hai vo manpreet ji congress raj mei deshbhakti par matlab deshbhakti ban hai matlab log likh rahe hai aap socho congress desh mei aa gayi to to saare deshbhakat jail mei honge phir ,0
25:49 ,(SPEAKER 5), aman pehle to mai aapako yeh kehna chahta hu ki kum se kum congress ko desh bhakti ka paath mat padhaiye please aap se request hai. jis congress party ne azaadi ki ladaii se lad ke aaj tak iss desh ke liye har cheez kari hai har din ,0
26:06 ,(ANCHOR), haa desh ke tukde karva diye,1
26:07 ,(SPEAKER 5), desh bhakti se yaar aman agar ,0
26:12 ,(ANCHOR), ji boliye boliye aap boliye ,0
26:12 ,(SPEAKER 5), interupt aisey fazool mei bolna haina toh i will not i will not speak ,0
26:18 ,(ANCHOR), boliye boliye manpreet ji aap boliye ,0
26:18 ,(SPEAKER 5), mujhe aap jaisey interupt kar rahe hai this is very very bad ,0
26:22 ,(ANCHOR), nahi nahi bilkul nahi inn ka timer chalaiye,0
26:23 ,(SPEAKER 5), learn some manners atleast please ,0
26:26 ,(ANCHOR), inka timer chalaiye manpreet ji ka aur pura ek minute tak vo bolenge boliye manpreet ji ,0
26:29 ,(SPEAKER 5), beech mei nahi bolna haa ,0
26:33,(ANCHOR), ji ji,0
26:33 ,(SPEAKER 5), mai aap se bahut namrata se keh rha hu ki congress ko desh bhakti ka paath mat padhaiye theek hai aur khaas tore par jaisey aap bjp ke pravakta ban kar baat kar rahe hai na jo rss se backed hai hame mat padaiye aur aap bhi apna narrative thoda sa sahi rakhiye thoda sa iss mei shalinta layiye ,0
26:55 ,(ANCHOR), dekhiye aap mujhe bolenge phir jwaab dena padega na ,0
26:55 ,(SPEAKER 5), jo aap bol rahe hai ,0
26:58 ,(ANCHOR), aap kahenge matt tokiye ab aap mujhe bol rahe hai mai jawaab de du aap deshbakto ko bhajpaiyee kehte hai ,0
27:03 ,(SPEAKER 5), aap mujhe jawaab dena. let me complete ,0
27:03 ,(ANCHOR), aap desh bhakto ko bhajpaiyee kahate hai. pura desh bjp ka thodi na hai pura desh ek sau paintees crore desh bhakat hai sare bhajpaiyee ho gaye ek sau paintees crore desh bhakat hai sare bhajpaiyee ho jayenge. sir main bhee rashtravaadi toh mai bhajpaiyee. ,0
27:18 ,(SPEAKER 5), problem hi yeh hai kee aap kisi ki baat sunna hi nahin chaahte. ek minute.,0
27:20 ,(ANCHOR), manpreet ji nahi aap mere par comment kar rahe the issiliye main jawaab de raha tha mai beech mei nahi bolta aapake main beech mei nahi bolta aap boliye manpreet ji topic par haan sachin ki kya jaanch hogi ,0
27:31 ,(SPEAKER 5), the problem with you people is you dont want to listen to anybody ,0
27:34 ,(ANCHOR), arrey sir mujhe bolenge to jawaab dena padega na topic par rahiye na manpreet ji ,0
27:37 ,(SPEAKER 5), mann ki baat sunana chahte hai ,0
27:37 ,(ANCHOR), mujhe mat boliye topic par. theek hai manpreet ji sachin ki kya jaanch karenge ,0
27:43 ,(SPEAKER 5), pehle sunnn na to sikhiye thoda sa patience rakhiye ,0
27:43 ,(ANCHOR), dekhiye batti gul ho gayi,0
27:46 ,(SPEAKER 5), itni bhi kya aag lagi hai patience se baat kariye,0
27:46 ,(ANCHOR), dekhiye batti gul ho gayi sachin ji boliye na haan aa gayi light aa gayi boliye sachin ji sachin ki kya jaanch karenge,0
28:01 ,(SPEAKER 5), pehle to jo mai bol rha hu usako mere ko complete karne dijiye aapane hashtag chala rakha hai congress against desh bhakati and something like that kuch to kuch to apna narrative theek rakhiye ,0
28:07 ,(ANCHOR), kyon sachin desh bhakat nahi hai ,0
28:07 ,(SPEAKER 5), kuch toh narrative theek rakhiye kuch toh insaniyat ki insaniyat ki baat kijiye aap congress ko desh bhakto aa desh drohi batana shuru kar diya hai aapane kisaan baithe hai kissano ko desh drohi bata rahe hai jo koi agar koi iss sarkar se bhajapa se rss se agar koi bhi insaan utth ke sawaal pooch leta hai to aap usako desh drohi kehna shuru kar dete hai kamaal hai yaar iss desh mei ek sau tees crore log rehte hai aapako jo aapase sawaal karta hai aap ussako desh drohi samajhna shuru kar dete hai. apana narrative set kijiye apna narrative theek kijiye yeh sahi nahi hai aapke liye aap asal mei desh ko aap baant rahe hai vibhajan ki neeti zee media bhi kar raha hai isako thoda sa sahaj se rakhiye yeh hamari aapase sallah hai aap se vinti hai ,0
28:55 ,(ANCHOR), ab itna bada swaal itna bada aarop lagayenge jawaab nahi dunga ,0
29:02 ,(SPEAKER 5), agar aap vir sawarkar ki propogation karenge ke bhaiya jo jo jis ne sau baar chithi likhkar maafi maangi thi angrezo se agar aapako vo desh bhakat lagenge to hum isamein kya kah sakte hain,0
29:12 ,(ANCHOR), vir sawarkar acha vir sawarkar kee baat karenge na suniye na ,0
29:15 ,(SPEAKER 5), aur jiss congress ne azaadi ki ladaee ladi hai juss congress ne azaadi kee ladaee hai uss samein bjp kahan thee ,0
29:19 ,(ANCHOR), aap chod dijiye na manpreet ji na aap uss lehze mei jayenge na vir sawarkar ke paer ke nakhoon bhi nahi hai aap log. vir sawarkar kr paer ke nakhoon bhi nahi hai aap log. jante hai kaun hai vir sawarkar vir sawarkar ki baat kar rahe hai chodiye na aap uss taraf mat jayiye debate ki mujhe sachin ki baat kariye. ek minute ruk jaiye main topic par rahunga nahi mai debate nahi hounga mai idhar udhar nahi bhatkunga mai topic par rahunga manpreet ji sachin ki kya jaanch karenge sachin sachin sachin sachin ki kya jaanch karenge ,1
29:45 ,(SPEAKER 5), thoda sa theek kijiye thoda sa thoda sa shaleenta se kaam karna shuru kijiye aap desh ko baant rahe hai ,0
29:53 ,(ANCHOR), arrey darr kyu rahe hai sawaalo se poochne to dijiye ,0
29:56 ,(SPEAKER 5), hum koi darr nahi rahe humein koi darr nahi hai ,0
29:58 ,(ANCHOR), sachin ki kya jaanch kareynge sachin se kya dikkat sachin se kya jaanch karayenge ,0
30:04 ,(SPEAKER 5), aap log ek minute aap pehle meri baat suniye aap ye narrative break up kar rahe hain. ,0
30:08 ,(ANCHOR), arrey manpreet ji aap rally karane thodi na aaye hain chunaavee. yeh cwc kee baithak nahin chal rahee hai jo aap ek tarafa bolate rahenge sawaal poochunga main aapase sachin kee kya jaanch karayenge. sachin kee kya jaanch karayenge lata jee se kya dikkat. chalo ho gaya chalo ho gya ab mai swaal pooch lu manpreet ji aagey sawaal pooch lu aap mia khalifa sangraksh samiti ke karyakari sadasyay ho lag rahe hai mere ko khair chodiye mai uss taraf nahin jaa rha hu mujhe aap yeh batayiye sachin ki kya jaanch karayenge bas sachin ki kya jaanch karayenge mujhe sachin se matlab hai mujhe lata ji se matlab hai aapane unn par sawaal uthaya hai unki kya jaanch karayenge manpreet ji ,1
30:47 ,(SPEAKER 5), dekhiye suniye aap jo maine padha aapaki statement suni hai maharashtra ke jo home minister ne statement di hai. suniye na to koi sachin tendulkar ki jaanch karvayega na koi lata mangeshkar ki karvayega yeh yeh aap galat interpetation kar rahe honge jo maine suna hai. dekhiye unaki individual koi jaanch nahi hai ismei yeh unhone jo agar bola hai to jo mai samajh raha hu vo yeh samajh raha hu ki yeh jo jaisey tweets chal rahe hai aaj kal bahut si piracy chal rahi hai hacking chal rahi hai kya yeh tweets ek hi baar mei kyu aaye teen mahine se koi tweet nahi aaya aur usake baad ek ek dum se kuch hi personality ke tweets ek dum se ikhatey aa gaye ,0
31:28 ,(ANCHOR), toh account hack ho sakte hai ,0
31:29 ,(SPEAKER 5), aur language bhi same hai takreeban ek minute ek minute chup to kariye suniye. agar aapane swaal pochha hai to jwaab nahi chahiye indiviually na to koi sachin tendulkar par ungali uthha raha hai na koi lata ji par utthha raha hai inke koi doubt nahi hai kissi ko inki desh bhakti pe bhi koi doubt nahi hona chahiye as an individual mai bol raha hu ,0
31:47 ,(ANCHOR), achha ek swaal manpreet ji ek swaal puchlu ek swaal puchlu manpreet ji ,0
31:51 ,(SPEAKER 5), ek minute yeh jo electronic electronic social media hai iss mei kahi na kahi discrepancy hai ya nahi iss ki jaanch ho rahi ho sakti hai jo main samajh raha hoon,0
31:59 ,(ANCHOR), theek hai theek hai matalab ek cheez bataiye innake ek saath tweet aa gaye to iss ki jaanch ho rahi hai ,0
32:06 ,(SPEAKER 3), aapaka debate hack kar liya inhone congress valo ne aapaka debate hack kar liya hai ,0
32:07 ,(ANCHOR), rihanna mia aur inn ke bhi to ek saath aa gaye the uss par nahi shak hua yeh koi antarashtriye innke bhi ek saath aaye the rihanna ke mia ke greta ke sabake ek saath aaye the uss par nahi shak hua sachin par shak ho gya rihanna par nahi hua rihanna mia greta sabake ek saath aaye the nahi unn par aapako shaq hua tha,0
32:26 ,(SPEAKER 5), nahi aap galat kyu soch rahe hai ,0
32:28 ,(ANCHOR), aap ko shaq hua tha uss par ,0
32:28 ,(SPEAKER 5), aap unki jaanch kijiye ,0
32:29 ,(ANCHOR), aap ko shaq hua tha uss par ,0
32:31 ,(SPEAKER 5), to government of india mei control aapaka hai ek baar suniye to sahi na,0
32:35 ,(ANCHOR), yeh to conspiracy ho sakti hai na ,0
32:35 ,(SPEAKER 5), agar agar authority kiss ki hai government of india ki authority hai na investigate kare,0
32:41 ,(ANCHOR), conspiracy lagti hai aapako,0
32:42 ,(SPEAKER 5), kaun rok rha hai ,0
32:43 ,(ANCHOR), nahin nahin dekhiye nahin nahin ek minute ek minute ,0
32:44 ,(SPEAKER 5), main kehta hu ji aap check kijiye ,0
32:46 ,(ANCHOR), manpreet manpreet manpreet ek minute manpreet manpreet manpreet manpreet dekhiye na manpreet mai aapaki baat ko aage bada raha hu bahut sahi keh rahe hai ,1
32:53 ,(SPEAKER 5), government of india government of india ko investigate karna chahiye uss mei kaun rok raha hai unko ,0
32:57 ,(ANCHOR), chaliye manpreet dekhiye manpreet dekhiye dekhiye na please samajhiye ek cheez hai mai aap ke saath hu aapane kaha sachin akshay kumar lata ji sab ke tweet ek saath aaye to iss ki jaanch iss wajah se ki achanaq se kaisey theek hai na lekin aisey hi rihanna mia greta west se saare ek saath aaye the to yeh kabhi conspiracy aapako lagi antarashtriya tukde tukde gang ki conspiracy kabhi lagi aapako ,1
33:18 ,(SPEAKER 5), sir aap ye inter ye agar international international kee jurisdiction jo hai vo government of india ki hai to investigate kar lijiye kon rok raha hai. ,0
33:26 ,(ANCHOR), nahi to aapko rihanna par shaq nahi hoga sachin par shaq hua hai ,0
33:29 ,(SPEAKER 5), lekin aap log nahi aap log ek minute yaar main kah raha hoon invetigate kijiye aap keh rahe hai shaq nahi hua ,0
33:33 ,(ANCHOR), arrey kya investigation aap sachin ko investigate karenge. sachin ke tweet  investigate karenge hadd ho gayi ,1
33:38 ,(SPEAKER 5), kijiye na aap aap mia khalifa ko bhi kijiye greta thunberg ko bhi kijiye kareye to sahi lekin aap nahi karenge suniye hum,0
33:45 ,(ANCHOR), nahi galat congress party dharne par baith jayegi mia khalifa ke tweet ki jaanch ho gayi to galat keh rahe hai aap faruq khan mai aap ke pass ja raha hu,1
33:53 ,(SPEAKER 5), let me complete let me complete you are not letting me complete,0
33:53 ,(ANCHOR), congress party dharne par baith jayegi agar mia khalifa ke tweet ki jaanch ho gayi rihanna ke khilaaf ek shabd nahi sun sakti congress party faruq khan ke paas mujhe jana hai bahut der se wait kar rahe hai maafi ke saath faruq khan aap ke paas aa raha hu ,1
34:07 ,(SPEAKER 5), mai aapake tv par keh rha hu ki aap investigate kijiye na greta thunberg ko bhi kijiye mia khalifa ko bhi kijiye kyu nahi karte aap aap log nahi karenge ,0
34:15 ,(ANCHOR), sir sir mai keh raha hu unse sir ek minute  ek minute ek minute mai faruq khan ke pass unke shenawaz hussain aur smita prakash aur arun bakshi  ji mai aap ke pass aaonga  pehle ek baar faruq khan ka comment bahut zaroori hai faruq khan abhivyakti ki azaadi sirf desh droh ke liye hai deshbhakti ke liye nahi hai kya ,0
34:27 ,(SPEAKER 5), arrey mazaq bna diya hai. ,0
34:29 ,(ANCHOR), faruq khan ,0
34:30 ,(SPEAKER 6), pehle to aapka bahut dhanyvaad kee chaliye aadhe ghante mei aapko hamari yaad aa gayi ,0
34:34 ,(ANCHOR), mai maafi ke saath faruq bhai maafi ke saath faruq bhai ,0
34:37 ,(SPEAKER 6), bahut dhanyvaad aapka nahi nahi koi baat nahi nahi nahi aman bhai dekhiye isake do pehlu hai mujhe bas zara ek ded minute dijiyega main apni poori baat complete isake do pehlu hain jahaan tak yeh baat hai kisi ke tweet ki jaanch karane ki mai abhi congress shivsena bhajpa smita ji sab ki baatein sun raha tha to pehli baat to yeh hai ki yeh baat kehna ki inn logo ne tweet kiya ya nahi kiya iss ki jaanch ho rahi hai to mujhe zara yeh hasyapad lagta hai kyunki yeh agar kisika twitter account ya facebook account hack hua hai to yeh lata ji yah sachin sahab ya jin logo ne bhi kiya hai vo chahey bjp ke liya kiya ho ya kissi uss se mera matlab nahi hai yeh complaint vo karenge cyber ko cyber police ko ki bhai mera twitter hack hua hai government ya koi bhi government jo hai vo yeh nahi le sakti hai inference kee chunki ek saath tweet aaye hain to inka account hack kiya gaya hai ab kya jaanch hai terms of reference kya hai uss investigation ka yeh to aane ke baad hi pata chal payega dusri baat badi important aman bhai yeh hai ki maine sabki baatein sun raha tha dekhiye kaise hum log bade bade muddhe se bhatak ke choti choti baaton pe ajaate hai rihanna ne kya kiya greta ne kya kiya mia khalifa ne kya kiya kya hindustaan se tweet aaye yeh yeh yeh bahut zyada relevant nahi hai mujhe nahi lagta ki yeh relevant hai sachin tendulkar sahab ho lata ji ho akshay kumar sahab ho sab ko agar yeh log jaise smita ji ki baat se mai sehmat hu agar bhajpa ne bhi kaha inase ki aap tweet kijiye bharat ke samarthan mei to yeh desh ke nagrik hai aur yeh samarthan kar sakte hai koi isse burayi bhi nahi hai lekin baat yaha par yeh hai ki aap kiss ke khilaaf baat kar rahe hai baat yahaan par yeh hai ki jo kissan baithe hai itne dino se vo bhi to hamare hi desh ke nagrik hai hamare hi log hai unki bhi baatein sunne ka haq hai hum rihanna greta lata ji sachin ke tweet war pe chaley gaye government of maharashtra ke investigation pe chale gaye jisse mai sehmat nahi hu as a lawyer mujhe nahi samajh mei aati yeh baat jo baat hai vo hai lekin jo asal muddha hai jo kisaano ka mudda hai aaj maananiye pradhan mantri ji sansad mei bhashan de rahe the raj sabha se lok sabha se jahaan log baithe hai vahaan se paanch kilometer door hai. ,0
36:49 ,(ANCHOR), faruq ek swaal beech mei kyunki sachin ka tweet jo mai pad raha hu uss mei anti farmer kuch bhi nahi hai vo to keh rahe hai india sovergnity cannot be compromised bharat ki samprabhuta se koi samjhota nahi external forces can can be spectators but not participants iss mei kissan virodhi kuch bhi nahi hai. yeh dekhiye aap ,0
37:10 ,(SPEAKER 6), yeh jo yeh jo line hai na spectators ek second aman ji mujhe bas ek minute dijiyega ,0
37:15 ,(ANCHOR), hanji ,0
37:15 ,(SPEAKER 6), yeh jo line hai na spectators not participants iss par agar aap mujhe boleynge iss vali line se mujhe objection hai mai bataun kyu abhi kya abhi capitol hill ka  episode hua us mei black lives matter ka episode hua. hamare prime minister ne capitol hill pe statement diya to hum vahaan participant nahi ho gaye aap meri baat samjheyga dekhiye sachin ji ne jo baatein kahi vo vo desh ki jahaan tak baat hai unake saath pura desh khada hua hai lekin yeh kehna ki aap spectator ho sakte hai participate nahi hote hum vishva guru bannane ki baat karte hai hum duniya ke har issue par comment karte. to koi agar comment karta hai usako jawaab denge agar hum rihanna ki baat se santusht nahi hai hum rihanna ko usaka muh tod jawaab denge ,0
37:56 ,(ANCHOR), kon hai rehana ,0
37:56 ,(SPEAKER 6), lekin ko unko yeh kehna ki ,0
37:59 ,(ANCHOR), oh farooq ji kaun hai rihanna ,0
38:02 ,(SPEAKER 6), aap logo ne rihanna ko main batau aap ko ,0
38:06 ,(ANCHOR), unki kya hasiyat hai woh india ko lecture denge ,1
38:09 ,(SPEAKER 6), aap logo ne star bana diya hai india ke wohi main keh raha hun kya hasiyat hai unki ,0
38:13 ,(ANCHOR), kya hasiyat hai woh humko lecture denge ,1
38:15 ,(SPEAKER 6), yahi toh mein keh raha hun unki koi hasiyat nahi hai ,0
38:21 ,(ANCHOR), acha thik hai ab shenawaz hussain manpreet ji aa raha hoon manpreet ji aa raha hoon manpreet ji aa raha hoon. sir retweet toh congress party ke neta kar rahe hai woh toh bhakt bane huye hai rihanna par toh diwana ho raha hai vipaksh aur baat kar rahe hai aap humari ki humne bana diya. arre inki toh haisiyat nahi hai vo india ko lecture denge india ko lecture denge duniya ke sabse bade loktantra hum ko lecture denge chodiye nai sir kaun hai vo log kaun hai. chodiye na. thik hai ek minute shenawaz hussain main aap ke paas aa raha hun uske baat smita prakash aur bakshi ji mein aap ke paas aaunga manpreet aap ke paas bhi aaunga. shenawaz hussain. toh usi ko toh jawaab diya tha sachin ne aap kya kar rahe hai aap kiske saath sachin ke saath rihanna ke saath arre wohi toh external forces hai external forces wohi toh hai aap toh itne bhole itne nadaan shenawaz hussain ,1
39:07 ,(SPEAKER 6), kaisi baat kar rahe hain aman bhai rihanna ya greta kon hote hain. inakee haisiyat kya hai. ,0
39:12 ,(ANCHOR), bas shenawaz hussain fir uske baad smita ji fir bakshi ji main aap ke paas aaunga ,0
39:17 ,(SPEAKER 3), dekhiye koi baat nahi koi baat nahi agar kisi congress ke neta ya anye vipkash ke netona ko agar greta ya rihanna ya mia khalifa ki bhakti karni hai toh achi bhakti karein apne ghar mein poster laga le usako piche backdrop mein baith ke debate kare hum kahan iss par itraaz kar sakte hai koi kisi ka parshanshaq ho sakta hai hum modi ji ke parshanshaq hai sachin tendulkar ke parshanshaq hai lata mangeshkar ke parshanshaq hai aur woh humare desh ke hai hum unki parshansha.,0
