timeStamp,speaker,text,label
01:50 ,(ANCHOR)," Namaskar aap dekh rhe hai aajtak .aapke saath mein hoon saeed ansaaree. swagat hai aapka haal bol mein. bihar mai dusre charan ka chunaav 3 november ko hona hai, 3 november ko 94 seeton par matadaan hoga. agar matadaan se pehle dusre charan ke lie aaj chunaav prachaar ka shor tham kya, samaapt hogya, samaapt ho gaya dusre charan ke lie chunaav prachaar ke antim din bjp ne apni puri shakti chauk di hai. khud PM narendra modi ne aaj bihar mai 4-4 ralliyan ki hai. PM ne apni ralliyon mai lalu prasaad yadav aur tejaswi ke sath sath congress par jam kar hamala bola hai. jangalaraaj ka har rally mein jikr kiya hai .",0
06:33 ,(ANCHOR)," toh 3 november ko in 94 seeton par jab matadaan hoga to do tihaee seeton par matadaan sampann ho chuka hoga lekin jangalaraaj khub chaya rha hai . 4 rally mein PM narendra modi ne zikr kiya. dr sambit patra, pravakta bjp hmare sath maujood hai. sabreyal shnetra ji, pravakta congress hmare sath hai,tiwari ji, pravakta RJD , raajeev ranjan jee pravakta JDU, aravind vaajapeee ji pravakta HJP . aap sabhee ka bahut dhanyavaad aur swagat .dr. baatra , sambit ji , PM narendra modi ki teen railiyaan thi bhaga kee ek aur badha di, chaar railiyaan kar di aur jabaradast aaj chaye rhe pure din. lekin jangalaraaj, jangalaraaj. arre 15 saal se to nitish hai na. jangalaraaj hi kyun yaad aata hai pm ko? sambit ji?",0
07:22 ,(SPEAKER)," dekhiye saeed bhai, aaj PM ki chaaron railiyon ko hamane bhee suna aur aapke channel ke maadhyam se suna .aisa nahin hai keval jangalaraaj ke vishay mein jikr kiya. jangalaraaj ke vishay mein to jikr karana hi chaahie kyonki kahaavat hai na ki jo raashtreey jo raajy apane itihaas ko bhool jaata hai vah apane bhavishy mein kabhi kadam nahin rakh sakata magar unhonne yuvrajo ke vishay mein bhee baat kee, unhonne double engine vs double  yuvraj ke vishay mein baat kee aur vaheen unhonne pulavaama aur paakistaan ko lekar kis prakaar se bhaarat ka atahaas udaaya gaya tha, bhaarat ke saath majaak banaaya gaya tha, uss vishay par bhee unhonne apane mat ko rakha. aur saath hee saath bihar mein kya development hui un aankadon ko bhee prastut kiya. baharahaal aapane poochha jangalaraaj ka jikr kyon kiya. main kahana chaahata hoon chhote se aankade ke saath, 2001 se 2005 ke beech, dekhie kaalaavadhee maatr 5 varshon kee hai usamen lalu ji ka raaj tha aur aapako jaanakar aashcharya hoga aur aapkee ruh kaamp uthe. maatr 5 varshon mein 20000 hatyae hui thi. 20000 murder yeh times of india ne report chhapa hua hai. usse murder ki sankhya dekhiye . aur aap kidnapping dekhie, between 1992 aur ",0
08:31 ,(ANCHOR), Sambit ji!,0
08:31 ,(SPEAKER), 2004 iske beech.,0
08:34 ,(ANCHOR)," Sambit ji, sambit ji. ek aakda hum bhi bta dete hai aapko. NCRB ka aakda yaha hmare samne hai. aur NCRB ka aakda yeh hai ki apradh 15 saalon mein ghate nahin hai bihar mein, bade hain. 2005 ke mukaabale 2019 mein agar 2005 mein 293 maamale aate the ab raat ke har roj to aaj 773 samrit ji aa rahe hain. sirf reference ke liye bta diya apradh kahan 15 saal mein kahaan kam hua? badhaana bihar mai .",0
09:06 ,(SPEAKER)," Mai isko, mai isko btata hoon.",0
09:08 ,(ANCHOR), aur yeh NCRB ke aakde hai. ,0
09:09 ,(SPEAKER)," dekhiye times of india ne jo report chhapa hai, haan haan, times of india ne jo report chaapa hai usako aap jaroor padhie. usamen hone bohot pate kee baat kahi hai. unhone har  cheej mein likha hai murder, the number of reported murders. the number of reported ki kidnapping between 1992 and 2004 was 32085 reported. us samay khauph shahaabuddeen ka, aap chale jaie sivaan site. aap aap toh khud jaanate hain saeed bhai sivaan mein log shahaabuddeen se iss prakaar peedit hai ki log reporting nahin karate the .ghar mein murder hote the, balaatkaar hota tha, log reporting nahin karate the. FIR nahin likhwaya jata tha. mai bihar mein pada hoon, bada hua hoon aap poochhega rajeev bhai baithe, vahaan koi doctor aur engineer hota tha to doctor aur  engineer uss samay apanee gadi nahin khareedate the. maruti 800 gaadi khareedane par aapako rangadaaree dene padhatee thee aur aapke bete ya beti ko agava kar liya jaata tha. aadhe se adhik bihar ke jo achchhe padhe likhe log usamen woh dilli aa gae. vahaan se vah pravaasee ban gae",0
10:08 ,(ANCHOR)," sambit ji, sambit ji.",0
10:09 ,(SPEAKER), yeh har koi jaanta hai.,0
10:09 ,(ANCHOR)," sambit ji, kya PM narendra modi ",0
10:13 ,(SPEAKER), pehle diya tha aur woh rozana jangalaraaj ka darr.,0
10:16 ,(ANCHOR)," Sambit ji, sambit ji. kya PM narendra modi aur aapke tamaam pracharak aapke bihar ke neta, kaaryakarta. kya bihar ke yeh yuva ko yeh bataana chaah rahe hain ki 1000000 naukari ka jo vaada hai tejaswi ka.vah kaheen na kaheen bhaari na pad jae isalie aap jangalaraaj kee yaad dila rahe hain, dara rahe hain ki dekho 15 saal pehle kya tha, kaise hota tha. lakadsunghwa ki baat ki jaa rhi hai. ghar se baahar mat nikalo, phir se wo raaj aa jaega. kya apko darr lag rha hai? ",0
10:45 ,(SPEAKER)," dekhie hamein darr kyon hoga? jab aaj tak jaise ek pramaanik channel ne desh ke itne bade channel ne ek opinion poll kiya aur vah bhee 10 aur 17 taareekh ke beech mein kiya, vigat maheene ke 10 aur 17 taareekh ke beech.aur usamen clear majority apne, aaj tak ne aur india today ne CSDS lokneeti mai bhaarateey janata party, JDU ke combination ko diya hai to hamen darr kaahe ka. 17 taareekh tak toh PM bhi.",0
11:14 ,(ANCHOR)," lekin apratyashid roop se usme tejaswi ko bhi bihar ke logo ne, jo mat diye hain mukhyamantri ke taur par jo pasand kiya hai vah bhee usakee ummeed aap nahin kar rahe the sir. ",0
11:22 ,(SPEAKER)," theek hai, main main main main isaka javaab deta hoon .dekhie pehli baat to hai main aaj tak par vishwas karata hoon aur apne jo opinion poll dikhaaya usme spasht roop se hamaaree sarakaar banaatee huee dikhaen. dusri baat hai, aapane jab comparison nitish kumaar aur tejaswi ji ka kiya hai usamen 4% mujhe yaad hai sushil modi jee ko mila hua tha usme jod dijiyega kyunki sushil modi ji toh cm candidate nhi hai toh 35% kaa jo popularity hai vah nitish jee ka. isamen apratyaashit kee baat kya hai jahaan tak RJD ka sambandh hai. aap to hamein jeeta hua dikha rahe hain, do aur opinion poll dusre channel ne kiya hai vah bhee hamein jeeta hua dikha rahe ki jinko darana chaahie vo dar nahin rahe hain, ham kaahe ko dare? dekhie",0
12:07 ,(ANCHOR)," tiwari ji, tiwari ji, kya aap aap darr rhe hai? kya aapako lagata hai do cheez, samrit ji shma hai ek reaction le le uske baad charcha karte hain. supriya ji aapne pass bhi aa rhe hain. rajiv ji hai, arvind ji hai lekin tiwari ji, kya aapko lagta hai ki yah 1000000 naukaree vaala jo daam hai aapka tejaswi ka. yah kaheen na kaheen bjp ko dara raha hai aur iss vajah se kaheen aisa na ho ki vah jangalaraaj kee yaad dila kar aapko nuksaan pahuncha den aur logon ko phir se wo darr, lakadsughwa aa gya . lag raha hai kaheen na kaheen koi gadbad na ho jaye? ",0
12:41 ,(SPEAKER)," dekhie saeed ji. yah bihar kee dharti hai aur sabko pata hai kyunki sambit paatra jee hamaare bjp ke yah to bolate bolate jo bhee savaal aapane kiya javaab nahin diya yah RHD saabuddeen yahee karate rahenge. inko jhaarakhand mein samajh janata ne sikha diya aaeena dikha diya dilli mein dikha diya. ab bihar mein 32 helicopter lekar utar aae hain. ek helicopter tejaswi yadav jee ka bhaaree. ab yah baat nahin karate aadaraneey PM jee ko neeti aayog par to bharosa hona chaahie unake report par. neeti aayog ka report hai jo kendr sarakaar ka inka apna hai ki bihar mein kis tarah se neeti aayog ke anusaar svaasth maanakon par vikaas soochakaank mein sabase phisaddee raaj hai. sabase gareeb raajyon mein ek bihar kuposhan, bhukhamaree ka kul bajat maatr 2% se bhee kam kharch kyon hota hai?  yah sab par nahin bolenge inse poochhega javaab aam ka, savaal denge imli ka. yah log derail ho gae hain aur jangalaraaj kee baat karate hain aadaraneey PM jee. arre tejaswi yadav jee sabase bade dal ke neta hain. aaj bjp teen nambar kee party hai. agar jitane logon ne janata mein hamen vote diya, sabase bade dal ke roop mein aaj ham hain saare log junglee hain? yeh toh bihar ko gaali dena hua.",0
14:07 ,(ANCHOR)," tiwari ji, samrit ji kuch kehna chah rhe hai hala ki yeh baat ho gyi hai, ek reaction hum lena chaahate the lekin samrit ji, jaldi se pehle chahte the hum reaction le le. ",0
14:19 ,(SPEAKER), ab yeh apni upalabdhi nhi bata paye.,0
14:19 ,(ANCHOR)," theek hai, theek hai. samrit ji aap bataiye. aa rhe hai supriya ji. aa rhe hain. theek hai tiwari ji.",0
14:28 ,(SPEAKER), agar aapka jangalaraaj samapt ho gya ho toh mai jaldi se 20 second mai bol doon agar aapki anumati ho? ,0
14:32 ,(ANCHOR)," tiwari ji, theek hai.",0
14:37 ,(SPEAKER), agar rajkumar jee ka smapt ho gya hoga toh hum bol le zara.,0
14:40 ,(ANCHOR), Theek hai boliye samrit ji.,0
14:40 ,(SPEAKER), zara gareeb janta bol le agar rajkumar ji ke representative ka ho gya ho? ,0
14:47 ,(SPEAKER), Nhi nhi rajkumar ji ke nhi  aap toh bjp.,0
14:48 ,(SPEAKER)," chaliye ab mai bol leta hoon. dekhiye inhone, saeed bhai dekhiye mai anushasan mai bol rha hoon. aapne kaha mujhe bolne ke liye aapki anumati ho toh mai bol loon.",0
14:56 ,(ANCHOR)," tiwari ji, bol lene dijie.",0
15:01 ,(SPEAKER), saeed bhai agar anumati ho toh mai bhi bol sakta hoon beech mai dekhiye saeed bhai.,0
15:06 ,(ANCHOR), samrit ji apni upalabdhi bta dijie chaliye.,0
15:06 ,(SPEAKER),  bataoonga yah shaant honge tab upalabdhi bataoonga dhanyavaad. saeed bhai upalabdhi se shuru karta hoon. saeed bhai yeh uchit nhi hai.,0
15:17 ,(ANCHOR)," arre bas tiwari ji, bol liye bol liye.",0
15:17 ,(SPEAKER), aap dekhiye mai sabke beech mai nhi bolta.,0
15:18 ,(ANCHOR), samay nasht hota hai samrit ji boliye please.,0
15:21 ,(SPEAKER),  nhi nhi yeh peeda mai hai samrit ji.,0
15:23 ,(ANCHOR), arre bhaiya tiwari ji please. ,0
15:27 ,(SPEAKER)," aap upalabdhi kee baat kar raha tha toh upalabdhi se shuroo karata hoon. budget ka aap main comparison karunga lalu prasaad jee ke samay ka nitish jee ke samay ke saath. budget ka aakaar kitana tha ki lalu jee ke samay mein â‚¹23800 ka bajat ka aakaar tha vah badhakar ke vigat 15 varshon mein 211796 crore rupey ka hua. GDP pehle 3.19% tha jo badhakar 11% -11.3% hua krshi vikaas dar jo pehle 2.35% tha vah badhakar 8.50% hua. prati vyakti aay jo pehle â‚¹8000 maatr tha vah badhakar â‚¹44000 hua. bijli kee upalabdhata jo maatr 22% kee bihar mein, vah aaj 100% kee upalabdhata hai. pakkee sadak jo gaanv-gaanv tak pahunchatee thee vah maatr 34% thee jo badhakar aaj 95% hai. gair yojana vyay 78% tha vah aaj ghatakar ke 60 % ho gya.",0
16:25 ,(ANCHOR)," arre ek second tiwari ji, ek second. tiwari ji ek second please.",0
16:30 ,(SPEAKER), 3.9% tha wo aaj 12.2% hai.,0
16:33 ,(ANCHOR)," samrit ji mai  kuch aakde bta doon aapko? samrit ji ek second. arre tiwari ji ek second. samrit ji apne GDP ki baat ki yeh 5.5% badi hai. abhi 15 salon mai. jo ki bohot kam hai. sun lijie meri baat bhi sunn lijie. gareebi rekha mai aaj bhi 30% yeh data sab yahan par hai. aaj bhi bihar ki janta wahan nhi hai. uske niche hai. 15 saal mai aage jo aakde bta rhe hai samrit ji yeh aise aakde nhi hai agar desh ke anya rajyon se compare kiya jaye toh bohot kam hai. yeh samrit ji yeh sachai hai, aakde yahaan par khule hue hain. aate hain aate hain ek ek reaction sabse lele. ek ek reaction le le. rajeev ranjan ji. rajee ranjan ji pradhanmantri narendra modi aate hai, jangalraaj jangalaraaj kee baat karate hain lekin aapke mukhyamantri jee apki party kee upalabdhiyaan kyon nahin batati? kya hai aapka apki taraph se kya hai kya hai esa mudda hai jis par aap vote maang rahe? ",0
17:33 ,(SPEAKER), hmari uplabdhiyan toh beshumaar hai abhi apne patra ji ko sunna. unhonne kai aakde btaye .aur aakdon ko le karake main baraabar maanata hoon ki aap kuch aankade denge saamane vaale ke paas bhee kuchh aankade honge lekin jo zameenee badalaav bihar ne dekhe. ab wo farak dekhiye.,0
17:54 ,(ANCHOR), ab aakdon ko aakdon ko rajeev ji nakar denge? ,0
17:58 ,(SPEAKER)," ek failed state jiske andar koee ummeed baki nahin thee poora hindustaan hee maanata bihar ek aisa taapoo hai jahaan kuchh nahin ho. log aane se darate the, yahaan ke jo nikalate the vah bihari khud ko kahane mein unako sharm mahasoos hoti hai .aur aaj  bihar ke gaanv-gaanv mein sadaken pahunchee hai.",0
18:18 ,(ANCHOR)," rajeev ji ek baat btaiye. rajeev ji ek baat btaiye. rejeev ji yeh iss baat kee jaroorat hai main kyon pdti hai. kitane saal aur lenge aap. jab aap jangalaraaj ko yaad nhi karenge . nhi anyatha nhi sir, sawaal bohot , bohot seedha sa chota sa sawaal hai. kitne saal app aur lenge jab aap lalu prasad yadav ko yaad nhi karenge? jangalaraaj ko yaad nhi karenge?  aap 15 saal bohot hote hai, ya kam hote hain rajeev ji",0
18:48 ,(SPEAKER)," saeed bhai dekhie, aise to nahin behes hogee. ",0
18:50 ,(ANCHOR), nhi nhi behes nhi hai sawaal hai aap baat kijie jawab dijie. ,0
18:53 ,(SPEAKER), toh aapko sunna chahiye.,0
18:53 ,(ANCHOR), sunn rhe hain.,0
18:55 ,(SPEAKER), mujhe lagta hai aapko sunna chahiye aapko sunnte hai logon ki baat.,0
18:55 ,(ANCHOR), jawab dijie,0
18:57 ,(SPEAKER)," dekhiye pehli baat kya hai. bihar ko aap gujarat ya dilli ya karnaatak ya maharashtra se aap bihar kee tulana nahin karate. bihar ko panchavarsheey yojana mein ya congress kee pravakta baithee hai . par capita jo developmental  expenditure tha wo desh mai nyoonatam tha, pahaad panchavarsheey yojana mein bihar ke saath baimani ki. sales royalty mai bihar ke sath baimani hui. bihar ke rate equalisation ka kroor majaak hua jisakee vajah se bihar mein jo udyog hai vah bhee baahar jaane ke lie vivash hue. palaayan ka sansthaagat svaroop agar bihar mein vikasit hua iski javaab dehi puri tarah se congress ki hai.",0
19:43 ,(ANCHOR), rajeev jee rajeev jee ek badi khabar aa rhi hai iss waqt suniye toh. lalu prasad yadav ne zabardast palatvaar kiya hai bjp aur jdu par unhonne kaha hai yeh double engine nhi hai yah trouble engine hai trouble engine kee sarakaar hai aur jo majadoor jo lochdown mein phanse hue majadoor the jo bihar desh ke vibhinn raajyon se bihar aa rahe the tab aap kya kar rahe the? ,0
20:07 ,(SPEAKER), main kahana chaahoonga aapke bihar mein to jo direct bank transfer se lekar ke har rajya mein camps lagaen. logon ko rahat pohonchaya quarantine se lekar ke svaasthy suvidhaon par. aaj active cases bihar mein 9000 se bhee kam hai aur yah jo congress ki pravakta baithee aur RJD ke pravakta baithe hain maharashtra ke ek chauthaee corona sankramit jo mareez hai unka prand tha kya badintezammi rhi hai jahan dead body ke sath wahan mareez reh rhe hin. bihar ko lekarake yah nazariya hai jo  isako badalie.,0
20:44 ,(ANCHOR)," theek hai aate hai ek reaction jaldi se aate hai , supriya ji ke pass aate hain jaldi . supriya ji, supriya ji, aaj pradhanmantri ne desh ki kar diya raahul gandhi, akhilesh yadav bhi yahan tak ki kapde ka rang bhi unhone bta diya. aapko lagta hai ki purani baaton ka kahin aur nuksaan na ho jaye supriya ji? ",0
21:07 ,(SPEAKER), yeh isko chup karvaiye pehle tab mai bolun.,0
21:10 ,(ANCHOR), arre aise kaise bol rhi hai aap isko chup karvaiye. ,0
21:13 ,(SPEAKER), arre bhai sunne toh dijie mujhe aapka question hi nhi sunai de rha hai. sirf inki awaaz aa rhi hai isliye toh keh rhi hoon ki inko toh chup karvaiye.,0
21:16 ,(ANCHOR), haan theek hai chup ho gye wo bataiye baat kijie please.,0
21:20 ,(SPEAKER), 6:17 ka time ho gya hai 17 minute ki behes mai 11:30 minute JDU ke ally hai bhajpa bole hain lekin unhone ek question ka jawab nhi diya hai.,0
21:32 ,(ANCHOR), ji,0
21:32 ,(SPEAKER), 15 saal ke sukh aur shashan ke baad aapko kyun pichle 15 saal- 30 saal ki yaad kyun aa rhi hai? kyunki aapke pero ke talle se zameen khisak gyi hai. aapne dekh liya hai ki jo pehla charan hua usme 55 seeten mhagadbandhan jeet rha hai. ,0
21:49 ,(ANCHOR)," rajeev ji bol lene dijie. rajeev ji beech mai mat boliye please . baat puri kar lene dijie. supriya ji boliya, aap boliye.",0
21:57 ,(SPEAKER), aap bol rhe the maine ek shabd nhi bola. maine aapki saari baatein sunni aap mujhe baar baar mujhe refer kar rhe the.,0
21:59 ,(ANCHOR), supriya ji apni plese baat puri kijie.arre rajeev bhai ek second ruk jaiye na.,0
