timeStamp,speaker,text,label
22:52 ,(speaker 4), dekhiye anjana ji haath jodakar nivedan karate hain hamako bahut. samay ke baad aapane mauka diya 1 minat bolane deejie. dekhie anjana jee. besharmee kee prakaashtha hai aur besharm logon kee baaton par ham kya javaab. dinabhar bhee bolane deejiega yah paitholojee karenge. PM jee bhee vahee baat kar rahe hain unake pravakta bhee vahee baat karen. ham to itana kahana chaahate hain anjana jee. JDU ka matalab yah jhootha daava unlimited. ab beejepee ka matalab to nitish jee ne keh hi diya hai badaka jhootha party toh bihaar mein chunaav. aadaraneey PM jee ne aaj kaha bihaar mein sanskaar va sammaan va ab dekhiye aise krenge inko debate se bahar kijiye. yeh besharam ki tarah baat kar rhe hain. inko bahar kijie.,0
23:58 ,(speaker 3), arre mai keh rha hoon mangroo yadav ki zameen toh lota dijiye. Ha ha ha.,0
24:04 ,(speaker 4), lekin ek baat PM jee bhool gae kehna ki bihari ke.,0
24:10 ,(speaker 3), mangroo yadav ki zameen toh lota dijiye.,0
24:11 ,(speaker 4), dekhiye anjana ji agar aise debate hoga toh fir hum kisi ko bolne nhi denge yaad rkhiye.,0
24:19 ,(anchor), theek hai nhi nhi nhi mritunjay ji itna gussa nhi mai aungi aap hi ke sath shuru krungi ekdum nhi kisi ko nhi karna chahiye ek dusre ke upar nhi bolna chahiye theek keh rhe hain mritunjay ji.,0
24:51 ,(anchor), toh aaj aap special halla bol ka dekh rhe hain jamui se bihar se jahan chunaav ka prachar zor par hai yaad rkhiye 28 aktoobar ko 4 din baad voting honee hai aur iseelie aaj se aapane zabardast chahal pehel dekhi hai PM narendra modi bhee chunaavee maidaan mein utre hain. mritunjay tiwari jee break ke pehle aapakee baat pooree nahin ho paee. jaroor kariega lekin yah savaal jo poochha ja raha hai aur yeh jo bhrashtaachaar ke tamaam aarop hai laaloo prasaad yaadav se lekar ab tejaswi yaadav jisaka jikr kar rahe hain gaurav bhaatiya unn sab par kya jawab hoga.,0
25:24 ,(speaker 4), hamaara javaab sirph itana hai ki PM jee nahin kahana svaabhimaan hai sammaan hai sanskaar hai. ek cheej bhool gae PM ji bihaar ke bihari ke bevakooph banaana bhee itana aasaan nahin hai. yeh 60 ghotaale ka hisaab nahin de rhe. bataiye srjan se lekar shauchaalay tak inhonne. dekhiye dekhiye lag gya mirchi. mirchi kaise lagta hai khali dekhiye khali aap. 56 inch ka seena toh 6 inch ka seena nikla ek tejaswi yaadav jee 30 saal ka naujavaan laaloo prasaad jee ka laal se mukaabala karane ke lie nitish jee narendr modi jee sab lage hue hai. aur ek hi helicopter kaafi hai. dekhiye khali aap dekhte chaliye kaise kaise injection lagega inki tilmilahat baukhlahat badhegi. yeh toh jhootha dava unlimited karane vaale log hai yeh bhrashtaachaar bhrashtaachaar ke aakanth doobee hai. bihar ki bukhmari par baat nahin karenge berojagaaree par baat nahin karenge bihar ki badahaalee par baat nahin karenge. bihar ki gareebi par baat nhi karenge. iss par kab baat hoga anjana ji. ,0
26:37 ,(anchor)," mritunjay ji,  jara suna jae. abhee aap kah rahe the mrtyunjay the ki udhar modi jee se lekar sab utar gae nitish baaboo ka saath dene idhar tejaswi akele lad rahe matlab aap ne raahul gandhi ko 0 kar diya kya.",0
27:00 ,(speaker 4)," dekhiye rahul gandhi ji, congress paartee tejaswi jee ne aaj saaja rally kiya hai. aap yah kaise kah diya ham kya kar rahe hamala kis par kar rahe ho. tejaswi yaadav jee ko to kaha tha jel bhej denge.",0
27:19 ,(anchor), aap bhi toh modi ji par hamla nhi krte hain sirf nitish ji par karte hain. aap log narendra modi par kahan hamla karte hain? aap bhi toh nitish babu ko hi kamzor kadi par hamla krte hain. ,0
27:33 ,(speaker 4), nahi nahi hum double engine par karte hain.,0
27:38 ,(anchor), aap log bhi toh naredra modi par hamla nhi krte hain nitish kumar par krte hain. aap ko lagta hai kamzor kadi wo hai. ,0
27:46 ,(speaker 3), arre inse puchiye anjana ji mangroo yadav ki zameen kab lotaenge,0
27:46 ,(speaker 2), anjana ji hum bhi aa jaye charcha mai? arre unka audio chla gya. signal down hai,0
28:01 ,(anchor), arvind vajpayee ji aur apne toh itna confuse kar rkha hai.,0
28:06 ,(speaker 5), ji puchiye,0
28:06 ,(anchor), unka audio chla gya hai. theek kra rhe hain usse. vajpayee ji se comment lekar mai aa rhi hoon fr sabke pass. vajpayee ji mai toh jitni jagah par chunaav coverage jaa rhi hoon har jagah confusion hi confusion hai. kal 8:00 baje raaj tilak ke show mein jo LJP ke candidate aaye. wo kehte hai ki hum toh  chunaav ke baad sarakaar banaenge modi jee ke saath milakar. NDA ke baahar hai aur beejepee khulakar kah rahee hai ki hamaara unase koee lena dena nahin hai yahaan ke sthaniye neta kahate hain vote katava party ban gae hai.,0
28:38 ,(speaker 5)," nahin toh suniye baat suniye. arre hum wo hi toh keh rhe hain aaj PM jee ke bhaashan mein ek baat par important kahee unhone. unhone kaha ek tareeke se ki vikas nhi hota,  vikas ho hi nhi paaya. toh hum bhi toh yeh hi keh rhe the ki vikas nhi ho paaya. nitish ji ki iccha shakti nhi hai. aur hmara kaam toh bda aasan kar diya hai. abhi pawan kheda ji ne ",0
29:14 ,(anchor), toh unko manch par saath lekar kyun baithe the? do do rally unke saath kyun ki? ,0
29:19 ,(speaker 5), kab? kab rally ki hai humne?,0
29:21 ,(speaker 5), arre toh unke sath rally kyun kar rhe the fir PM yeh kaunsi jhoota dilasa dil ko de rhe hain sir? ,0
29:29 ,(speaker 5)," arre meri baat toh suniye, baat toh suniye.nitish kumar keh rhe hain ki hmare pass paisa nhi hai dene ko aur bjp keh rhi hai. aur fir dusri baat btaiye jdu agar nitish kumar CM bnenge toh kiska fayda hoga. nhi mani gyi baat toh kaise chlega bihar. anajan ji inke khilaf anti incumbency hai.",0
30:26 ,(anchor)," theek hai, iska gaurav bhati jawab denge. gaurav bhatia ji. ",0
30:36 ,(speaker 5), apne gaon haal filaal mai gye ho aap? ,0
30:36 ,(anchor), bilkul ,0
30:38 ,(speaker 5), zra dekh lena vikas ki kya stithi hai. aapke gaon thoda bohot check karva lijiye zra. ,0
30:51 ,(anchor), yeh bhi diljasp hai. check krvane ki zarurat nhi hai maine khud jaake apni aankhon se dekh li. ek second ek second maine apni aankhon se dekh li maine raghavpur bhi dekh liya. wahan ki bhi svasthya seva ka wo hi haal hai. mere gaon mai bhi wo hi haalat hai. arah mai bhi wo hi haalat hai. aap bhi stta mai saath ghum rhe the. seat mann layak nhi milli toh ab uchal rhe hain sir. isse yeh mat sochiye ki patrakar jaakar vikas krega. vikas ki zimmedari aap logon ki thi. aap logon ne sab ko nirash kiya hai. milkar kiya hai. bihar ki yeh haalat aaj kyun hai? aur patrakar se puch rhe hai. ab aap chahte hai ki patrakar jaa kar vikas krae. jo patrakar ko puch rhe hain ki aapke gaon ki haalat dekhi hai na sir. apne apne gaon ki haalat dekhiye na sir. hajipur se lekar jamui harr jagah mai dekh rhi hoon kya haalat hai sadko ki. jamui mai hoon jahan par chirag paswan sansad hai wahan par bhi dekh rhi hoon haalat boliye unke aaye sudhleb kuch theek krae aur iss stithi kar jagah wo hi hai. sawal yeh hai ki aap logon ko chutki leni hai. aur aap logon ki politics chutli par simmat gyi hai. chutki se aage badhkar apni zimmedari samajhte toh aaj yeh haalat nhi hoti kisi bhi jagah ki. gaurav bhati ji. dekhiye aap ko yeh puri stithi ko defend krna hai ek toh jo chirag paswan confusion kar rhe hain unki umeedwar alag jagah par keh rhe hain ki hum BJP ke sath modi ji ke sath sarkar bnaenge. dusri baat aapko nitish ke saath jo anti incumbancy ek factor kaee jagah par dekh raha hai aur aapane bhee dekha hoga unake mantree ja rahe hain kaee jagon par ho rha hai. usko bhi counter krna hai kya iseelie PM ka taabadatod railiyaan karanee padegee aaj bhee kar rahe hain aur phir 28 ko bhee karenge voting vaale din?,1
32:34 ,(speaker 2)," anjana ji aap mujhe thoda samay deejiega sabhee vaktaon kee baat ka uttar bhee doonga aur aapki baat ka bhi. sabase pahale to aapake channel ka pratishthit channel ka survey yah kahata hai ki purn bahumat kee sarakaar banegee aur NDA kee banegee main kahata hoon 2 tihaee se jyaada seeten aaengee aapaka survey kehta hai. lekin kyunki aapake chainal par ABCD khela ja raha tha aur vah bhee besharm party woh khel rahee thee jin ke mukhiya jail mein hai. chaara ghotaala mai, jaanavaron ka chaara nahin chhoda yah insaanon ko kya chhodenge to RJD ka matalab dekhie darshakon ko pata hona chaahie. aar se rangadaaree hotee hai, j se jangalaraaj hai aur d se dakaitee hai toh yeh hai rjd party aur doosaree taraf sushaasan hai. ab mai aata hoon congress par. congress party pichlagu party, inki raajaneetik haisiyat kya hai aap mujhe bataie. kul 70 seeton par  yeh toh chunaav lad rahe hain. aur bihaar mein jab lok sabah chunaav mein hamane dekha tha ki 40 mein se kitanee seeten aaee thee in donon kee milakar ek seet aaee thee congress aur 0 seet aayi thi rjd ki. aur main bataata hoon vikaas kya hua hai, vikaas kiya hua hai bihaar mein aur aakdon se bata raha hoon yah sthai mudde kee baat kar rahe the isliye. GSDP, jab hamane sarakaar banaee tab 3.9% thi aaj 11% hai. bijalee keval 22% gharon mein thee aaj 100% gharon mein hai. pakkee sadak keval 34% thi ab 96% hai. krshi dar jo badhane kee thee vah 3.9 thee aaj 12.2 hai. 28 medical college khule hain. main keval itna kahoonga yah dare hain ghabarae hain aur aaj yeh taalee bajaane vaalee mandalee hai inko pata hai ki bhaarateey raajaneeti ho chaahe bihaar kee raajaneeti chaahe uttar pradesh kee inka koi na haisiyat hai na varchas haiaur isliye jo inko de diya jaata hai inke bheekh ke katore mai yeh lenge.",0
34:34 ,(anchor)," sir yeh aakde jitna bum bum haalat ke prateek hai na. lekin gaurav ji yeh jo bum bum khush aap dikha rahe hain ki bihaar mein sab kuchh achchha ho gaya hai sab kuchh shat-pratishat ho raha hai aisee haalat nahin hai. yeh ek kalpna wali bihar kee aapakee potray kar rhe hain aap inn aakdon ke zariye. agar zamini hakeekat par utarenge to abhee bhee bahut kuchh hona zaruri hai. bahut kuchh hona zaruri hai aur yeh sirf  bijalee pani aap sochiye hum kis sadi mai hain bijli pani pahunchaane ki baat kar rhe hain. arre thitarlogy toh sir apki bhee chalatee rahee na, abhee mere gaon kee jisaka zikr kar rahe the 1 second. mritunjay ji se ek sawal mujhe krne dijiye. nainijor gaanv jisake baare mein abhee abhee baat kar rahe the yah aravind vaajapaee. aap bataie nainijor gaanv ka vidhaayak kaun, brahmapur ilaake ka vidhaayak kaun? yah jo pavan kheda ya phir keerti aazaad tweet kar kar ke congress ke neta bata rahe hain us gaanv mein RJD ke vidhaayak hai. shambunath yaadav unse poochhe ki vidhaayak RJD ka hai usamen yahaan tak sudh nahin lee hai ki kabhee gaanv mein jaaya vikaas kar aae ab aap log se aate hain ki khaalee video idhar-udhar daalakar bawal kre toh alag baat hai. aapane phone se uthaie sir agar.toh vidhaayak ji se kahiye ki swasthya seva ka jo kendra hai wahan par usse theek krae. arre toh vidhayak ke pass jo vidhayak niti aati hai wo usse kuch kaam kraega ya nhi? vidhayak ki koi zimmedari hoti hai ya nhi hoti?",1
36:07 ,(speaker 4), sarkar kis liye hoti hai yeh btaiye? ,0
36:11 ,(anchor), arre yeh double engine ke sahare. tab toh 80 ke 80 vidhayak jo pichli baar bne unki koi bhumika nhi hai? vidhayak jo aapke bne wo toh fir jin logon ne unke liye vote kiya unko toh uski keemat chukani padi.,0
36:29 ,(speaker 4), yahan toh naukar sa havi hai aap dekh rhe hain ki haalat kya hai bihar mai. ,0
36:35 ,(anchor)," ab dekhiye, pehle aapko modi ji ki galti lgi, fir nitish yadav ki galti lgi ab aapko afshar shahi ki galti lag rhi hai. vidhayak kahan hai? shambhu nath yadav vidhayak brahmapur puchna kahan hai?  jahan par yeh gaon padta hai ara zille mai puchiye unse.. uthaye na sir phone uthiye. live show mai phone kijiye na. arre sir live show mai phone kijiye taki kirti azad ko bhi pta chal jaye ki vikas kyun nhi ho rha inn gaon mai. phone kijiye. congress party ke nataon ko aur wo bhi jo bihar ke hai kirti azad itni jaankari nhi hoti hai ki wahan par vidhayak toh rjd ka hai. aur wo rjd ka vidhayak absent hai. logon ne dekha hi nhi hai jab se jeetein hai. aap phone kijiye live show mai aap puchiye unse. ",0
37:34 ,(speaker 4)," anjana ji, rjd ke vidhayak ko toh aap bohot chintit hai aur stta dhari  ",0
37:41 ,(anchor), dekhiye sawal yeh hai ki vidhayak ki kuch toh zimmedari hoti hai na. chintit kaise nhi honge? kaise nhi honge. bilkul har jagah ki baat ho rhi hai kyuki aaj unhone pucha avind ji ne. isliye maine aapko bola aur congress party sab neta uchal uchal ke sawaal puch rhe hain. arre ek toh yeh tithrology word chodiye na koi agla word choose kijiye. bacche bhi dekhte hain na iss tarah ke shabd mat sikhaeye apne bacchon ko. ,0
38:09 ,(speaker 4), sarkar tehina sawal puche jayenge. ,0
38:12 ,(anchor)," ajay alok ji, ab kul milakar paristhiti iss baat par aai hai. theek hai theek hai aa rhe hain. pawan ji ko bhi dikha rhe hain. pawan kheda ji ko dikhaeye. ajay alok ji yeh sach hai ki aap ko bhi ehsas hai ki anti incumbancy factor aapake kaee netaon chodiye mantriyon ke khilaaph hai. samasteepur mein mantree jee gye logon ne hlla macha diya unake khilaf.",0
38:37 ,(speaker 4), khaded diya janta ne.,0
38:37 ,(anchor), mai toh ek ek gaanv kee baat kar rahe hoon. mantriyon ke jaane par ho halla ho raha hai. hooting ho rha hai.,0
38:45 ,(speaker 3), main anjana jee bilkul deny karata hoon ki do chaar vidhaayakon mantri ke khilaaph bilkul anti-incumbancy local factor par ho sakti hai main deny nahin kar hoon. lekin savaal yah hai ki is lokataantrik tareeke ko bhrasht kaun bana rha hai. aap bol rhi hai ki vidhaayak dikhate nahin hai kyon nahin dikhata hai vidhaayak. jo vidhaayak do crore-3 crore dekar ticket agar khareedane ka to pahala apna 3 crore vasool karega ya kaam karega janta ka. saamane mritunjay jee baithe ek baar zra pooch lijiye ki rjd mai kitne ticket bike hai. 90% se zyada ticket bike hain khud vidhaayak se jaakar sting krva lijiye. bolga 2 crore mai ticket lekar aaya. kya baat kar rhi hai yeh toh pura bihar jaanta hai. ,0
39:21 ,(anchor), theek hai mritunjay ji manenge nhi time waste hoga pawan ji se ek concluding remark le lete hain. pawan kheda ji concluding remark btaiye. itna time nhi hai.,1
39:33 ,(speaker 1)," anjana ji, yeh full form bata rahe the rjd ka full form to nitish baaboo ne beejepee ka bata diya badaka jhootha party. nitish baaboo khud hee pata kar chale gae 5 saal pahale badaka jhootha party. ham thodee bole beejepee ke lie aur 55 ghotaalon kee list to narendr modi jee ne 5 saal pahale nitish baaboo ke khilaaph yahee bihaar mein aakar bataen. ab wo ghotaale samaapt ho gae kya? toh ajay aalok jee ko bataie yah vahee ghotaale hai jo narendr modi jee ne batae the nitish baaboo ke ham nahin bata rahe apanee taraf se.",0
40:04 ,(anchor), theek hai,0
40:04 ,(speaker 1), narendr modi jee ne jo list thamaaee ham wo padhkar bata rahe ab. ,0
40:09 ,(anchor), theek hai sir waqt itne ki ijazat deta hai. aap sabhee ka dhanyavaad hamaare saath abhee to har roz ke chunaav mein aage badhega. aur dekhiye kya kya rang laega. 4 din baad voting honi hai aur aaj PM ki chunavi rally ke saath ek nye sire se pure chunavi prachar mai zor aaya hai. jabki uss taraf rahul gandhi aur tejaswi yadav ek manch par dikhe idhar nitish air modi. PM narendra modi ne bihar mai apni ralliyon ke sath ek nye sire se humkar bhari hai. NDA ka samarthan manga hai toh anuched 370 ka zikr galban ghati mai bihaar rejiment ke balidaan ka jikr.inn sabake beech tejaswi aur raahul gandhi par apane sir ko aage badhaane kee koshish kar rahe kis ke baad mein kitana dam ise banaate karate rahie.,0
