timeStamp,speaker,text,label
00:56 ,(anchor)," toh apko bata den ki dangal mein aj hamare sath mohasin raja hai vah mantri hai UP ki sarakar mein, hamare sath vishnu jain hai is mamale mein yachikakarta ke vakil hai sangit rakhi hamare sath hai rajanitik vishleshak hai jo dilli nursery mai padhate r.s.s. se jude. hamare sab taslim ahamad rahamani adhyaksh muslim political council of india ke. hamare sath shoib jamai hai islamic scholar hai. aur pappoo yadav ki party, rashtriy jan adhikar party ke pravakta hai aur itefak ki bat ke taslim rahamani ki party ke sath bihar mein milakar chunav lad rahe hain iss waqt chunav ka prachar bhi kar rhe hain. donon se bat karen lekin sabase pahala saval mera vishnu jain apase hai. r.s.s. nahin bol raha, BJP nahin bol rahi, vishv hindu parishad nahin bol rhi. lekin vishnu jain bol rahe aur  adalat mein jakar khade ho rhe hain. pichhe kaun hai?",0
01:42 ,(speaker 1)," dekhie rohit ji sabase pahali bat main apako bahut hi clear taur par spasht kar doon ki main BJP, rss vishv hindu parishad ka main koi padadhikari nahin hoon. han yah bat alag hai ki agar chunav mein vote dene ki bari aegi to mera vote modi ji yogi ji ko hi jaega. isme koi do ray nahin hai par main iss sangathan ke ishare par ya inke mohare ke taur par kam nahin kar raha hoon main ek vakil ke nate apani bhoomika ada kar raha hoon aur shrimati ranjana agnihotri ji bhi in kisi sangathanon mein koi bhi padadhikari nahin hai aur is case mein jitane petitioner hai, yachikrta hai, unaka VHP, RSS sang mai koi bhi  padadhikari ya pravakta yah kisi taur par vah associated nahin hai to sabase important bat hai ki hamari jo yachikrta hai usako yachi ko yachi hamari jo dave ko merit par na sunakar yah rajanitik bat uthai ja rahi hai yah mera sabase bada dard hai kyonki agar merit par log bat karenge in sabako pata hai ki merit par hamara case kitna strong hai. main agar ap mujhe pata hai samay ki kami rahati hai TV par main apako sabase important bat bata doon. 12 october 1968 ko ek samjhota kiya gya tha. sare case jitne ke bad nyaylin sari lai ladne ke bad 10 rounds of litigation hua hai mere pass pura record hai aur sari nyaylin ladai jitne ke bad bhi agar koi vyakti samjhota karta hai aur bhagwan ki sampati se compromise krna chahta hai aur kar deta hai toh mera legal right hai SC ka judgement mujhe right deta hai ki agar koi degri collusive hai section 44 of evidence act ke tehet toh mai usko cancellation of decri usko court mai lekar ja sakta hoon. toh yahan par mere se sawal puche ja rhe hai ki mai bjp, rss sang ka member hoon. bhaiya mujhe btaiye ap case ke merits par bat kijiye. agar jab sare litigations mai jita hoon aur woh 13.37 acre raja patnimal ne 1815 mai kharidi thi. kharidne ke documents hail, aurangzeb ke usko todne ke documents hai, toh ap yahan par rajnitik bat kyun kar rhe hain? ap kanooni bat kar lijiye aur jahan par masjid tamil hui hai yeh jo log ghuse hain, ghuspatiye hai, yeh hmare mandir bhgwan ke jo 13.37 acre ke andar ghuse hain, yeh kaise ghuse, kis right se ghuse? aur mai nhi mathura ke kisi bhi am nagrik se, pujari se, sant se, mahatma  se bat kar lijiye. wo apko ap investigative journalism kariye aur apko sach btaega. aur maine toh on record jitni bhi legal history thi apke samne rkhi hai.",0
03:57 ,(anchor)," sir, maine ap gussa ho gye. maine ek bar bhi nhi kaha ki ap political admi hai. maine toh bas yeh poocha ki yah politikal sangathan jo ram mandir ki ladai lad rahe the krishan janmabhoomi ke mamale par abhi tak chuppi sadhe hue hain, apke sath kaun khada hai? apako laga main yah kah raha hoon ki ap inki vajah se khade hain ki nahin khade. appne kaha local purohito se poochh lijie. sir local purohito se apne kaha pooch lijiye, vahan ke panditon se bat kar lijie to main apako padhakar suna deta hoon ki vahan ke jo local, jo sthaniy jinka ap keh rhe hain sting operation kar lijie, wo apko bata denge toh sir, vahan par jo pujari baithe hain vah virodh kar rahe. mai apko padhakar suna deta hoon. isme unhonne kaha, akhil bharatiye tirth purohit mahasabha ki aur se adalat mein yachika ko dayar kie jane ko galat bata gaya. mahasabha ke pramukh mahesh pathak kah rhe hain ki kuchh bahari log mathura ki shanti bhang karana chahte hain. ab ya toh wo bahari apako keh rhe hain ya phir kisi aur ko jisko wo apke pichhe dekhate hain.",0
04:57 ,(speaker 1),"dekhiye mai isko clarify kar deta hoon, jahan tak hindu sangathanon ka saval hai main sab ka koi lidar nahin hoon aur jahan tak hindu sangathanon ke saval hai isamen sab mein ek mat hai vahan par jo masjid bani hai vah illegal bani hai aur iske lie hamare pas documentry proof hai legal proof hai toh agar ap mujhe samay denge to main apna legal proof bata sakata hoon ki 12/10/1968 ka samajhauta jo hai vah kaise illegalta aur trust inhe nahin kiya hai jo vahan par krishan janmabhoomi trust bana aur 13.37 acre land raja patnimal ne pandit madan mohan malaviy ko diya tha unke sapanon ko poora karane ke lie jo trust bna, aj uss trust ne iss samajhaute par sign nhi kiya hai jiski vajah se aj yeh masjid tamil hai toh mai sawal sbse pehle yeh poochta hoon ap rajnitik bat ko 1 minute ke liye alag kar dijiye. mai apse legal aur documentary bat pooch rha hoon ki yeh bta dijiyega ki agar yeh sabit ho jata hai ki yeh samjhauta illegal hai toh kya time backflow krega ki nhi krega, kya itihas mai hum wapas jaenge ki nhi jaenge? ",0
05:49 ,(anchor)," taslim rahmani, boliye apni bat ab.",0
05:53 ,(speaker 2)," mujhe toh rohit iss bat par hairat hai ki  abhi toh vishnu ji ne dakhil kiya hai abhi 19 se abhi ap keh rhe the jo 1991 ka jo act hai religious places protection act. uske tahat yah jo inki petition hai, wo court accept bhi krega ya nhi krega  iske bare mein bhi bhi pata nahin hai. uske bat karega abhi to kitane roti sistak ki petition teregi pta nhi. lekin yeh national debate ka bozu ban gyi hai iss par mujhe hairani hai aur koi political party dikhai nhi deti toh mujhe lagta hai ki yeh badi acchi badi vichitra rajniti hai ki ap ek aise phase ko samne laye jo vishva hindu parishad bhi rajnitik party nhi bani . unka rajniti se koi taluq nhi. hindu mahasabha bhi kehta rha ki rajniti se koi taluq nhi hai. case hum ladte rhe aur ussi tarike se ab fir yeh. ap dekhiye  yeh asthao ke muddon ko  ko rajanitik mudda banakar banaya gaya 30 sal tak astha ke mudde ko rajanitik mudda banakar aur usse doha gaya aur use dharan kar liya gaya aur jitna.",0
07:00 ,(speaker 1)," arre sir, humne toh court mai apna case jari kiya hai. isko rajnitik mudda humne kab bnaya hai?",0
07:00 ,(speaker 2), toh ek petition jo abhi dakhil hui hai usko lekar desh mai charcha kyun ho gyi.,0
07:05 ,(anchor)," rehmani sahab pehli bat toh mai apko duroost kar doon ki ek petition  aj dakhil hui hai bhale. uss par sunavai hui hai. rehmani sahab ek chiz bta deta hoon na apko aur ap mujhse behtar jante hai uss chiz ko yeh nara toh ap 30 sal se sunte honge. ayodhya pehli jhaki hai kashi mathura baki hai. vivad toh tabhi se khada ho gaya tha. yah bat apane uss din bhi suni hogi jis din ayodhya ka phaisala aya ,ham ayodhya mein baithe conclave kar rahe the. ek ek adami jo wahan aya, har ne ek sur mein kaha ki han agali ladai mathura ki ladenge. phir apako hairani kyun ho rhi hai ki mathura par behens kyun shuru ho gyi.",0
07:36 ,(speaker 2), hairani iss par ho rhi hai ki political party ne naya patra etihar kiya hai ki ab vishnu ji keh rhe hain ki mera toh kisi rajnitik dal se koi taluq nhi hai.,0
07:43 ,(anchor), han.,0
07:43 ,(speaker 2), toh ek political ladai ko no political.,0
07:45 ,(anchor), ap vishnu ji ko jante hain? ap vishnu ji ko jante hain? pehla dekha hai apne inko TV par kabhi?,0
07:52 ,(speaker 2), yeh mere sath bohot rhe hain. mere sathi hai.,0
07:54 ,(anchor), jante hain na ki yeh pichle case mai inki kya bhumika thi ayodhya wale mai?,0
07:58 ,(speaker 2), hum toh gle bhi mile hai kai bar. esi kya bat hai bhai.,0
08:01 ,(anchor),han. ji. jab ap yeh jan rhe hai toh fir iska matlab ap bhi keval time pass ke liye wo sawal utha rhe hain na jo apne utha diya hai abhi ki vishnu jain kaun hai jab inki political backing nahin hai to ki yah mamala achanak pahali  hearing mai TV par bahas ke lie kaise a gaya? sir yeh mamla 30 sal se behens mai hai aur vishnu jain poore ayodhya case ke doran adalat mein khade the toh apaki donon baten wahin kharij ho jati hai.,1
08:24 ,(speaker 2), yah 30 sal se jab bahas par aya usi vakt is bahas ko conclude kiya gaya constitution ke jarie aur unse kaha ki 15 august 1947 ko jo jagah thi vah rahegi.,0
08:34 ,(anchor)," thik hai. bilkul mai issi ko lekar a rha hoon. wasim rizvi jo sheah makhboard ke chairman hai UP mai unhone mausin raza yeh kaha ki sab yah kanooni hataie kyunki iss kanoon ke dar vajah se iski ad mein bahut sare aise religious places, dharmik sthal jo kabja ke todakar bana lie gae the unake kabje justify kar die gae. kya kehti hai UP ki sarkar iske upar? boliye mausin raza.",0
09:02 ,(speaker 3)," dekhiye rohit apne jo prashan kiya hai, mera vyaktigat taur par kyunki yeh mamla nyayalay mai hai. nyayalay iss par nirnay lega, nyayalay ka swagat sab ne kiya tha aur pura desh nyayalay ke nirnay ko manta hai aur swagat karta hai toh hume intezar karna chahiye vishv ji ne jo bhi bate kahin hai maine sunni hai unke pss saksh hai parwan ke sath wo gye hai aur ab nirnay adalat ko lena hai. iss par rajaniti karane ki jaroorat nahin hai lekin agar hum bda dil krke soche toh rohit ap dekhe mazzi mai jaye toh yeh hi hindustan hai aur hazaro mandir yahan dhwans kiye gye. kiske dwara kiye gye? toh agar aj 3 bat ho rhi hai 3 mandiro ki, ayodhya, kashi , mathura yeh hmari sanskriti ki. jo hmare dehs ki snaskriti hai iski asmita ka pillar hai toh agar isko lekar agar awaz utha rha hai, uske aradh ki bat hai wo apni bat kehne adalat ja rha hai aur adalat se nirnay mil rha hai toh iss par sabko sath ane ki zarurat hai. iss par rajnit krne ki zarurat nhi hai aur apne bhi jo kaha ki ayodhya toh jhaki hai mathura kashi baki hai.",0
10:15 ,(anchor)," maine nhi kaha sir, yeh apki party nara lgati hai. maine yad dilaya keval. yeh maine nhi kaha sir, yeh apki party aur wo sare sanghatan nara lgate the mausin raza unki yad dilayi maine apko keval. yeh mera statement nhi hai. yeh mat kahiye ki maine jo kaha. yeh apki party ka nara tha.",0
10:37 ,(speaker 3)," maine kaha ki aradh jahan par hmara bharat varshi jo dharovar hai, jo hmari sanskriti ki asmita hai usko bchane ke liye kaun jayega age. jo ja rhe hain unko jana chahiye.",0
10:49 ,(anchor)," toh ap sarkar ki taraf se kyun nhi yachika lga di? UP ki sarkar khadi ho jati na court mai fir. sir toh UP ki sarkar se. mausin raza, mausin raza ap UP ki sarkar mai mantri hai, UP ki sarkar credit lena chahti hai ki ayodhya mai jo kuch hua ya jo kuch hoga uska shrey hume jaye toh mathura mai bhi ap hi chale jate vishnu jain ke pehle adalat mai khade ho jate jake ki bhai yeh galat hua hai isko justify nahin kiya ja sakata ap usko duroost kijie. yeh UP ki sarkar keh rhi hai.",0
11:26 ,(speaker 3)," kya, wo jo jain sahab gye hain. unka jo unki astha hai kya hum sab ki astha ya aur 100 crore logon ki astha nhi hai unke sath mai?",0
11:34 ,(anchor), ap mante hai? ap mante hain?,0
11:37 ,(speaker 3)," ap unko alag kyun manenge? astha ki bat hai, mamla nyayalay mai hai mai uss par tipadi nhi karna chahta. maine jo bat rohit kahi hai uss bat ke upar rehmani sahab ko bolna chahiye, jmai baithe hai.",0
11:49 ,(anchor)," han wo bolenge, abhi bilkul jmai bolenge.",0
11:53 ,(speaker 3), yahan tode gye mandir uska zimmedar kaun hai?,0
11:55 ,(anchor)," abhi jmai bolenge, usse pehle mai ek sawal aur pooch rha hoon ap se. mera sawal yah hai kya ap mante hain ki mathura mein jo idgah bani hai 13.37 acre ki jo jamin hai, woh zabaradasti ka avaidh kabja hai thik usi tarah se jaise ap khud karen ki chittaud ke mandiron ke oopar kabze kie gae? ap swikar karte hai iss bat ko, mante hain?",0
12:15 ,(speaker 3), mai keh rha ki yeh mamla vyaktigat taur par yeh mamla nyay sangat ho gya hai ya nyayalay mai ja chuka hai ab iss par jo bhi verdict ayega vo nyayalay ka ayega uska intezar kijiye.,0
12:26 ,(anchor)," thik hai, OK.",0
12:26 ,(speaker 3), lekin ap kisiko adhikar se thodi rok sakte hai?,0
12:28 ,(anchor), OK.,0
12:29 ,(speaker 3), aur maine kaha na ki agar koi gya hai toh uska jane ka adhikar hai.,0
12:33 ,(anchor), ok.,0
12:33 ,(speaker 3), aur desh ke tamam 125 crore log hmari adalat par bharosa karte hai.,0
12:38 ,(anchor), ok.,0
12:38 ,(speaker 3), humne har faisle ka swagat kiya hai.,0
12:38 ,(anchor), OK.,0
12:41 ,(speaker 3)," aur age bhi karenge bda dil karke lekin hum isko kyun bhul rhe hai ki hmare desh mai hzaron ki tadat mai jo mandir tode gye agar yahan 3 mandiro ki bat ho rhi hai jo hmari desh ki dharovar hai bharat varsh ki, jo astha hai, uski bat ho rhi hai toh hzaron ki bat kyun nhi log krne ate.",0
12:58 ,(anchor), thik hai.,0
12:59 ,(speaker 3), unko bhi toh khda hona chahiye.,0
13:01 ,(anchor)," ok, ok shoaib jamai, boliye. wo keh rhe hain ki agar koi kanuni ladai ladna chahta hai wo adalat ja rha hai toh uske iss adhikar ko kyun chinna chahte hai?",0
13:10 ,(speaker 4)," ji rohit bhai, bohot bohot shukriya mujhe invite krne ka. rohit bhai mujhe bda ashcharya hua raza sahab ki bat sunn karke iska koi bjp se koi lena dena nhi. kya kathiyal ji inke bjp ke pramukh neta nhi hai? agar kathiyal ji iss mamle par prakhar ho karke aur bohot pramukhta se isko bat rkh rhe hain toh zahir si bat hai ki bjp isme samilit hai aur mai hmesha kehta hoon ki bohot sare mudde proxy ki taur par laye jate hai. iss tarike se rozgar ke mudde par yuvao ka gussa badh rha hai, kisano ke mudde par lagatar jo hai, deshbhar mai kisano ka gussa hai, tractor jalaye ja rhe hain, rail ko roka ja rha hai. jis tarike se gdp jo minus mai chali gyi hai tamam world mai jo hai modiji khilaf gussa hai, sarkar ke khilaf gussa hai. usko divert krne ke liye iss tarike ki proxies layi gyi hai.",0
14:03 ,(anchor), world mai? acha world ki bhi jankari rkhte hai ap. thik hai sir. world mai modi sarkar se gussa hai. thik hai sir ok.,1
14:10 ,(speaker 4), uska saboot hai mere pass. Ji bilkul. dekhiye mood of the nation apne kiya na. ab mood of the nation ap kra kar dekh lijiye ki kya hai mood of the nation.,0
14:17 ,(anchor)," nhi nhi sir, mai toh mood of the nation par toh bola hi nhi. apne kaha tamam world mai modi sarkar ke khilaf gussa hai toh mujhe thoda ajib lga par ap keh rhe hai ki puri duniya mai gussa hai toh mai man leta hoon. thik hai sir.",0
14:27 ,(speaker 4)," nhi maine world nhi kaha, maine kaha warg. tamam sections of the society.",0
14:30 ,(anchor), accha tamam warg mai. thik hai sir meri galti. mai durust krta hoon. ab mera sawal hai ap bihar ka chunav lad rhe hain. ap bihar mein pappoo yadav ki party ke pravakta ke taur par baithenge jakar. kya vahan par yadav vote bank mein sed nahin lagaega BJP ka yah mudda agar BJP ka hai toh ki ham krishan janmabhoomi ko chhudane ke lie lad rahe hain maidan mein?,0
14:50 ,(speaker 4), mujhe lagta hai ki hamari party kabhi bhi yadav aur muslim combination par nhi balki.,0
14:56 ,(anchor)," arre apki party nhi dekhti, bihar ka chunav toh ussi par hota hai sir.",0
14:59 ,(speaker 4)," bihar rozgar, shiksha, sadake aur hum bahar ke mudde par iss bar chunav lad rhe hain aur hmesha se hmari jat party jat, sampraday se uthkarke rajniti karti hai. mai kehta hoon ki abhi apne dekha ki patna mai pichle dino humne jab virodh kiya kisan bill ka toh bjp.",0
15:16 ,(anchor)," sir wo jo hum keh rhe hain, mera jawab uss par expected hai. mai uss par intezar kar rha hoon ap kab bolenge. woh keh rhe hai ki 3 mandir nhi jo hazaro tode hai. kin logon ne tode hai mujhe btane ki zarurat nhi. yeh mausin raza ke shabd hai. un logon ko khud ake kehna chahiye wo keh rhe hai ki durust krte hai chaliye isko.",0
15:33 ,(speaker 4), rohit ji mai iss par bat karta hoon. dekhiye vishnu shankar jain ji ko nhi pata hai ki 1991 ka religious protection act hai already. kanoon hai. jab tak parliament mai usko badla nhi ja sakta tab tak kya iss par yachika dayar krne ka koi matlab bnta hai?,0
15:49 ,(speaker 1), arre mujhe pta hai. aur usko pta hone ke bad maine dawa dakhil kiya hai. mujhe bolne ka mauka dijie.,0
15:52 ,(anchor)," ji ji, abhi ayenge. ek ek karke bolte hain.",0
15:55 ,(speaker 4), 1968 ka jo samjhauta hai vishnu ji kya wahan ke local pujari abhi jaise rohit ji ne btaya aur mere pass bhi wo toh mai bolne wala tha lekin bhai ne pehle hi bol diya ki local log khud keh rhe hain ki bahari log a karke mahaul kharab krna chahte hain. ram mandir ke case mai bhi kaha tha ki,0
16:10 ,(anchor), agar vishnu jain proxy ho sakte hai apke hisab se political party ke toh local jo jiska ap bayan dikha rhe hai ya maine btaya abhi wo proxy nhi ho sakta kisi ka? apke yahan kya roshni chali gyi hai? ,0
16:27 ,(speaker 4), nitish ji ke bihar ka yeh hi hal hai. dekh lijiye ki bihar issi tarike se andhera mai hai aur jab hmari party jit kr ayegi tab hum bihar ko andhere se bahar lekar ayenge.,0
16:37 ,(anchor), chaliye sir ab papoo yadav ke sath ap kitne andhere se bahar layenge yeh toh samay btaega. abhi mudda krishna janbhoomi ka hai. apke chunav prachar ka nhi hai. sangit ragi apke pass a rha hoon. yeh log keh rhe hain ki bhaisab 91 ka act hai. sare vivado ke upar samjhauta ho chuka hai. jab samjhauta ho chuka hai toh adalat mai kyun jana? kyun rajniti chamkane ke liye jana hai kya? sanjit ragi boliye.,1
16:57 ,(speaker 5)," dekhiye rohit ji, dekhiye rohit ji ayodhya mathura aur kashi inn 3 mandiro ka udhar jo hai woh bharat ke hindu samaj ka sankalp tha, bharat ke santon ka sankalp tha. jo sangathan ae iss andolan ka hissa bane hue bad mein bane hain. lekin ye multa hai ye bharat ke hinduon ka sankalp tha aur vah bar-bar yah doharaya ja raha tha ki dekhie 3000 se jyada hinduon ke mandiron ko videshi muslim akranta  yahan akar ke toda aur ap dhyan dijie aur ap dhyan dijiye ki krishan shiv aur ram hinduon ke mahatvapoorn aradhy dev mein se ek hain. thik kisi ne kahan ki vah hamari sanskrti ke pramanik stambh hai aur vahi jakar ki yadi masjid khadi ki gai hai to janaboojhakar ki hinduon ko dalit karane ke lie, apmanit karane ke lie, yaduvansh kie gae hain. itihas ke iss chij ko correction karane ki avashyakata hai jo 1991 ka jo act aya hai. wo mujhe kahane mein koi sankoch nahin hai ki janaboojhakar ke jo muslim atankavadiyon ke dvara islamik atankavadiyon ke dvara jo iss desh mein vidhvans kiya gaya tha us vidhvans ko usi roop mein rahane ke lie jahan par masjid mandir todakar ke masjid sthapit kar diya gaya usako jari karane ke lie ek prakar se ya kanoon laya gaya tha. ek sthiti aisi thi jisamen bahut jyada isaka pratirodh nahin hua lekin mujhe aisa lagata hai ki hindu samaj ko age badh karake isaka pratirodh bhi karana chahie tha. jab ca ka kanoon ata hai, ayodhya mein supreme court ka nirnay ata hai, iske bavajood log jate hain. ram janmabhoomi ram janmabhoomi par aj jab hindu samaj ek mandir banane ja raha hai bhavya mandir banane ja raha hai to vah muslimon ke koi bhai charon se nahin nikala. unhonne to sare prakalp, sare bhitande apana lie the jiske karan mandir nahin ban sake lekin supreme court ke nirnay se chizein sambhav hone ja rhi hai. supreme court ke nirnay ke ane ke bavajood agar.",0
19:24 ,(anchor)," agar masla 91 ke kanoon ka hai. sanjit ji, agar apko lagta hai ki iske ane ka kanoon muslim pushtikaran ka kanoon tha toh sir sarkar se kahiye na. sansad mai takat hai uske pass. madarma lijiye wahan par. sarkar se kahiye sansad mai takat hai uske pass. kyun vishnu jain ko adalat mai bhej rhe hain? phir 30 sal chalenge isko?",0
19:53 ,(speaker 5), dekhiye dekhiye dekhiye rohit ji yadi yeh iss desh ka hindu samaj itna itna hi sanvedanashil hota apni asthaon ke mudde par toh yeh sare mudde 1947 ke bad hi turant nipat jane chahie the lekin durbhagy se congress ki sarakar ne muslim tushtikaran ke lie iss desh ki sanskrtik dharohar ko musalamanon ki hath mai girvi rakh diya. musalamanon ke hathon mein is desh ke sanskrtik ko unhonne vote bank ke adhar par bandhak bana diya. ab bharat ka hindu samaj thoda-thoda uske prati sanvedanashil ho raha hai.,0
