timeStamp,speaker,text,label
00:00 ,(AUTHOR), ji haan rahul gandhi ne ailaan kar diya hai road se nahin uthenge kisaan. rahul gandhi ka ailaan road se nahin uthenge kisaan hum log yah savaal utha rahe hai ki kisaanon ko thand mein bitaayenge khud naye saal ki chhuttiyon par chale jayenge kya. matlab rahul gandhi sirf badhkaaenge ya singhu border par kisaanon ke saath vahaan par bhee najar aayenge sirf badhkaaenge ya singhu bhi jayenge matlab bahut aasaan hota hai bhadakaana kisaanon ko aap sochiye na taapmaan kitana hai raat kee thithuran aur usme rahul gandhi yahan par kahate najar aa rahe hai ki ab rahul gandhi keh rahe hai ki andolan jaari rahega aur kisaan jo hai vah nahin uthane vaale saath hi rahul gandhi ne yeh keh gaye ki desh mein ab lokatantra khatam ho chuka hai desh mein lokatantr rahi nahi gaya woh keh rahe is mulk ki baat kar rahe aap matlab aap sochiye na ki sena par sawaal uthane ki azaadi lekin loktantra nahi hai balakot par sawaal uthane ki azaadi lekin loktantr nahi hai surgical strike ko farzigcal strike batane ki kahani lekin loktantr nahi hai pak parshti ki azaadi lekin loktantr nahi hai chin parshti ki azaadi lekin loktantr nahi hai tudke tudke gang ke saath khadne hone ki azaadi lekin loktantr nahi hai desh mein emergency lagane ki azaadi lekin loktantr nahi hai yahi nahi rashtrapati shashan ka record banane ki azaadi lekin loktantr nahi hai toh hum log yahi samjhne ki koshish karenge ki kya rahul gandhi sikhayenge loktantr ya rahul gandhi se sikhna loktantr aap sochiye duniya ka sabse bada loktantr hai hindustan sabse mahan loktantr hai hindustan puri duniya mein daat di jaati hai bharat ke loktantr ki aur rahul gandhi keh rahe hai bharat mein loktantr rahe hi nahi gaye hai bhai sena par sawaal utha rahe hai aur aap desh ko  gaali desh par sawaal desh ka apman kisano ka naam kisano ke naam par desh ko gaali kyu kyunki loktantr rahe hi nahi gaya hai sawaal uthayenge hum samjhne ki koshish karenge sudhanshu trivedi mujhe bataya ja raha hai ki bjp ke jo rashtriye prvakta hai woh ab mere saath judhenge lekin teen khaas mehman is waqt aapko is waqt tv screen par rajesh mishra poorv sansad hai congress ke varanasi se mere saath live judh chuke hai mere saath do kisan neta hai jagat chaudhari kisan neta woh mere saath hai aur digambar singh hai bhartiye kisaan union ke neta hai woh mere saath is waqt live judh chuke hai sabse pehle jagat chaudhri ji rahul gandhi keh rahe hai ki aap log road par hi rahenge ,1
02:26 ,(SPEAKER 1), aman chopra ji main rajnitik koi bhi channel discuss karega main kuch bhi jawaab nahi dunga mujhe sharam aati hai aap kisano ke baare mein tv channel baat kyu nahi karte ho bhaiya tumko apne shoe kab tak tum show continue karoge yeh thand mein tumhe dikh nahi raha ki kisan mar rahe hai isme rajnitik dalo ko involve mat karo yeh punjab ke kisan humare kisan hai haryana ke kisan humare kisan hai inko dard hai tabhi baithe hai na yeh tum humko bitha dete hum inko inka guest bolenge kisano ke kabhi nahi bolenge yeh humare bhai hai yeh humare bhai humare parivar ke log thand mein marenge hum inke khilaf bolenge koi rajnitik discussion nahi only for farmers ,0
03:03 ,(ANCHOR), toh jagat ji aapko jagat ji aapke jagat ji jagat ji humare aapke andaato ko kisan bhaiyo ko thand mein andolan ke liye badhkane wale jo log hai unko jawaab nahi denge aap jo huma jo kehte hai aandolan jaari rakhna chahiye khud chuttiyan bana ke aayenge heater mein baithkar ac kamre mein baithkar bolenge aandolan jaari rehna chahiye khud nahi jayenge ,1
03:28 ,(SPEAKER 1), rajnitik rajnitik zameen talash rahe hai inki rajnitik zameen hindustan se khatam ho gayi hai yeh canada se pakistan se rajneeti chalte hai aisa thodi desh mein chalegi humare desh ki rajneeti patriotism pe chalegi humari nahi humare desh ki rajneeti sena se kisano se chalegi humare channel jo desh ke kisano ko aur inko jawano ko dikha rahe ho unse chalegi inko kuch bhi mat balo tum kahi ghumte phire koi bhi neta main toh apne se muh se naam nahi lunga ,0
03:53 ,(ANCHOR), woh toh keh rahe hai kisano ki chinta hai unko woh toh keh rahe hai ki kisan toh road par hi rahega kisan toh sadak par rahega ,0
03:59 ,(SPEAKER 1), arre agar inko inko chinta rehti toh inke saath baith ke dikhao na neta jo neta ghum rahe hai baitho thand mein main bhi baithonga aake chalo ,0
04:06 ,(ANCHOR), bahut shandar ,1
04:07 ,(SPEAKER 1), main thand mein inke saath baithunga kothio mein laet rahe ho main baithunga wahi pe kisano ke saath khel mat khelo mat bharat sarkar khelo na yeh neta khelenge main nahi bolta bharat sarkar inke saath khelegi tum kya tamasha bana rahe ho kyun nahi bulate union walon ko tum yeh kisan desh ka pet bharne wale hai pure desh ke kya main tamasha hun koi inke khilaf ek shabd bhi nahi bolunga mere bhai hai yeh main unka khoon ho kaun aayega delhi ki janta bahut pareshan hai is samay saari delhi ki cease ho gayi pura seal kar diya koi aana nahi jaana nahi arre bhaiya main haath jodh raha hun delhi ki seal khulwa do maanniye supreme court se keh raha hun 356 kisi aur ke liye bhi hoti hai logon ne rajnitik netaon ne delhi bandh karwayi hai hatao delhi mein se aisi sarkar kahan hai sarkar iski jaroorat kya hai yeh sarkar koi bhi jo rajnitik humare maulik adhikaaro ka hannan karegi supreme court mein jo humare maanniye sansad sadyse hai sansad hai uspe bill pass karya ek aadhi adhuri vidhan sabha laake bill fadh denge inki himaat kaise hoti hai bill fadhne ki main bilkul bhais nahi karunga mere kisana ke saath khadya hun main apne kisano ke saath kahi ke bhi kisan hai main inke khilaf ek shabad nahi bolunga main inka khoon ho inki jo kamiyan hai unko door kare sarkar jab bill mein kami hai toh kyu nahi bill mein kami ko yeh vaise hi baith ke thand mein yeh inke upar aarop lagane wale jo bhi aarop laga rahe hai na ,0
05:31 ,(ANCHOR), jagat chaudhari ji ,0
05:32 ,(SPEAKER 1), vakye vakye humare desh ke kisaan hai ,0
05:33 ,(ANCHOR), jagat chaudhari ji aapko kya lag raha hai rahul gandhi ko chinta hai kisano ki lagta hai aapko lagta hai toh bataiye mere ko ,1
05:38 ,(SPEAKER 1), rahul gandhi ko nahi kisi ko bhi chinta nahi hai inko jinko chinta hoti toh thand mein baithe na woh ,0
05:43 ,(ANCHOR), rahul gandhi toh keh rahe hai ki sund sundmate rahul gandhi toh keh rahe hai ki thand mein hi sade kisan rahul gandhi to keh rahe hai ki thand mein hi rahe kisan 2 degree taapmaan raat ke time 29 din ho gaye 29 minute rah kar dikha dena woh thand mein is tarah se jo aandolan ke liye badhkayenge kya woh khud singhu border jayenge jo aandolan ke liye bhadakayenge khud to naye saal kee chhuttiyon par chale jayenge kal to kal se to christmas naye saal kee chhuttiyaan sudhanshu trivedi ji kal se toh naye saal kee chhuttiyaan shuru ho jayengee na christmas hai kal yeh sirf bhadkayenge ya khud bhi jayenge sudhanshu trivedi ji ,1
06:22 ,(SPEAKER 1), kripa dijiye main haath jodh raha ho mujhe ek minute aur bolne dijiye please ,0
06:25 ,(SPEAKER 2), acha bol lijiye ,0
06:25 ,(ANCHOR), jagat ji haan boliye jagat ji aap boliye ,0
06:27 ,(SPEAKER 1), bharat sarkar ko 303 ji sir main bol raha hun bharat sarkar ko teen sau teen mp diye inke paas saare sansaadhan hai hamaare kisaan kyu thand mein baithenge tum humme sharm aatee hai yaar humko tv channelo pe ki hum kharab bolenge kabhi kabhi na bolenge hum inke saath khadya hun saari union thand mar rahi hai apne gharo mein tv channel wale so jaenge jaa ke aa ke hum baat karte hai hum do minute ka time do toh nahi dete main kisano ke saath khada hun koi kisan ke khilaf koi si bhi rajnitik party ho yeh party piche pehle kisaan hai sharam aati hai mane kisano ke khilaf bolte huye saare msp maang rahe hai do msp tum par joor padh raha hai is pili thand mein do msp msp to maang rahe hai na to tum pe se kuch maang nahi rahe yeh tankha le le ke sansad mein late rahe hai free mein itanee suvidhaen le rahe hai kisano ko nahi milegi suvidha yeh kisan tumhara hal jotenge kamha kahan naukri karenge rajneta chale jayenge inke paas hume vote do abke koi bhi kisaan kisi bhi party ko vote nahi dega ek party ko vote nahi dega kya makul bana diya delhi mein saare kisaan bache thitur rahe hai sardar lag rahe hai wahan keh rahe hai ji bhandare laga rakhe hai tum khilraon khana ab kahan se laege khana agar khana apna nahi le aayenge kahan se leke aayenge yeh kuch nahi chalega medal pedal ka drama kuch bhi hume in kisano ka haq chahiye bas ,0
07:41 ,(ANCHOR), toh jagat chaudhari ji jagat chaudhri ji isliye toh isliye toh main bhi debate karke yeh sawaal utha raha hun na ki bhai unthees din ho chuke hai thand ka jo log kisan aandolan par sawaal utha hai main baar baar kehta hun aatahis minute baith kar dikha de kisano ke saath jo log kisan aandolan par sawaal utha the hai ya kisano ke kandhe pe bandook rakh ke apni siyaasi nishana sadhne ki koshish karte hai jo kehte hai ki loktantr khatam ho gaya kisano ke bahane kehte hai apni siyasat sadhne ki koshish karte hai unthees minute baith ke dikha de woh khud toh chuttiyon par nikal jayenge main keh raha hun kal se christmas hai aur naye saal ki chuttiyan hai rahul gandhi agar keh rahe hai ki agar yeh kisaan uthne wale nahi hai sudhanshu trivedi ji ab main aapke paas aa raha hun uske tehsin poonawala jagat ji maine aapko pura samay diya sudhanshu trivedi ,0
08:23 ,(SPEAKER 2), jagat ji ne bhi apne bhaavo ki abhivakhyti ki ,0
08:26 ,(ANCHOR), sudhanshu trivedi ,0
08:27 ,(SPEAKER 2), dekhiye jagat ji ne bhi jo apne bhaavo ki abhivakhti ki hai ,0
08:31 ,(SPEAKER 1), trivedi ji please pandit ji maharaj ek minute one minute more ,0
08:34 ,(ANCHOR), boliye boliye ,0
08:34 ,(SPEAKER 2), acha thik hai ,0
08:35 ,(ANCHOR), boliye kisan bhai boliye boliye aap boliye boliye ,0
08:36 ,(SPEAKER 1), dekhiye yeh jitne bujurg humare baithe hai sardar main inka bacha hun inke charno ko rinuota hun main waheguru jee da khalsa waheguru dee fateh hamaare liye jaan katava dena inhone sharm aani chahiye hum logon ko pure desh ko pura desh dekh raha hai inko koi keh raha hai wahan se aa rahe hai arre yeh gurudware mein lakho logo ko langar khilaate hai roz delhi mein ja ke dekho hum ja ke chakte the langar wahan jab hum congress youth congress mein the langar titler wahi khilaata tha toh party ponti pontish kari thi jagdish tytler ne main bata raha hun 1980s ki baat saare jaa ke youth congress wahi langar chakti thi aaj congress inke saath khel rahi hai punjab mein jab baithe humare amarinder singh sahab kyu nahi karte inke bhalayi wahi pe msp leke rahenge leke rahenge msp humme chahiye aur kanoon jo laye ho na inme sudhaar bhi chahiye kani kanoon jabarjasti koi sarkar nahi thoop sakti humare upar ,0
09:26 ,(ANCHOR), ladhai msp ki hai na ladhi mspki hai na rajnitik ladhai to nahi hai na wohi toh jagat ji thik hai jagat ji ab sudhanshu trivedi ji ko bolne de thik hai ,0
09:37 ,(SPEAKER 1), ji boliye boliye ,0
09:38 ,(ANCHOR), boliye sudhanshu trivedi ji rahul gandhi keh rahe hai ki woh baithe rahenge kisan uthne wale nahi hai ,0
09:43 ,(SPEAKER 2), jagat ji ne jo apni vedna vakhyt ki usse main aanshik roop se sehmat hun kisaano ki ksath kisaano ki samasaye ek paksh hai aur uspe hone wali rajneeti dusra paksh hai jahan tak kisano ke yatharth ki baat hai sarkar puri samvhedansheelta ke saath khule man se varta karne ko taiyar hai msp ki likhit guarantee dene ko taiyar hai likhit mein jo bhi order karna karne ko taiyar abhi bhi msp di gayi hai sitambar ke mahine mein di gayi hai badhakar di gayi hai haan rahi baat kanoon ki toh hum ek aur baat kehte hai yadi kalpana kar lijiye yeh teeno kanoon withdraw ho jaye toh kya msp kanoonan ho jayegi nahi msp ka kanoon aur in teeno kanoono ki vapasi isme aapas mein koi sambandh nahi hai haan jaan tak rajneet ki baat hai aaj bhi aapne dekha ki rashtrapati bhavan ke paas ja kar jo partyian ja kar yeh baat kar rahi hai jara unka bhi toh yatharth dekh lijiye rahul gandhi ji keral se sansad hai keral apmc act nahi hai ab bataiye apmc keral mein nahi hai sab kuch acha hai aur yahan par jhanda hai ki apmc hona chahiye ab do mein se ek baat maan le agar wahan rehna wahan kharab hai ki wahan apmc na hone pe toh pehle wahan lagu karwate aur wohi communist party hai ek hi sahshan mein unke rajye mein nahi hai aur yahan keh rahe hai hona bahut jaroori hai toh do mein se ek baat teh karle hatne mein acha hai ya rehne mein uske anusaar apna stand change karle yeh jo kisaano ki bhaavnao ke saath khilwaad ki baat hai aur bhi chaudhari sahab ne ek aur baat badi achi kahi unhone kaha waheguru ji ka khalsa waheguru ji ki fateh inhone toh hum logon ke liye sar katwaye the main bilkul maanta hun sar katwaye the apne bete chunwaye the magar afsoos ki jin logon ne sar kaate the jin logo ne bete chunwaye the abhi parso hi guru teg bahadur singh ji ka balidaan divas tha un sabko apni kitaabo mein mahan likha inhone un sabka mahimamandan kiya sikh guruo ke baare mein anaap snaab baate likhi woh sab hum logon ne hatwayi isliye main keh raha hun naa yeh kisi samaajik vrti ke saath hai naa rashtriye vrti ke saath hai naa dharmik vrti ke saath hai na kisaan ke saath hai keval aur keval shiyasat ke saath hai aur mujhe vishwas hai ki kisaan sajug hai aur woh apne khet mein kisi yo jaise gusne nahi deta hai jaise usse lagta hai ki koi aawara gusne ki koshish kar raha hai vaise hi woh mustehdi ke saath aise kisi logo ko gusne nahi deta hai ,0
11:55 ,(ANCHOR), trivedi ji mera paksh yeh ek badi khabar aapko bata de congress ke do crore ke hakshtar par sawaal darsal kisano ne rahul gandhi se nahi milne ka kiya daava krishi mantri keh rahe hai rahul gandhi ko congress bhi gambhirta se nahi leti rahul gandhi ne kisano ke liye kuch nahi kiya congress ke do crore ke hakshtar darsal jo gyapan saupa uspe do crore hakshtar the rashtrpati ko pritinidhi mandal milne jaa raha tha us par sawaal uthe ki yeh do crore hakshtar kaha se laye yeh bhi kahi farzi toh nahi hai yeh dekhiye yeh woh tasveer jab yeh gyapan saupa gaya hakshtar do crore rahul gandhi ko congress bhi gambhirta se nahi leti hai yeh krishi mantri narender singh tomar kehte nazar aa rahe hai lekin lekin mere saath ab tehseen poonawala congress se political analyst hai congress ke bahut bade samarthak hai tehseen poonawala sawaal bas yahi hai ki darsal kisan jo hai woh khasth mein hai woh peeda mein hai woh dard mein hai unke saath thik nahi ho raha aur agar kisaan humare kisan bhai andaata sadako par hai thand mein hai 2 degree 3 degree taapmaan hai to koi mere ko yeh lagata hai jo log bhadakate nahi ki aandolan jaaree rehana chahiye aandolan jaaree rehana chahiye heater laga kar aap tweet kar de woh khud kyon nahin jaate aandolan mein jaana chahiye na unako ek raat gujaar nahin chahiye kisaano ke saath nahin tehseen ,1
13:23 ,(SPEAKER 3), aman bhai bahut sankhsep mein baat rakhunga apni umeed hai aap toko gaye nahi sabse pehle ke jo aadaraneey agriculture minister tomar sahab ne kaha ki kisan bhi rahul gandhi jee ko gambheerata se nahi lete thik hai toh pir rashtrpati sahab ne kyun unko mulakat karne ka khasat kiya kya rashtrpati sahab aaj kal timepass ke liye baithe huye hai rashtrpati bhavan mein koi kaam nahi isliye woh jinko log gambhirta se nahi lete aise unko milte aur chalo rahul gandhi ko gambhirta se nahi lete captain sahab jo punjab ke wajir e aala chief minister hai unko toh lete hai na gambhirta se unko to rashtrpati sahab mile nahi toh kya rashtrpati sahab aaj kal koi unke paas kaam nahi hai dusri baat agar rahul gandhi ko gambheerata se nahin lagti to itni delhi police ki badi fauj kyon laga dee priyanka ji ko aapne bus mein daal diya nahi lete gambhirta se jaa ke vote woh de dete hai apne jo unhonne signatures like teesri baat apni baat sampat karta hun aapne kaha yeh do crore signatures pe prashan hai inpe utna hi prashan hai jitna narendra modi sahab ki degree pe prashan hai agar aap maante hai ki narendra modi sahab ki degree original hai toh yeh kisaan ke signatures original hai agar aap maante hai ki unki degree original nahi hai toh kisaan ke signatures original nahi ab zee news isko teh kare kyunki jo aadmi pandrah lakh ki suit pehen kar jispe apna naam chappa ho kehta ho main to fakir hun apne liye naya bangla banata ho jab desh recession mein ho do nayi hawaijhaaz kehta ho kehta ho ki main toh bhai fakir hun jo amit shah ji ka beta bcci mein hai unko saare adhikar hai lekin rahul gandhi ko kisaan ki baat uthane ka adhikar nahi hai ,0
14:41 ,(ANCHOR), hai pura hai hai nahi tehseen main rahul gandhi ke saath hun main rahul gandhi ke saath hun ,1
14:47 ,(SPEAKER 3), kabhi puch lena puch lena sir ,0
14:50 ,(ANCHOR), main puchta hun main tehseen wala mera sawaal phir aap gayab kar gaye main rahul gandhi ke saath hun unko kisaano ki baat karne ka adhikar hai kisano ke haq ki awaaz uthane ka rahul gandhi ko pura adhikar hai lekin bas mera sawaal yeh ke sirf bhadkayenge ya singhu bhi jayenge jaara ek raat gujaar kar dekhe na jo karen kisaan sadak par rahega ac  kamre mein heater laga kar baith hai khud jaye jaate kyon nahin hai sirf bhadkayenge ya singhu bhi jayenge ya kal chutti par nikal jayenge tehseen jaana chahie na ,0
15:20 ,(SPEAKER 3), bahut achha bahut achha prashan poocha aap ne sanshayep mei jwaab de doonga mujhe atal bihari vajpayee ji ka vo vo bhashan yaad aata hai sudhanshu ji ko pta hoga jab unhone kaha yeh kissano ka aandolan hai kissan aa rahey hai dilli ke andar unhe aane ka adhikaar hai hum iss par rajneeti nahi karna chahtey lekin agar kissano ko roka gay dabaya gaya toh hum majbooran iss rajneeti mei aayengey aur yeh hamara adhikar hai atal bihari vajpayeeji ne kaha aaj kissan maang kar rahey hai ki vo ramleela maidan pe aayey ,0
15:47 ,(ANCHOR), tehseel bhai nahi ,0
15:47 ,(SPEAKER 3), yeh maang kar rahey hai narendra modi ji se ,0
15:48 ,(ANCHOR), tehseen bhai galat mera sawaal tehseen bhai galat tehseen tehseen ,0
15:51 ,(SPEAKER 3), kuch nahi kiya main apni baat sampat karta hun sun lijiye please ek second ek second meri baat sampath hone dijiye bahut apni last line keh raha hun congress ne kuch nahi kiya please i request you meri jawaab sun lijiye congress upa manmohan singh jee jo is desh ke sabse hoshiyaar pradhanmantri the unke kaaryakaal mein gdp agriculture gdp tha 4.1% aaj hai 1.1%.aur kuch nahi kiya kisano ko tarakki di unnati di pragati di narendra modi ji ne chori ki hai ,0
16:20 ,(ANCHOR), rahul gandhi keh rahe hai kisaano ko thand mein baithe rehna chahiye bas mera sawaal hai sirf bhadakayenge ya khud bhi jayenge aapko nahi lagta ki jo rahul gandhi keh rahe hai kisano ko baithe rehna chahiye thand mein ek raat toh guzaariye na kisaano ke saath samjh mein aa jayega toh kitni thand mein baithe hai humare kisaan kisaan bhai humare kitni thand mein baithe hai humare andaata ek raat guzaar le jo keh rahe ki kisan thand mein baithega jaana chaiye na jo kehte hai ki aandolan jaari rehna chahiye iska jawaab dijiye na tehseen ,0
16:47 ,(SPEAKER 3), aapko haan main bolta hun main jawaab de deta hun rahul gandhi kahan gi jaate kidar jaate woh camera leke nahi jaate jis vakhyti ko camera ka shukh hai koi aadmi beech mein aa gaya haath pakdte hata dete nadda sahab video dekha na amit shah ne kaise haath hataya vaise camera ke saath humare rahul ji nahi jaate humare dil ke karib hai woh jaate hai bina camera ke sewa karte hai bina camera ke prathna karte hai bina camera ke maa ke saath rehte hai bina camera ke ,0
17:14 ,(ANCHOR), tehseen bas itna mera maan lijiye mera ek hi paksh hai jitne bhi log aaj taal thok ke main ek cheez keh raha hun tehseen bhai tehseen bas ek baat taal thok ke keh raha hun jitne bhi log aaj kisaan bhaiyo ko aandolan ke liye bhadaka rahe hai taal thok ke keh raha hun jitne bhi log aaj humare andaato ko thand mein sade rehne ke liye thand mein wahan par raat guzarne ke liye bhadka rahe hai na un sabko kam se kam ek ek raat guzarni chaiye humare kisaan bhaiyo ke saath un sabko ek ek raat guzarni chahiye kisaan bhaiyo ke saath ,1
17:46 ,(SPEAKER 3), aapko kaise malum hua rahul gandhi nahi gaye camera lekar nahi gaye modi ji ki tarah camera lekar jaate mummy ko milne camera lekar jayenge ,0
17:52 ,(ANCHOR), acha woh raat guzaar aaye hai sudhanshu trivedi acha acha hume nahi pata laga rahul gandhi raat guzaar aaye hai kisaano ke saath singhu border ho aaye rahul gandhi sir abhi toh chuttiyon se aaye hai kal chuttiyon par chale jayenge kal chuttiyon par chale jayenge tehseen aapko bhi paata nahi lagega aap aaj bol rahe hai ho sakta hai kal chutti par chale jaaye woh ,0
18:13 ,(SPEAKER 3), aapko kaise malum ,0
18:13 ,(ANCHOR), abhi naye saal ki chuttiyan kal christmas ,0
18:16 ,(SPEAKER 3), aapko unka plan ho sakta hai ho sakta hai ,0
18:18 ,(ANCHOR), phir acha kisaano ko bhadakenge khud chutti pal chale jayenge yeh sahi tehseen kisaano ke bhadakenge thand mein rehne ke liye aur khud chuttiyon pal chale jayenge ,1
18:27 ,(SPEAKER 3), aapke paas modi ji aur rahul gandhi ka program hai ,0
18:27 ,(ANCHOR), sir aur mauke milenge politics ke kam se kam kisaan bhaiyo ko ghar bhejiye kam se kam kisaan bhaiyo ko humare andaato ko ghar bhejiye bahut bura haal hai main hokar aaya hun singhu border main hokar aaya hun tamam borders par bahut bura haal hai paanch minute nahi baitha ja sakta hai wahan par itni thand hai itna bura haal hai wahan par koi nahi jaa sakta hai wahan par aur neta keh dete hai aandolan jaari rahega kisaan humare baithe rahenge kisaan thand mein rahenge kisaan raato raat wahan par rahenge galat hai tehseen kisaan sabse pehle hai andaata sabse pehle hai unki suvidha sabse pehle hai khud heater chala kar kamre mein baithenge aur kisaano ko bhadakenge digambar singh digambar singh bhartiye kisaan union se digambar singh ,1
19:16 ,(SPEAKER 1), sir ek minute sir ek minute sir ek minute sir ek minute main bol jao ,0
19:19 ,(ANCHOR), ek minute jagat ji ek aur kisaan neta hai digambar singh hai bhartiye kisaan union se hai unko paksh le lun main aapki ijazat se ,0
19:25 ,(SPEAKER 1), sir ek minute guzarish sir ek minute please ek minute please sahab please please one minute please sir please please sir ,0
19:32 ,(ANCHOR), haan boliye jagat ji boliye ,0
19:32 ,(SPEAKER 1), dekhiye aapse main nivedan karunga sabhi channelo se yeh jo parivaar hai na humara parivaar aadharniye parivaar is parivaar ka khilona na banave is parivaar ne balidaan bhi diya hai yeh prvakta bewakoof baitha rakhe hai congress ke prvakta ki bezati karwate jab se surjewala aaya congress ka bedha garg kar diya congress ne balidaan diya hai desh ke liye mujhe dukh lagta hai congress ke liye kuch bolta hun toh yeh parivaar ne balidaan diya desh ke liye rahul gandhi mein bahut buddhi hai kam buddhi nahi hai lekin yeh jo communist hai na inhe nuclear deal ka toh sharm hai saaf chhod diya tha inko laat maare rahul gandhi laat maaro inko inko communisto ko kaun hai kejriwal isko bhagaon yogender yadav ko bhagaon sirf rahul gandhi priyanka gandhi aadarniye hai inka aadar karo main nahi kehta yeh galat hai inke prvakta saare galat hai galat cheeze bahut galat pe rokta hai aaj rahul gandhi keh denge aaj hat jayenge main toh nivedan karunga rahul ji inko hatwao baitha ke aap baat karwa dena aap aadarniye ho aap kyun batak rahe ho ,0
20:34 ,(ANCHOR), jagat ji main aapse rajnitik tipni nahi chaha raha tha isliye main us par main aapse baat nahi kar raha tha mujhe nahi pata aapne acha kasa gyaan de diya left ko hata do kejriwal hata do matlab aap political comment main ,0
20:45 ,(SPEAKER 1), congress party ki galti hai congress party ki galti kyun baitha rahe ho inko kyun sahara de rahe hatwao inko yeh ja ja ke sahara dekhte hai congress party ne toh jamaye hai inko hata chahiye kejriwal ko hatna chahiye ,0
20:55 ,(ANCHOR), bhartiye kisaan union se digambar singh bhartiye kisaan union se digambar singh humare saath hai kisaan bhai humare saath hai digambar singh aapko nahi lagta jo log chahte ki kisaan bhai thand mein baithe rahe unko bhi aapke saath aana chahiye ek raat guzaarni chaiye baithna chaiye dekhna chaiye ki aap log kitne dard mein hai khasth mein hai peeda mein hai tabhi unko samjh mein aayega digambar singh ,0
21:20 ,(SPEAKER 4), dekhiye naa toh hum congressi hai na hum bajpai hai aur rahul gandhi ko koi adhikaar nahi ki kisaan jab tak nahi hatenge kisaan rahul gandhi se puch ke delhi nahi aaya kisaan bhartiye janta party se buch ke delhi nahi aaya agar congress ki nitiyan itni achi hoti toh aaj congress satta se bahar na hoti yeh sudhanshu trivedi ji humare baithe huye hai bharitye janta party ke bade neta hai main toh inse bhi kehna chahunga dekho yeh rajneeti kisaan ke saath hoti rehti hai jab congress satta mein thi toh bhartiye janta party ke log cylinder aur pyaaz ki malaye gale mein daal ke ghumte the aaj congress ghum rahi hai kisaan ke saath rajneeti kyun kisaan nahi bhula san stasi ka aandolan jab bhopa gangnehar mein kisaan ke tractor fikhwa diye gaye the congress ki sarkar thi kisaan nahi bhula aathsi ka aandolan aathsi mein boat club pe jab aasu gas ke gole aur kisaano pe laathi charge karya gaya tha hum nahi bhule hum humko aaj bhi yaad hai jab do hazaar atharan mein kisaan kranti yatra leke aaye ghazipur border par isi border par jahan par hum baithe huye hai isi border par bhartiye janta party ke dwaara paani ki bochaare aur aasu gas ke gole chudwaye gaye hum aaj bhi nahi bhule ke aaj jab haryana se kisaan bhai chalta hai toh uske liye sadake khudwa di jaati hai yeh sarkare rajneta iss desh ke kisaan pe rajneeti karni chhod de hum kisaan hai main ek kisaan hun hum apna dard leke aaye hai humare pet mein aur humare bacho ki fees jama nahi ho rahi humare pet mein woh bhookh hai hum woh aag leke yahan aaye hai aur baat rahi aandolan chalane ki paanch degree temperature pe baithne ki paanch degree temperature pe kisaan baith sakta hai do degree pe bhi kisaan ke bache seemaon pe is desh ki raksha karne ke liye seemaon pe datte huye hai aaj woh fauji log jo chuttiyon pe aaye huye hai woh bhi is kisaan aandolan pe aa ke samarthan de rahe hai unko khalistaani aur pakistani batane ka kaam kiya ja raha hai ek beta kisaan andolan mein datta hua hai toh dusra beta fauj ki mein seema pe datta hua hai aur humko khalistaani aur pakistani bataya jaata hai ,0
23:13 ,(ANCHOR), kisne kaha hai ,0
23:13 ,(SPEAKER 4), kuch log samarthak laye jaate hai ,0
23:14 ,(ANCHOR), kisne bataya kisne kisano khalistaani kaha hai ,0
23:18 ,(SPEAKER 4), bhartiye janta party sarkar jo hai yeh apne kuch chand logo ko leke meerut se chalti hai aandolan ,0
23:22 ,(ANCHOR), nahi digambar ji yeh galat hai digambar ji aap samanit hai lekin kisne kisaano ko khalistaani kaha ,0
23:30 ,(SPEAKER 4), kisan aandolan mein aayega ,0
23:31 ,(ANCHOR), kisne kaha kisne kisano ko khalistaani kaha kisne kaha bataiye na ,0
23:37 ,(ANCHOR), anchor bhartiye janta party ke kahi baar kehi baar bhartiye janta party ke vivek aggarwal ji baithe the woh mujh ko keh rahe hai ,0
23:44 ,(ANCHOR), bjp ne kaha ,0
23:45 ,(SPEAKER 4), yeh kisaan nahi hai  yeh koi dusre uske log hai ,0
23:47 ,(ANCHOR), bjp ne kaha kisne kaha bataiye na aap digambar ji aap bataiye kisaano kisne khalistaani kaha ,0
23:53 ,(SPEAKER 4), vivek aggarwal ,0
23:55 ,(ANCHOR), kisne kaha ,0
23:58 ,(SPEAKER 4), vivek aggarwal bhartiye janta party vivek aggarwal bhariye janta party ke prvakta hai unhone kaha ek tv channel pe debate mein mujh ko kaha main khud maujud tha ki yeh aandolankaari nahi hai jisko desh mein rehna hai woh rahe naa rehna ho naa rahe kya matlab in baato ka kehne ka ,0
24:13 ,(ANCHOR), acha woh ek tipni huyi hai kisi ki ek tipni jinka aap naam le rahe hai ,0
24:17 ,(SPEAKER 4), aap pata karwaiye ,0
24:17 ,(ANCHOR), ek tipni hai bjp ke ek neta ki aur aap keh rahe hai ki saare kisaa kisi ne nahi kaha dekhiye main ek baat bataon aapko digambar ji aapka pura samman hai kisaan farmer first policy hai kisaan hai toh hum hai andaata hai toh hum hai humari pechaan aur ek tarike se humara vjood aapki vajah se hai digambar ji aapki vajah se aur jagat ji aapki vajah se kisaano ka aandolan safal hona chahiye lekin wahi chetate huye kisaano ke aandolan ki aadh mein koi agar rajneeti chamkane ki koshish karega chahe woh khalistaani kyun na ho uske khilaf taal thokni padhegi sir aap samjhiye kisaano ko khalistaanio se bachna hai kya ghuspet nahi huyi kya ghuspet nahi huyi kisaano ko nahi kaha kisi ne ,1
25:05 ,(SPEAKER 4), aapki aapki baat ka main ab suniye toh ab suniye iska jawaab suniye aap apni baat mein chopra ji dekhiye hum desh bhakt hai aur humse bada desh bhakt koi aur nahi ho sakta kisaan se bada desh bhakt koi dusra nahi hai  ,0
25:20 ,(ANCHOR), toh yeh batane ki jaroorat nahi hai aapko ,1
25:22 ,(SPEAKER 4), agar sadhyantr rachne wale hai jo log nahi kisi ne agar sadhyantr rache hai toh hum sachet bhi hai yahan ghazipur border pe lalu singh bhard congress ke jo pradesh adhyaksh woh aaye ek din toh kuch logo ko jo sansad aur woh rahe hari topi odh ke bheja gaya ,0
25:37 ,(ANCHOR), thik hai main sudhanshu trivedi aapke paas aaun usse pehle usse pehle humare saath varanasi ke poorv congressi sansad rajesh mishra ji is waqt mere saath judh gaye hai uske baad sudhanshu trivedi ji main aapke paas aaunga rajesh mishra ji loktantr khatam ho gaya hai desh mein loktantr nahi raha hai kaise rahul gandhi keh rahe hai samjha dijiye ,0
25:57 ,(SPEAKER 5), chopra ji humari baat sun lijiye main chopra ji main saare logo ki baato ko sun raha hun aur is bhais sunne ke baad yeh lagta hai ki hindustan ke kisaan aur kaskar punjab haryana rajasthan uttar pradesh aur yahan tak ki maharashtra madhya pradesh ke bhi kisaan pichle aathais unthis dino se sadako pe baithe hai do degree temperature hai ek degree temperature hai aur delhi ke saare border woh sadak pe baithe huye hai aur unpe sarkar paani boochare karwa rahi hai border laga je unki beedh ko unki ralliyon ko rok rahi hai laathi charge kara rahi hai aaj bhais toh is vishe pe hona chahiye na ki hindustan ka kisaan aaj kyun apni jaan dene ke bawajood apni maang pe adha hua hai aur bhes is pe ho rahi hai ki loktantr khatam hai ki loktantr bacha hai yadi loktantr bacha hota toh shayad aathis unthis din tak kisaano is tarah is temperature mein sadak pe na bithna hota chaubiso ghante lagatar aathis unthis dino se kitne log shahid ho gaye kisaan aandolan ke ,0
26:56 ,(ANCHOR), nahi aap dard samjh rahe hai na kisaano ka ,0
26:58 ,(SPEAKER 5), aap uss list ko dekhiye na kitne bechare shahid ho gaye kisaan aur kyun aisa ho raha hai aisa isliye ho raha hai ,0
27:02 ,(ANCHOR), kyonki neta bhadka rahe hai ,1
27:04 ,(SPEAKER 5), ki jab kisano jab yeh bill pass hua kisaan ussi samay se bill ke aap aap ek baat to humari sun lijiye neta bhadka nahi rahe kisaan kya bewakoof hai kya ke kisi ke bhadkane se aayenge ,0
27:13 ,(ANCHOR), nahi toh jo bol rahe hai aandolan jaari rehna chaiye jaaye na guzare na jo bhadka rahe hai jo keh rahe hai ki aandolan jaari rehna chaiye kisaan teh karega na ki aandolan kab tak jaari rahega nahi rahega,1
27:24 ,(SPEAKER 5), aap aap baat suniye ,0
27:24 ,(ANCHOR), rahul gandhi kaun hote hai kehne wale ,1
27:25 ,(SPEAKER 5), aa suniye aap toh bajpa ke aap toh aap toh bhajpa ke pravakta ,0
27:29 ,(ANCHOR), sir main kisaano ka pravakta hun main kisaano ka pravakta hun main kisaano ki baat karunga jo kisaano ko bhadkayega khud heater chala ke kamre mein baithega khud chutti par chale jayega ,1
27:39 ,(SPEAKER 5), suniye suniye kheti karta hun suniye kheti karta hun kisaano ka pravakta hun ,0
27:44 ,(ANCHOR), par sir main bol raha hun na aapko nahi lagta ki jaana chahiye na rahul gandhi ko khud ,0
27:49 ,(SPEAKER 1), aman chopra ji ,0
27:49 ,(ANCHOR), sudhanshu trivedi sudhanshu trivedi ,0
27:53 ,(SPEAKER 1), aman chopra ji humme bolne do aman chopra ji humme bolne do ,0
27:57 ,(ANCHOR), jagat ji jagat ji aa raha hun jagat ji jagat ji sab apni apni turn bolenge jagat ji ,0
28:04 ,(SPEAKER 5), aaj yadi kisaan keh rahe hai ki humme msp pe kanoon banake de dijiye toh kya dikat hai aap aap hi kehte hai ki hum likhit aasvashan de rahe hai koi nahi kisaan aapke likhit aasvashan ko maan raha hai ,0
28:15 ,(ANCHOR), thik hai thik hai ,0
28:19 ,(SPEAKER 5), do hazaar chudah se leke aaj tak jitna aapne kaha uske viprit aapne kaam kiya ,0
28:21 ,(ANCHOR), bharosa kyu nahi ho raha hai kisaano ko aap par sudhanshu trivedi ji kisaano aap par bharosa kyun nahi ho raha hai sudhanshu ,0
28:32 ,(SPEAKER 2), dekhiye main rajesh ji se kehna chahta hun main rajesh ji ko batana chahta hun jahan tak bharose ki baat hai ,0
28:41 ,(SPEAKER 5), ambani aur adani ne apne godaam apne goddam anajo ko rakhne ke liye taiyar kar liye iska matlab yeh kanoon adani ke ghar se ,0
28:48 ,(SPEAKER 1), sudhanshu ji ek minute sudhanshu ji ek minute bolne do sudhanshu ji ek minute bolne do ,0
28:52 ,(ANCHOR), jagat ji aapko mauka de rahe hai aapko hi mauka hai sir aapse shuru kiya aap hi pe khatam karunga debate jagat ji haath mat jodiye ,0
28:59 ,(SPEAKER 5), kisaan bechara jaan de raha hai aur yahan bhes ho rahi hai ,0
29:02 ,(ANCHOR), acha thik hai thik hai rajesh ji rajesh ji ,0
29:04 ,(SPEAKER 5), aap se kehna chahte hai ki loktantr ko bachane ke jimmedari pure hindustan ke ,0
29:09 ,(ANCHOR), acha thik hai acha rahul gandhi ko kya jawaab diya prakash javadekar ne woh sun leta hun uske baad sudhanshu trivedi main aapke paas aaunga bite ,0
29:16 ,(NEWS), ki yeh jo kanoon banaye gaye hai yeh kisaan virodhi kanoon hai aur isse kisaano ka jabardast nuksaan hone wala hai mazdooro ka kisaano ka sarkar ne kaha tha ki yeh kanoon kisaan ke fayde ke hai aur desh ko dikh raha hai ki kisaan kanoon ke khilaf khada hua hai ,0
29:42 ,(NEWS), main congress ko rahul gandhi ko khule debate ki chunuti deta hun ki chalo aaiye charcha karte hai main sidh karunga ki congress ne kisaan ka hit ko humesha kaise andekhi kiya aur yeh bhi saath rakhunga ki modi ne kisaan ka kalyan kaise kiya ,0
30:10 ,(NEWS), aur main pradhanmantri ji se kehna chahta hun ki yeh kisaan hatega nahi pradhanmantri ko yeh nahi sochna chahiye ki kisaan aur majdoor ghar chale jayenge nahi jayenge jab tak yeh kanoon vapas nahi liya jayega joint session kijiye aur kanoon ko ek dum vapas lijiye kyunki kisaan vapas nahi jaane wala hai aur hum sab vipaksh ki sab partyian kisaano ke saath majdooro ke saath khade hai aur khade rahenge ,0
30:44 ,(NEWS), woh maang kar rahe hai session bulao arre session bulane par toh aap shor sharba karte ho kaam nahi karte ho ,0
30:55 ,(NEWS), woh toh tarika hai inka tarika hai detain karna maarna pithna yeh inka tarika hai but hum nahi karte yeh aap kis desh ki baat kar rahe ho yeh kaun se desh ki baat kar rahe ho democracy yeh aapka matlab kaun se desh ki baat kar rahe ho india ki baat kar rahe ho india mein koi democracy nahi hai democracy india mein yeh matlab aapke imagination mein ho sakti hai magar reality mein hai nahi ,0
31:21 ,(NEWS), humara vishwas hai samvaad se hi loktantr chalta hai sarkar ke darwaze samvaad ke liye humesha khule hai aur hum samvaad se hi raasta nikalenge yeh hume pura vishwas hai ,0
31:40 ,(ANCHOR), rahul gandhi keh rahe hai india mein koi democracy nahi rahe gayi hai india se dikat kya hai rahul gandhi ko tehseen poonawala jawaab dena chahenge loktantr khatam ho gaya hai bharat mein loktantr nahi reh gaya hai kaise ,1
31:53 ,(SPEAKER 3), bahut sankhshape mein umeed hai aap toko gaye nahi jaisa aap mishra sahab woh mujhe tok rahe the bahut sankhshape mein do line mein jawaab democratic democracy rating index mein bharat ki ghir chuka hai saat ankho par neeche ghir chuka hai democracy bharat mein khatre mein media ranking media ki azaadi mein bharat aaj africa ke mulko se piche hai aur aap aman bhai aap rahul gandhi puchte hai mujhe yaad hai ki covid ke time mein aap puchte hai rahul gandhi se prashan puchtete hai economy ke time pe aap rahul gandhi se aap prashan puchte hai aaj aap rahul gandhi se prashan puchte hai aap mein himmat nahi hai narendra modi aur amit shah ji se prashan puchne ki isliye loktantr khatam ho raha hai ,0
32:27 ,(ANCHOR), abhi hai loktantr ya khatam ho chuka hai kuch bacha hai thoda bahut ya khatam ,0
32:34 ,(SPEAKER 3), thoda bahut bacha hua hai aur aap puri koshish kar rahe ho usse khatam karne ki vipaksh se ek prashan puchne ki ,0
32:37 ,(ANCHOR), acha thik hai ek matlab yeh kaisa khatam hai maine na shurvat mein bhi ek cheez kahi thi tehseen bhai,0
32:43 ,(SPEAKER 3), aur aap puri koshish kar rahe ho usse khatam karne ki ,0
32:44 ,(ANCHOR), acha khul kar agar ek cheez dekhiye sena par sawaal uthane ki azaadi lekin loktantr khatam ho gaya balakot ko farzi batane ki kahani lekin loktantr khatam ho gaya surgical strike ko furzical strike batane ki azaadi lekin loktantr khatam ho gaya galwan ke samay chin bhakti ki azaadi lekin loktantr khatam ho gaya pak prashti ki azaadi lekin loktantr khatam ho gaya aap logo ko aapatkaal lagane ki azaadi lekin loktantr khatam ho gaya rashtrpati shashan ka record matlab bana diya uski azaadi lekin loktantr khatam ho gaya tudke tudke gang ke saath khade hone ki azaadi lekin loktantr khatam ho gaya sena ko gaali dene ki azaadi lekin loktantr khatam ho gaya pradhanmantri ko aap apshabdh kehne ki azaadi lekin loktantr khatam ho gaya tehseen poonawala kaisa loktantr chahte itni azaadi aapko hai ,1
33:32 ,(SPEAKER 3), jawaab de do abhi aapko ,0
33:33 ,(ANCHOR), haan boliye boliye boliye haan boliye boliye na tehseen bhai ,0
33:38 ,(SPEAKER 3), sankhshape mein jawaab de dunga chin bharat mein chin bharat mein aaya parso report nikli jo main zee news pe keh raha tha ke amit shah ji ne us par action nahi liya ntro ke set satrah images gaye ki chin ghuspet kar raha hai intelligence failure hua lekin zee news aur aap mein himmat nahi hai amit shah se prashan puche isliye loktantr khatre mein hai amit shah ji putr bcci mein baithe hai term khatam ho gaya hai sun lijiye ab aap tokhiye mat mujhe lekin aap mein himmat nahi hai prashan puchne ki arre amit shah ji ke bete ka income badh rahi hai amit shah ji kehte hai main kisaan hun lekin himmat nahi hai puchne ki narendr modi ji kehte hai do hawaijahaz kharide bangle bana rahe hai private tunnel ke paar pm cares ka hisaab nahi de rahe aap mein himmat nahi hai unse prashan puchne ki aap prashan sirf rahul gandhi se puchte ho kyunki aap darte ho rahul gandhi se loktantr bacha hai toh rahul gandhi ki wajah se loktantr khatam karne mein amit shah aur narendra modi ke saath aap log ka bhi sahiyog hai sun lijiye jawaab ,0
34:26 ,(ANCHOR), tehseen dar lagta hai na bookamp aa jata hai rahul gandhi bolte hai toh boliye sudhanshu ji ,1
34:28 ,(SPEAKER 2), ab mein aman ji bol sakta hun ,0
34:29 ,(ANCHOR), trivedi ji boliye ,0
34:31 ,(SPEAKER 2), aa dekhiye us party ka pravachan hai jahan ke party ka naitritiv ,0
34:34 ,(SPEAKER 3), boliye sudhanshu sir ,0
34:35 ,(SPEAKER 2), is siddhant par vishwas karta hai ki tumev mata putram tumev tumev bhagni bhrata tumev tumev sarvam mam dev devah sab tumhara hi hai parivaar ka aur koi nahi aur jo inko loktantr dikhayi nahi padh raha aap dekhiye abhi tehseen bhai ne jalwa e jalal ke saath main ek shabdh use kar raha hun gariyan jitna gariya sakte aur main chunuti se kehta hun pichle seh saal ka ab toh digital record bhi available maine bola jaa ke dekh lijiye modi ji aur amit shah ji ko jitna gariya gaya hai gariya shabdh keh raha hun sahab aapki party ke neta hai modi ki botti botti kaat dalunga uske bawajood aap kehte hai media ki ranking mein swantantra ki ranking mein hum piche chale gaye janaab aap sochiye jammu kaashmir mein district development council ke election ho gaye pehli baar zameen pe ek taraf yeh bhi keh rahe hai ki ji humse zyaada gupkar gang ko mil gaya aur woh jeet gaye aur dusri taraf keh rahe hai democracy khatam ho gayi bhi gazab ka aapka tark hai bhai democracy ko lekar aur media ki swantantra ko lekar isse main ek sanskrit ka ek shlok hota hai yesehtenasti savyam pragya sashtram taseh karotikim lochna bhayamveenasyeh darpanam karim karshati hindi matlab hai agar kisi ka apna vivek nashat ho chuka ho toh usse kitni bhi achi cheez dikha do usse gyaan nahi hota jaise kisi ne aankhe bandh karli ho ya aankhe ho hi nahi kitna sundar darpan dikha do usse kuch dikhayi nahi deta congress ke upar yahi upthicharitath ,0
35:58 ,(ANCHOR), gandhi parivaar se hi loktantr hai na trivedi ji samjhna hoga aapko ghar parivaar satta se khatam toh loktantr se khatam ,1
36:03 ,(SPEAKER 2), inke liye toh woh line hai na humse jamaana khud hai jamaane se hum hai parivaar se loktantr hai loktantr se parivaar nahi ,0
36:13 ,(ANCHOR), tehseen pehle jawaab denge uske baad jagat ji pehle tehseen poonawala jawaab dena chahte hai tehseen aap jawaab de dijiye ,0
36:18 ,(SPEAKER 1), main jawaab dunga tehseen poonawala ka main tehseen poonawala ka jawaab main dunga ,0
36:22 ,(ANCHOR), haan tehsen tehseen aap boliye uske baad jagat ji main aapko pura samay dunga pura samay aap bolenge tehseen poonawala ,0
36:26 ,(SPEAKER 3), do liney do liney bahut sankhshape mein bahut sankhshape mein ji sudhanshu ji hum toh jaante hai ki jannat ki hakikat lekin dil ko khush rakhne ke liye ghalib yeh khyaal acha hai toh aap boliye modi ke raaj mein desh tarakki kar raha hai minus 23.9% GDP par ghir gaya hai economy pehli baar satar saal mein contract ho rahi hai berozgaari badh gayi hai notebandhi jisko modi ji master stroke kahte hai log garib ho chuke hai logon ke paas khaane ke paise nahi hai ,0
36:52 ,(SPEAKER 2), acha duniya ek desh bataiye jahan ki positive growth rate ho ,0
36:56 ,(SPEAKER 3), arre desh jitna piche aur reverse gear mein gaya hai modi ji ke raaj mein woh neta ko aap jhut keh rahe ho yeh toh aapka loktantr hai sir ,0
37:05 ,(SPEAKER 2), janab boliye na jhuth ka aadambar mat bataiye puri duniya mein corona ki wajah se negative growth rate ho gayi hai haan magar yaad dilna chahta hun bharat itihaas mein sabse zyaada inflation rate kab rahi hai pachees partishit ,0
37:17 ,(SPEAKER 3), sir puri duniya nahi ho rahi hai bangladesh positive mein aa gaya hai nepal positive mein aa gaya hai bhutan positive mein aa gaya hai bharat negative mein hai ,0
37:25 ,(SPEAKER 2), pachis percent rate of inflation 1974 jab yeh gaana bana tha hai mahengai mahengai mahengai aur tab toh pura desh mein puri duniya mein sab kuch acha tha ,0
37:35 ,(SPEAKER 3), arre sir aap gdp ki baat kijiye aaj aapki economy contract ho rahi hai agar aapke paas sau rupaya do hazaar chudah mein aaj woh sau rupaye ki value satar rupaye ho gaye hai narendra modi ji ne notebandhi ,0
37:45 ,(SPEAKER 2), bataiye america ki economy positive mein hai britain ki growth huyi hai japan ki growth huyi hai italy ki growth huyi hai ,0
37:50 ,(ANCHOR), chaliye thik hai ,0
37:52 ,(SPEAKER 3), economy ko khatam kara unhone ,0
37:53 ,(SPEAKER 2), puri duniya mein jaljala aa gaya yeh keh rahe ki aap makaan kyu hil raha hai ,0
37:57 ,(SPEAKER 3), arre kaunsa gdp growth bataiye kisaano ka agriculture growth bataye 3.9% ,0
38:03 ,(SPEAKER 2), haan kisaano ka agriculture growth rate abhi aapne kaha manmohan singh ke jamaane mei chaar percent tha bjp mein shasith rajyaon mein sab mein dus percent se upar tha aur bjp ruled state union manmohan singh ka comment more than 10% hakikat baat kariye humari punjab andrha pradesh mein sarkar aayi teen percent agriculture growth rate,0
38:20 ,(ANCHOR), chaliye thik hai ab jagat ji ab jagat ji ko mauka dena hai mere ko maine vaada kiya tha unse boliye jagat ji ab aap boliye jagat ji jagat ji jagat ji ab jagat ji bolenge uske baad rajesh mishra ji aapke paas aaunga digambar ji aapke paas bhi jagat ji ji ji jagat chaudhari ji ,0
38:35 ,(SPEAKER 1), yeh tum statistics sir statistics discuss karne aaye ho ya aare rafael ko kyun laya yeh dekho desh kisne bachaya hai china se modi ji ne yeh bakwaas kar raha hai tehseen poonawala kaun hai yeh tehseen poonawala badtameez aadmi hai bhaago isko channel mein se ,0
38:51 ,(ANCHOR), nahi aise nahi nahi aise nahi aise nahi yeh bhasha nahi yeh bhasha galat hai yeh galat nahi woh mere sammanit ji tarah aap sammanit woh bhi mere sammanit mehman hai yeh bhasha nahi hai yeh galat hai jagat ji aap aap aisi bhasha ka mat istemaal kariye acha nahi lage ka aap se nahi umeed karta main yeh sab aapko maafi mangni chahiye tehseen poonawala se ,0
39:06 ,(SPEAKER 1), sorry sorry sorry ,0
39:07 ,(ANCHOR), ab aap continue kariye ,0
39:07 ,(SPEAKER 1), mein maafi mangta hun ,0
39:09 ,(ANCHOR), haan ab aap continue kariye continue kariye boliye ab aap thik hai koi nahi continue boliye ,0
39:12 ,(SPEAKER 1), tehseen poonawala ji main maafi maang raha hun ,0
39:15 ,(ANCHOR), haan boliye boliye aap jagat ji boliye ,0
39:17 ,(SPEAKER 1), main keh raha hun dekho desh mein mujhe isliye gussa aa raha hai main josh aa gaya dekho humare kisaan wahan sardi mein mar rahe hai mere bhai hai humare rishtedaar bhi baithe hai union mein kahi log wahan mere parivaar ke log bhi baithe hai arre inko bhi bulao isko sort out karo yeh tv par debate kyun bulate ho rahi baat modi ji ki modi ji ne jo desh ko diya hai woh kisi ne diya hi nahi aaj tak modi ji ne suchalye banwaye nangi aurate baith thi road pe arre bhaiya rajneeti discuss mat karo modi ji ne itihaasik roop mein kara woh bhagwan hai humare desh ke ishwar shiv ji maharaj ka avtaar hai yeh rajneeti mein koi aadmi modi ji ka naam lega amit shah ne teen sau satar hatai hai kiski takaat thi hata leta na teen sau satar faltu baate mat karo china khedadh diya modi ji ne jahan ke yahan baithe ho delhi mein toh tum pe uthe nahi shaheen bagh sau din tak ghirwa diya tha virus te bandh karwaye karwaye na tumne raasta bandh kejriwal ne kejriwal ne sau din tak humare raste bandh karwaye noida ke humko yaad hai ,0
40:13 ,(ANCHOR), shurvat mein aapne ek baath kahi thi main rajnitik tipni nahi karunga lekin rajnitik bakhiya udeh di aapne ,0
40:19 ,(SPEAKER 1), thik hai sir kisaano ,0
40:20 ,(ANCHOR), lekin aapne kaha tha rajnitik tipni nahi karunga lekin rajnitik bakhiya udeh di aapne main samjh gaya thik hai sir lekin kisaano ko lekar congress ke log kaise bubblete rahe woh aapko suna dete hai ek baar pehle kaise congress neta bichuliyon ko kahtame karne ki baat karte the lekin aaj naye krishi kanoono ka hi virodh kar rahe hai jo bichuliyon ke khiaf hai woh sun lete hai uske baad rajesh mishra ji aap aur digambar ji aapke paas aaunga sun lete hai ek baar ,0
40:44 ,(NEWS), pata nahi hai ki kisaan ki paidavaar saste se saste daamo par kharidi jaati hai aur shehar mein manghe se manghe daamo mein bechi jaati hai kya main puchna chahti hun kya kisaano ka haq nahi banta hai ke unke paidavaar ki sahi keemat unhi ki hai kya shehar mein aam insaan ka yeh haq nahi banta hai ki roz maraah ki jaroorat ki cheeze unhe bhi sahi daam par mile yeh tab samman hoga yeh tabhi samman hai jab kisaan bina kisi bichuliye ke apni paidavaar sidhe shehar tak paunch sake ,0
41:35 ,(NEWS), humne kya kaha humne kahan ki vhi kagichar mein abhi aa jaun ki kisaan apna hanu direct kar paaye communist ne kya kiya ussi ne rok liya parliament house me usko daba diya kyun kyunki woh kisaan ki,0
42:01 ,(ANCHOR), rajesh mishra ji jo kaanoon aap log 70 saalon se laana chaah rahe the woh modi ji le aaye ya modi sarkar le aaye isee cheej ka dukh hai kaanoon se dikkat hai modi ji lekar aaye isse dikkat hai rajesh ji rajesh mishra ji aavaaj aa rahee aapko theek hai main aapke paas aaunga digambar singh aap bol lijiye digambar singh ji bharatiye kisaan union ke neta hai digambar singh ji bichauliyon se azaadi aur matlab kyunki yahi sawaal baar baar pucha ja raha hai seh se saath mahine huye kanoon aaye mandiyan kahan khatam ho gayi kahan msp khatam ho gaya ho gaya kya yeh sarkar sawaal puchti hai baar baar bjp ,0
42:49 ,(SPEAKER 4), nahi ms msp matr daahi rajyon ka mil pa raha hai daahi rajyon punjab haryana mein msp milta hai wahan mandiyan majboot hai dusre logon ne toh abhi msp ka swaad bhi chakha bhi aap us aadmi se puchte ho jisne abhi jalebi ka bhi swaad bhi nahi chakhi jalebi hoti kaise hai bhi kisaan nuntyam samarthan mulye ki guarantee maang raha hai aur mandiyaan khatam hone ki jo baat aap keh rahe ho ki mandiyaan kahan khatam ho gayi bhi jio aaya toh bsnl khatam kahan hua khatam ho jayega dheere dheere bhi mandiyo ko dheere dheere khatam kar diya jayega jo bahar vyapari baithega us woh vyapari pe koi kanoon nahi hoga arre kitne rupaye mein kharidna hai jab modi ji yeh keh rahe hai ki humne bazaar khol diya aur fasal ke zyaada bhaav milenge toh unko nunytam samarthan mulaye ki guarantee ka kanoon de do na ,0
43:40 ,(ANCHOR), digambar ji lekin kuch kisaan iske paksh mein bhi hai agar bataiye main galat hun kuch nahi balkiz bahutaye  matlab zyaadatar kisaan iske paksh mein hai nahi ,0
43:48 ,(SPEAKER 4), dekhiye aman ji aman ji main aapko ek minute kehna chahunga jo paksh mein kisaan hai jin logo ko paksh walon ko sarkar lekar aa rahi aadharniye narender tomar ji se jo mulkaat kar rahe hai ussi se yeh kisaan bhadka hai aap dekh rahe hoge ,0
44:06 ,(ANCHOR), acha unko sarkar lekar aa rahi hai aapko kaun lekar aa raha hai aise nahi kehna chahiye nahi unko kissa sarkar lekar aa rahi hai aapko kaun lekar aa raha hai kisaan kissan hai trivedi ji jawaab dena chaha rahe hai sudhanshu trivedi ji do sawaal puche hai digambar ji ne ,1
44:19 ,(SPEAKER 4), yeh saaf dikh yeh saaf dikh raha hai dekho sir ek minute ji ,0
44:23 ,(SPEAKER 2), abhi aapne jio bsnl toh abhi kaha dusri baat magar yeh bataiye sarkari bus bhi chalti hai private bus bhi chalti hai hum log bhi apne bachpan se dekhte aa rahe hai aapne bachpan se bhi dekha hoga toh shuliyat badhi ya shuliyat gathi kisi shehar mein sirf roadways ki bus chalengi auto bhi chalta hai taxi bhi chalti hai rickshaw bhi chalta hai yeh toh private hai ab aap bataiye agar keval sarkari bus chalna ho toh kitni lambi lambi line lagi rahegi aur yeh toh hum log pachaas saat saal se dekhte aa rahe hai hum logo ke pitajee logon ke jaamne se toh yeh bataiye yeh koi yeh kahe ki nahi keval sarkari bus arre jiska man ho usme baithiye ,0
44:56 ,(ANCHOR), lekin sarkar baar baar yeh keh rahi hai samay ka aabhav hai shukriya aap sabka isliye sarkar baar baar keh rahi hai ki yeh sarkar ka sankalp hai kisaano ko zyaada vikalp hai usmi mein desh ka kayakalp hai matlab yeh vikalp diye ja rahe hai maujda vyvasta bani rahegi yeh ek vikalp hai yeh addon hai yeh iske alwa aur zyaada options diye jaa rahe hai kisaano ko bairhaal lekin unthi din ho chuke hai abhi bhi aandolan jaari hai sabke hit mein aandolan kisi bhi tarah se jalad se jalad khatam ho yahi kisaano ke bhi hit mein hai yahi desh ke hit mein hai haan rajnitik partiyon ke hit mein nahi hua agar aandolan khatam ho jaata hai toh chota sa break le rahe hai aur yeh jo tasveere hai yeh yeh yeh jo kisaan neta jo aakar mile hai narender singh tomar se krishi bill ke samarthan mein chalo delhi yeh ab ab dekhiye ab kaise kisaan versus kisaan hai kyunki yeh tasveere ab un kisaan netao ki jo kahe rahe hai bill vaapis nahi hona chahiye kuch kisaan keh rahe hai bill vaapis le lo kya kare sarkar ek chota sa break le rahe hai turant haazir honge taal thok ke special edition,0
