timeStamp,speaker,text,label
00:00 ,(INTRO), har khabar par hogi aap kee pakad download keejie abp live app. ,0
00:09 ,(ANCHOR), to aaj sabse garm bahes dusht cheen par. kaee saare mehamaan hamaare saath hai judenge. bjp ke pravakta hai shaahanabaaj hussain hamaare saath jud rahe hain unke sath hum baatacheet karenge. supriya shrinet congress se hamaare saath maujood hai. mashahoor lekhak raashid kidwai saahab bhi hamaare saath jud chuke hain unase bhee baatacheet karenge aur national affairs expert ke taur par abhigyaan prakaash mere saath jud chuke hain unase bhee hamaaree baatacheet hogee. lekin sabase pahale aap ek report dekh leejie taaki aapako yah pata chal jaye is poore maamale mein ab tak kya hua hai. report dekhiye phir bahas kee shuruaat karte hai. ,0
00:48 ,(REPORT1), cheen par pm modi ka behad kada bayaan. hamaare yahaan kaha jaata hai vidya vivaadaay dhanam madhaee. vidya vivaadaay dhanam madhaee. shakti hee pareshaam. paree peedna. khalase saadh ho. vipareetam aetat gyaanae cha rakshanae. arthataat agar svabhaav se dusht hai. to vidya ka prayog. vyakti. vivaad mein. dhan ka prayog. ghamand mein. aur taakat ka prayog. doosaron ko takaleeph dene mein karata hai. congress ka aaroop khulakar kyon nahin bolate pm. teen vakya bolne hai aapko pradhan mantri cheen agressor hai. cheen ne ghatak ghapla kiya hai. koee aisa shabad bol dijiye aap. number do. cheen lagabhag kitane kilometer hamaare lac ke andar aaya tha aaya hai. number teen. cheen mein in points ke aasapaas ye kiya hai. cheen ne in points ke aasapaas helipad banaaya hai. amit shaah ka daava jeetenge dono jang. main ek baat spasht kar doon. donon jang ham jeetenge. aur janata ko aashvast karana chaahata hoon ki modi jee ke netitva mein donon jang jeetenge. owaisi bole cheeni ghusbeth ke khilaf kya kiya. cheen ka bahana vipaksh ka modi sarkar par nishana. apne defence minister sahab apane external affairs minister sahab. aur apane baakee sena ke log aur abhee jo negotiation mein baaten ho rahee hai. dono teenon cheejon mein meelon ka phaasla hai. yah phaasale desh kee suraksha jaise mahatvapoorn prashn ke liye ye uchit faasle nahin hai. in phasalon ko bharana hoga. desh ko sahee hakeekat se roobaroo karaana hoga. vipaksh ke hamalon par mila sahayogiyon ka saath. grah mantri shree amit shaah jee ne aaj diya hai. unki vyaktavya sahana karta hoon. jisme unhonne sansad ke aane vaale satr mei congress party ko chunautee dee hai. aur san baasath se lekar ke ab tak. jo cheen neeti rahee hai congress party kee. aur gair kaangresee sarakaaron ki us par vistaar se charcha ke lie unhonne rahul gaandhi ko chunautee dee hai ki kyon na sansad mein do do hath kiye the. dusht cheen ko sabak kaise sikhaenge. ,0
03:26 ,(ANCHOR), jee haan ladaee to cheen se hai sabak sikhaane kee jaroorat cheen ko hai lekin jis tareeke se hamaare desh mein satta paksh aur vipaksh kee bhidant ho rahee hai usane kaee mahatvapoorn savaal khade kar die hain inheen savaalon ke ird-gird yah pooree bahas hogee. aur mere saath jo tamaam mehamaan jud chuke hain. sabase pahale main shaahanabaaj husain saahab aap hee ke paas aana chaahoonga aur jara yah bataie jo aap log kah rahe hain ki cheen ko sabak sikhaana jaanate hain ham. javaab dena jaanate hain ham. to javaab hamane de diya yah dene vaale hain. ,0
03:53 ,(SPEAKER 1), dekhiye javaab diya hai aur javab. jo jis bhaasha mein samajhata hai usee bhaasha mein usko javaab diya jaata hai. hamaare pados mein china hai pakistaan hai. aur paakistaan ko bhee javaab diya aur china ne bhee jab agression dikhaaya. to hamaare javaan vahaan aise hee shaheed nahin hue. vo china ko javaab dete hue shahaadat ka jaam kiya. isalie kahata hoon. congress party ko koee anayay mudde par baat karanee hai karen. lekin sena par bharosa karen sarakaar par bharosa karen apane desh ke pradhaanamantree ko apamaanit karane ka kaam na karen. ,0
04:33 ,(ANCHOR), hmm.,0
04:33 ,(SPEAKER 1), global time ya china ya chineese aur paakistaanee propaganda ka shikaar na ho. apanee sena jo kahe sarakaar kahe us par bharosa kyon nahin hai.,0
04:43 ,(ANCHOR), theek hai. supriya shrinet,0
04:44 ,(SPEAKER 1), pradhaanamantree jee ne seedha javaab aaj mann kee baat ke jarie diya hai. ,0
04:50 ,(ANCHOR), diya hai. theek hai. supriya shrinet aapka sulah. shaahanabaj hussain kah rahe hai ki cheen ko javaab de diya gaya phir aap log bharosa kyon nahin kar pa rahee hai. shaahanabaaj hussain to yahan tak kah rahe hai kee global times ka jo propaganda hai uske bharam mei mat aaiye aap. ,0
05:04 ,(SPEAKER 2), akhilesh jee agar yah dukhad na hota to yah aapse pad hai. hamaaree bees logon kee shahaadat hui pachaasee log buree tarah se jakhmee hue das logon ko cheen ne agava kiya. baad mein choda. hamaaree dhartee mein cheen ghus aaya hai. jis jameen kee hifazat karate hue shaheed bhee shaaheed hue uspar usane vahaan par aakar helipad bana liya hai shingarpur par. petrolling point 14 ko kabje mein kar liya hai. aur pradhaanamantree jee cheen ka naam nahin le paa rahe hai. yah hamaaree shahadton kee.,0
05:37 ,(ANCHOR), nahin. nahin kabje mein kar liya hain. jo aap baat kah rahee hain. ek minute supriya. ek minute sun lijiye. aap kah rahee kee kabje mein kar liya hai. pp 14 ki baat kar rahee hai. ,0
05:43 ,(SPEAKER 2), aapne shahanabaaj jee ko bolne diya tha mujhe bhi bolne dijiye. ,0
05:45 ,(ANCHOR), sarakaar kah rahee hai ki nahin kiya. to aap kiss par bharosa karana chaah rahee hai. sarakaar kee kahee baaton par agar aap bharosa nahin karenge. to kya jo baahar kee agencies hai vahaan se jo khabar aa rahee us par bharosa karein. ,1
05:55 ,(SPEAKER 2), aisa hai akhilesh jee apane shahanabaaj jee ko bolane diya tha to mujhe bhee bina interruption bolane dijiye uske baad aap savaal puch lijiyega. mera sirph yah kahana hai ki pradhaanamantree jee ne aaj mann kee baat karee usme unhonne ludo kee baat karee saanp seedhi kee baat karee. indoor games kee baat karee home veediyo banaane kee charcha kari. lekin unke paas itna vakt nahin tha kee vo cheen ko direct naam lekar kahe. vo cheen ka naam lekar baat nahin kar paa rahe. vo kah rahe hai jo hamaare saath dussaahas kar gaya hai. arre cheen ka naam to lijiye aapki chappan inch ki chaati dikhaiye. dikhaiye laal aankh jiski aap baat karte the. cheen ka naam lene se aao katrate hai baar baar. aapne aur party ke baad bhi naam nahin liya tha. amit shah doosri aur bayaan dekar rahe hai ki jang chidi hui hai. arre bhai desh jaanna chahta hai ki ho kya raha hai. yahan to confusion machake rakh diya hai inn logon ne. ,0
06:41 ,(ANCHOR), chaliye mai javaab le leta hu. ek ek karke. theek hai shaahanabaaj hussain sahab. cheen ka naam tak nahi liya gaya hai kyon aakhir.,0
06:50 ,(SPEAKER 2), itna kyon darr rahe hai ham cheen se bhai.,0
06:50 ,(SPEAKER 1), nahin nahin supriya jee maine aapkee aanaya debate bhee dekhee hai. hamaare ann pravakta aapake saath the. pichle bhee ek debate mein aapane kaha ki pradhaanamantree ne cheen ka naam nahin liya. aur usamen cheen ka naam lekar vah klip bhee sunaaya us channel ne. theek hai na. ,0
07:11 ,(SPEAKER 2), pradhaanmantree ne cheen ka naam liya? uska javaab dijiye. ,0
07:11 ,(SPEAKER 1), jis tarah dekhie jis tarah kee bhaasha mein javaab dena chaahie pradhaanamantree ne diya aapako apane pradhaanamantree par bharosa kam kyon hai. apnee sena aur sarkar par bharosha kam kyon hai. ,0
07:18 ,(SPEAKER 2), yah galat baat hai ab dekhiye. hamare bees logon ki shahadat ho jaati hai aur hamare pradhaanmantri naam lene se katra rahe hai. ,0
07:27 ,(SPEAKER 1), aap dekh lijiyega congress ka koi pratinidhi mandal hai vahan par kya. satellite image hai kya aapke paas. ,0
07:35 ,(SPEAKER 2), satellite images se to aap bhi dukhi hai. ,0
07:43 ,(SPEAKER 1), mere bolane ke baad aap bol dengi koi dikkat nahin. ,0
07:45 ,(ANCHOR), chaliye baari baari se. ,0
07:48 ,(SPEAKER 2), cheen ka naam kyon nahin liya. main seedha aapse pooch rahi hun pradhaanmantree jee ne mann kee baat mein cheen ka naam kyon nahin liya. uska javaab dijiye. ,0
07:58 ,(SPEAKER 1), supriya ji. supriya ji. aap khaamosh hongi tabhi toh main javaab dunga. phir to hoga main bhi bolunga aap bhi bolenge phir kisi awaaz nahin aayegi. ,0
08:05 ,(ANCHOR), nahin. baari baari se. baari baari se. dekhiye ladayi sarhad par hai. yahan nahin. ,0
08:09 ,(SPEAKER 1), dekhiye aapne jab savaal kiya main khaamoshi se suna akhilesh jee ne mujhe mauka diya ab mujhe meree gujaarish hai ki aap khaamoshi. phir aapko mauka denge ye. hamara kahna hai kee aapako aap vahan par maujood nahin hai. jo sena report karatee hai jo border ka maamala ho. jo sena report karti hai uss par sarakaar vipaksh aur desh ko vishvaas hota hai. aapako apanee sena kee reporting par bharosa nahin. aapake paas. aap phir aap kah rahee. chaliye ab ham donon bolenge koi baat nahin. ,0
08:42 ,(ANCHOR), wo kah rahi hain kee sena par hundred percent bharosa hai aap par bharosa nahin hai. yah kah rahi hai supriya shrinet. ,0
08:48 ,(SPEAKER 1), hum hum bordar par lad rahe hain. bordar par koi party ka neta khada hai kya. congress bjp ka worker khada hai kya. border par desh ki sena khadi hai. desh ki sena par yakeen kijiye aur jhootha propaganda. ,0
09:00 ,(ANCHOR), jaldi se. jaldi se. supriya shrinet jaldi se. kyonki mai baaki logon par. javab dijiye supriya. ,1
09:07 ,(SPEAKER 1), jab kaha ki hamare andar ghus aaya. hamari jo petrolling ki stithi hai uss steethi mein koi farak nahi pada hai. ,0
09:14 ,(SPEAKER 2), bol lo tab mai bolungi.,0
09:14 ,(SPEAKER 1), ab main china ko ussi bhaasha mein javaab diya hai.,0
09:21 ,(SPEAKER 2), shaahanabaaj ji aapne bola maine suna. ab mai.,0
09:23 ,(ANCHOR), chaliye thik hai. supriya shrinet ab mera savaal bhi sun lijiye. ab main aapko samay de raha hoon. uske baad main abhigyaan prakash jee ke paas jaunga. rasheed kidvai bhi mere sath jude huye hain. aap zara yah bata dijiye do badi aisi vajah aap bata dijiye ki aap sarkar par yakeen nahin kar paa rahi hai. ek aise vakt mein jab desh andar bhi ladaee lad raha haicorana se aur baahar sarhad par to pata hee hai sabako kiss tarah kee ladaee chal rahi hai. aap sarakaar par bharosa nahin hai kya vajah hai. ,1
09:43 ,(SPEAKER 2), dekhiye aisa hai akhilesh jee raajaneetik maahaul bana diya bhaajapa ne ki amit shaah kahte hai kee de do haath parliament. parliament mein do haath hote hai ya democracy ka sabse bada temple hai vo. khair do haath. do haath karne ki baat main vipaksh se karte hai. main sirf do savaal uthana chahti hoon aur main chahti hoon bhajapa uska javaab de. aaj pradhaanamantree jee ne man kee baat mein ullekh kiya laddaakh ka pradhaanamantree jee cheen ka naam lene se kyon katara rahe hain. ek to yah savaal hai isaka javaab to bhaajapa ko dena hee padega. arre hamare bees logon ki shahadat ho gayi. khul kar naam to lijiye shatru ka. shatru aapke bayaan ko tod marod ke apni tarah se prastut kar raha hai. ab vo kah raha hai galvan chhod do. pradhaanmantree to kahte hai galvan mein ghusna chahie. dusra mera saval hai. aur dusra mera bada saval yah hai ki agar ghusbeth nahin hui. agar status so nahin badla. to aaj kis status ko anti karne ki baat ho rahi hai. aaj status ko badalne ki baat to videsh mantrale bhi kar raha hai. aaj status ko badalne ki baat raksha mantree ne bhi kardi. ,0
10:42 ,(ANCHOR), theek hai. shaahanabaaj hussain sahab ji yah virodhi awaaz kyon hai. yah ek bada saval hai kee alag alag bayanaat kyon aa rahe hai. yahan tak ki aapko pata hai pradhaanmantree aur isake alaava raksha mantree ke bayaan mein milo ka phasala bata diya tha ajay manoj jha ne. ,0
10:54 ,(SPEAKER 2), aise kaise achi sankhyan mein ghus aaye hai. pradhaanmantree jee kahte hai koi ghusa hi nahin. ,0
10:56 ,(SPEAKER 1), dekhiye jo. ki jo china dava nahin karta usse badh kar congress dava karti hain. apne desh ka hi vipakshi dal ke hi daftar hai. hamari zameen chali gyi. hamari zameen chali gyi. sunn lijiye na javab. ,0
11:12 ,(SPEAKER 2), pradhaanmantree jee kee baat par taaliyan baji. ,0
11:14 ,(ANCHOR), chaliye main thoda iss tu-tu main-mainse bahar nikalana chahta hun. Jaldi se shaahanabaaj hussain ji bees second mei jaldi se mere sath aur bhi mehmaan hai mujhe unke paas jaana hai. fatafat sir.,0
11:23 ,(SPEAKER 1), phir aapne kaha jab surgical strike ki thi to saboot maang liya.,0
11:28 ,(SPEAKER 2), aap piche ki baat pe mat jaiye. ,0
11:29 ,(SPEAKER 1), china ko humne khadeda hain. toh china par bhi aap. china ke dusht prachar ka shikar mat hoiye. china ke dusht prachar ka shikaar mat hoiye. ,0
11:43 ,(ANCHOR), bhai dukhadh steethi hai. bahut dukhadh steethi hai. dekhiye shaahanabaaj hussain sahab aur supriya shrinet jee. ek aise vakt mein jab poore desh se ek awaaz aani chahie. yah muthi band dikhni chahie. hum kyon aise alag alag dikh rahe hai. abhigyaan prakaash ka main ruk karna chahunga. abhigyaan kya javaab de diya gaya hai cheen ko? jo baat baar-baar kaheen jaa rahee ki javaab dena ham jaanate hain to kya cheen ko javaab de diya gya hai ya diya jaega. kya aaklan hai aapka. ,0
12:08 ,(SPEAKER 1), javaab diya hai aur javaab denge bhi.,0
12:10 ,(ANCHOR), abhigyaan prakaash.,0
12:10 ,(SPEAKER 2), kab denge? kab,0
12:11 ,(SPEAKER 3), do teen points ka mera aaklan hai. akhilesh jee yah tanaav indo-china hai ya philahaal aapake prograam mein congress bjp hai to baakee log bol le apana point of view rakh lein. ,0
12:23 ,(ANCHOR), hmm. ,0
12:23 ,(SPEAKER 3), tenshan jo is desh ke saamane hain vah is vakt indochina hai aur border conflict hai indochina ka. to yah badee tejee se mujhe lag raha hai television studios mein tabdeel ho raha hai congress bjp which i think is very irrelevant right now. ab aapake savaal par aate hai. aapane seedha seedha savaal poochha. kya chaina ko javaab de diya gaya hai. abhee tak jo military developments hui hai. usake ek hisse se tpj spasht hai ki haa javaab diya gaya hai. lekin dikkat kya hai. dikkat yah hai ki kisee bhee ilaake mein kahaan tak kisee ka andar aana ho paaya nahin ho paaya. isase jude jo tamaam. savaal hai kyonki hamaare. sainikon. jaan gaee thee. usaka koee seedha uttar. nahin mil pa raha hai. mere lie yah koee ahamiyat nahin rakhata ki pradhaanamantree ne cheen ka naam liya ya nahin liya ham sab jaanate hain ki is vakt jo takaraav kee sthiti hai vo cheen ke saath hai lekin saath mein yah bhee mere lie kahana bahut jarooree hai. ki detailing desh ke saamane kuchh cheejon kee. jo upalabdh ho sakatee hai. vah aane nikayak jarooree hai. kyonki log yah savaal ek aam hindustaanee lagaataar poochh raha hai ki bhaee kya hoga china ke saath china is not paakistaan. please understand vah pakistaan nahin hai. vah stithi alag hai. ,0
13:54 ,(ANCHOR), Bilkul sahi. ,1
13:54 ,(SPEAKER 3), to log yah savaal jaroor poochh rahe hain ki kya hoga china ke saath itihaas gavaah hai narendra modi ka bhee gavaah hai aur baakee politicians aur prime minister ka bhee gavaah hai. jinhone khoob china kee taareephon ke pul baandhe aur vahan yaatraen ki hai. to isalie log yah janna chaahate hain kyonki china kee dhaarana yah ban chukee hai post corona kisako trust nahin kar sakate. is desh par yakeen nahin kar sakate. log jaroor know chaahate hain ki. what next? yahaan se aakhir hoga kya aur yah hona. apane tareeke se apanee jaanakaaree ko raashtreey suraksha ke hitt mein rakhate hue yah onus bataane ka government par aata hai. ,0
14:35 ,(ANCHOR), Bilkul. Bilkul. aap sahi kah rahe hai aur aapne ek bahut hi mehatavapoorna baat kee hai kee cheen ko hum pakistan na samajhe dono deshon mein pharak hai. Rasheed kidvai sahab vahee savaal. main behas ko derail nahin hone dena chahta hun. isiliye pin-pointed vahee savaal ek baar phirse aapke saamne bhi. baar-baar jo yah baat kahee jaa rahee hai ki ham cheen ko javaab dena jaanate hain to kya ham ne javaab de diya ya denge aane vaale dinon mein aap ka aakalan kya hai. ,1
14:59 ,(SPEAKER 4), dekhiye akhilesh jee sabase pahalee baat to hamen yah samajhnee hogee ki cheen kya hamara dushman ho gaya hai. kya hum usse ladaee par hai. jaise aaj desh ke grah mantri ne kaha hai. yah baat ek bahut badee baat hai doosaree baat pradhaanamantree dekhe ishaaron mein baat karate hain maine aaj unake man kee baat bahut dhyaan se sunee thee unhonne bilkul laddaakh pe ishaara bilkul saaph cheen ke oopar tha doosaree baat unhonne kaha ki yah local cheejon ko jo pramot karen. lekin aaj ham baajaar mein jaate hain to chaahe ham electronic cheejen le le chaahe ham khilaune khareedane jaayein ya koee bhee cheejen bahut taadaat mein cheen ka saamaan baajaar mein maujood hai. arbon kee matlab rupiyah ka maamala hai aur usako log khareed rahe. tamaam saari business deals hai. agar humein cheen ke oopar cheen se hamaara mitr nahin hai matlab ek diplomatic terms mein. toh ham kyon nahin uska jo hai arthavyavastha ko lekar ke jo hamaaree aarthik karare hotee hai ya import ka jo system hai ya diplomatic relatioin bhee hai. usako ham down grade kyon nahin kar rahe. jab tak vah nahin kar rahe tab tak ek bhram kee sthiti banee rahegee ki ek taraph to ham duniya bhar ka saamaan sab aa raha hai aur arthavyavastha pooree usake baad yahaan se hamaara itana paisa jaata hai aur doosaree taraph jo hai ham kah rahe hai kee hamaree usake saath ladaee chal rahee hai. to mujhe lagta hai ek clear sandesh jo hai dena chaahie. khaas taur se sarakaaree paksh ko yah sandesh dena chahie hamaare abhi cheen ke saath hamaare talukaat ki kya vo hai. kya vo hamaaree dushman hai. shaahanbaaj jee yahan baithe hain bata de kya cheen se hamaree dushmanee ho gayi hai pooree. ,0
16:15 ,(ANCHOR), jee. bataiye shaahanabaaj hussain sahab. yah clearity kyon nahin hai. aapne abhigyaan prakaash ko bhee suna. rashid kidvai ko bhee suna. boliye. ,0
16:23 ,(SPEAKER 1), dekhiye bahut clearity hai. bahut clearity hai isame. ham logon ne jo pahle ek aatamanirbhar bhaarat kee baat kahee aur local ke lie vocal kee baat bahut pahale se kaheen. yah sahee hai ki chinese cheejon ka bahut dakhal hamaare yahaan. unakee hamaare industry mein aur kaee jagah unakee bahut see cheejen hamaare yahaan se. vahaan se import ho kar aatee hai. aur vo dheere-dheere logon ke andar yah junoon jajba paida hua hai ki hum chinese cheejon ka bahishkaar karen aur log khudd se bhi karein hai.,0
16:52 ,(ANCHOR), nahin. nahin logon ke andar to paida hua hai. dekhiye shaahanabaaj husain saahab. sir ek minute sunn lijiye meri baat logon ke andar jo paida hua hai vo wali baat vo to ham dekh hi rahe hain. vo tasveeren aa rahi hai log sadakon par cheenee saamaan ko jalaate hue dikh rahe hain. baat yah ho rahi hai kee sarakaar kya kar rahi hai. ,1
17:05 ,(SPEAKER 1), nahin sarakaar ne bhee unake kaee tender cancel kie aur relationship par dheere-dheere jo kadam uthae go sakate hain vah uthaee ja rahe hai. meree gujaarish congress se itanee hai main aaj too too main main ke lie nahin baitha hoon main yah gujaarish karata hoon ki. twitter ke jarie ya phir apane desh kee aalochana karake ya desh ke sena aur sarakaar par. savaal naa uthaakar aapako koee zarooree jaanakaaree chaahie aap raksha mantree ko phone bhee kar sakate hain rahul jee kar sakate hain sonia jee kar sakate hain lekin.,0
17:32 ,(ANCHOR), ji. ji. yah point valid hai aapka. yah point valid ab issi se juda savaal supriya shrinet se puchta hoon. supriya shrinet aapke lie kya mehatavapooran hai public domain mein sarkaar ko neecha dikhana. kya iske lie iss tarah ke savaalaat kie jaa rahe hai. ya vakai aapko jaankaaree chahie to koi aur tareeka nahin hai ki sarkaar se aap janakaaree aap haasil kare. yah surrender modi jaisi chijen hashtag karke chalana. aur aapako pata hai ki iska fayeda kis tarike se pakistan mein liya gaya hai wahan bakayeda iska propaganda vagerah chalaya gaya hai social media par. to kya ham apane aap ko kamajor nahin dikha rahe hain dushman deshon ke saamane jab ham is tareeke se desh ke andar ladaee. supriya. ,1
18:05 ,(SPEAKER 2), jee hamaara desh itana kamajor nahin hai ki koee soche ki vah hamen kamajor dikhaayega to ham kamajor dikh jaaenge. iss sub-continent mein duniya mein jitana purajor hamaara lokatantra hai vo kam deshon mein hai to itana kam apane aapako apane lokatantr ko itana kamajor mat aankiye. aur kisee ko aankana nahin chahie. main poore sarvasammati se aur pooree vinamrata se shaahanabaaj bhai ne maine unakee baat sunee aur main do-chaar chijen poochhana chaahti hoon. modi jee ne cheen se atharah meeting kyon kee. vah china jaane vaale sabase jyaada sankhya mein pradhaanamantree hue. nau baar cheen gaye. paanch baar pradhaanamantree ho kar chaar baar chief minister ho kar. unhonne kaha ki hamaaree aur Xi Jinping jee ko aatmeeyata hai. unakee aur xi jinkping jee ko personal chemistry quote unquote unhone kaha usako samajhane mein logon ko time lag jayega. jab chumar hua tab aapne saabarmati par unko jhoola jhulaya. dokhlam ke baad aapne unko mahabalipuram bulaya. main ek baat aur saaf kar dena chahti hoon kee dushman ko baar-baar mauka nahin dena chaahie dhokha dene ka. 2014 se 2020 tak jo chinese import india mein hai 2014 mein prati person teen hazaar rupay ka hota tha. ab prati person che hajaar rupay ka ho raha hai. aaj hamaare desh mein paanch mobile company badee hai usamen se chaar chinese hai. 2014 mein chinese fdi ek billion dollar thi aaj sataees million dollar hai. ,0
19:21 ,(ANCHOR), main maan raha hoon aapki baat. main maan raha hoon. aur dekhiye ye tathya hai fact hai ki trade deficit hai.,1
19:26 ,(SPEAKER 2),aap mujhe kuch bolane nahin denge to.,0
19:26 ,(ANCHOR), madam sunn to lijie. aapko main bahut mauka de raha hoon. aap lambi-lambi apni baat rakh rahi hai. aisi baat nahin hai. supriya aap apni baat rakh rahi hai. mai ek savaal usmein bas jod de raha hoon. aap uska bhi javaab de dijiye lekin yah chijen sirph aisa to nahin hai kee bjp ke shaasan kaal mein hua. kya upa ke jamaane mein jab aap log sattah mein rahee. congress ka raaj tha. to kya china ko ban kar diya tha aap logon ne. ,0
19:45 ,(SPEAKER 2), akhilesh jee main ek to sabase bada vinamrata se aapse kahungee ki agar aap sabka javaab khatm hone ke baad unase savaal puche to vahi treatment mere sath bhi hona chahie aapko itna. aapko itana dhairya mere sath bhi dikhana padega. ,0
19:54 ,(ANCHIR), vahi treatement hai. aapko usko anyatha na lein. lekin savaal to main puchunga na. ,0
19:58 ,(SPEAKER 2), bilkul puchie lekin mera javaab khatam hone ke baad puchie jaisa aap baaki logon ke saath kar rahe hai. khair. khair. aisa hai ki maine aapko aakaden diye main idhar udhar ki uool jhalool baatein to nahin kar rahee hoon. hamara 2014 se 2019 ke beech mein jo chinese trade deficit hai vo saat billion dollar badha hai. saat billion dollar hamara defence budget hai. maine aapko bataya teen hajar se che hajaar prati person ho gya hai. fdi ek billion dollar se satais billion dollar ho gayi hai. isaka koi javaab aap nahin maangiyega. aaj chinese fdi itani hamaree market mein kaise ghus gayi. kya hua iss chemistry ka. laal aankhein dikhane ki baat aap karte the aur china se. aap athaarah unees baar le gaye. kya chemistry ka matlab hua. ,0
20:37 ,(ANCHOR), chalie mujhe ek break ke liye rukna padega lekin usse pahle mujhe abhigyaan prakash se mein iss par ek comment lena chahunga. shaahnabaaj hussain sahab aap javaab dijiyega lekin mujhe lagata hai ek third party se iss par comment banata hai. kyonki logon ko yah lagata hai ki bjp hai to aisa kahengee congress ke log hai to aisa khahenge. abhigyaan kya ek din mein yah cheej hotee hai jisaka ishaara supriya kar rahee hai. ,1
20:53 ,(SPEAKER 2), che saal ho gaye bhai ek din ki baat nahin hai. ,0
20:55 ,(ANCHOR), kya upa ki sarkaar rahi to china ko ban kardiya gaya tha kya jo iss tarah ke savaal puche jaa rahe hai. abhigyaan. ,1
21:01 ,(SPEAKER 3), yah jo reaction ho raha hai iss vakt yah sirph isalie aisa lagata ho raha hai jo kyonki corona aa gaya aur usake baad china ne hamaare borders ko disturb kiya. main to seedha savaal jaanana chaahata hoon kisee bhee political party se india mein. ki agar yah situation nahin aatee unfortunate corona kee aur is tarah ke conflict nahin hote to kya vaakai ham trade ban kar rahe the china ke saath. ham to unakee godee mein baithe hue the. multiple sarkaarein to yah reality ko bhee accept kariye. doosara point saaph-saaph sunie china ne hamaare oopar iss samay najar uthaane kee koshish ki hai jabaki inside china. china ke bheetar kitnee saaree dikkatein unakee apanee leadership kee dikkatein hain. plus unako world isolation. pooree duniya se akelaapan jhelana pad raha hai corona kee vajah se. tab to unakee yah himaakat rahee kee unhone hamaaree taraph is tarah harakat karane ki sochi. ,0
21:55 ,(ANCHOR), bilkul. aur dekhie abhigyan iss himmakat mein kya tab badhotdi nahin ho jaati hai jab desh ke andar se alag alag sur sunaee padate hai. jab ham ek muthee ki tarah bandhe hue najar nahin aate hai. ,0
22:04 ,(BREAK), ,0
22:04 ,(ANCHOR), to desh ke andar cheenee virus ka khatara aur sarahad par cheenee phauj ka khatara. in sabake beech desh kee jo too badee paartiyaan hai vah aapas mein uljhee hui hai. aarop pratyaarop kee raajaneeti jamakar ho rahee hai. savaal kaee hain aur seedhe sharahnabaaj hussain saahab aapake paas mein aa raha hoon aur cheen par ham baatacheet to karenge aage aur bhee masalon par aapase main savaal puchunga lekin jara mujhe yah bataie achaanak se mujhe abhee khyaal aa raha hai darasal pradhaanamantree modi ka jo aaj hai man kee baat mein sambodhan tha usamen unhonne poorv pradhaanamantree pv narasimha raav kee badee mukt kanth se prashansa kee. to.aap log to congress mukt bhaarat kee baat kiya karate the achaanak se kya ho gaya. ,0
22:36 ,(SPEAKER 1), nahin pradhaanamantree jee ne to jab laal kile se sambodhit kiya tha to nehru jee ko bhee yaad kiya. desh ke andar jisane bhee iss bhaarat maata kee khidmat ki hai usako yaad karenge. congress kee dikkat dishvaaree yah hai ki jo nehru gaandhi family se hai. ussi pradhaanamantree ko yah log yaad karte hai. ,0
22:54 ,(ANCHOR), dekhie aap aa gae na nehru-gandhi parivaar par hee isiliye main savaal puch raha tha. isiliye main savaal puch raha tha. isiliye jaan boojhkar to nahin zikkar hua hai. ,1
23:01 ,(SPEAKER 1), congress party ke vo pradhaanmantree the aur congress party bhool rahi hai lekin vo desh ke pradhaanmantree the. unko yaad karne mein to congress party ko khushi honee chahie. ,0
23:10 ,(ANCHOR)," rasheed kidvai aapse kuch kahna chaah rahe hai. shaahnabaaj hussain sahab. jee rasheed jee, ",0
23:15 ,(SPEAKER 1), doosra main supriya jee kee baat ka javaab de doon jara.,0
23:16 ,(ANCHOR), deejiega pahale isee par aap thodi see baat kar lein. aata hoo sir uss par aaunga. rasheed kidvai kuch kahna chah rahe the aapko iss baat pe. ,0
23:25 ,(SPEAKER 4), jee akhilesh jee mujhe badee khushee hai ki pradhaanamantree ne aaj narasimha raav ko yaad kara bhaajapa ne bada aur shaahanabaaj jee to usake baad mein mantree bhee bane the. inhe khoob yaad hoga sansad mein the aur usako narasimha raav ko alibaba chaalees chor kee upaadhi de rakhee thee. narsimha raav ke tamaam duniya bhar ke scam the matlab agar ginaye to ungliyaan khatam ho jayengee. vo poora ka poora harshad mehta scam. gold staar scam. fertiliser scam. sugar scam duniya bharke scam hee scam the. aur uss samein narasimha raav se nura koi aadmee nahin tha. aur jis narsimha raav kee aaj yah duhai de rahe usee narasimha raav sarakaar ne raajeev gaandhi foundation ko sau crore rupay offer kie the usee sarakaar ne. usee narasimha raav vahi narasimha raav pradhaanamantree the jo das janapad jaate the raajeev gaandhi foundation kee meeting attend karane. aur unhone ek senior ias officer ko rajeev gaandhi foundation ka executive officer banake bheja tha. ,0
24:15 ,(ANCHOR), jab itani baaten thee sir.,0
24:16 ,(SPEAKER 4), aur tamaam chijen unhonr karee thee. aaj narsimha raav ne hi 1995 mein cheen ke saath pact kiya. cheen ke saath bahut bada pact kiya tha unhone. ,0
24:25 ,(ANCHOR), theek hai. supriya aapko kya lagta hai. supriya shrinet aapko kya lagata hai itna bada yah hriday parivartan kyon ho gaya phir. ,0
24:31 ,(SPEAKER 1), congress party agar narsimha raav bhool gayi to kya desh ke pradhaanmantree ko ek desh ke poorv pradhaanmantree. shatabadi hai usko yaad. ,0
24:36 ,(SPEAKER 2), shahaanabaaj bhai bol lein phir main bol lungee. ,0
24:40 ,(ANCHOR), haa vo de rahe hai aapko bolane de rahe hai. shahanaabaaj jee aap boliyega. pahle mein supriya se bhi iss par comment le loon kee itana bada hriday parivartan aapko kyon najar aa raha hai. jo aaj mukht kanth se prashansa kee gayi narsimha raav kee. ,0
24:50 ,(SPEAKER 2), aisa hai akhilesh jee. jab hriday parivartan hota hai acha hai. usse mujhe koee matalab nahin hai. let us not divert from the issue. issue kya hai cheen main aapko chhoti se ek baat bata doon main apane ghar shetra mahaaraajaganj mein hoon hamara ek border nepaal se lagata hai. nepal se hamara roti aur beti ka rishta hai. aaj vahab pahalee baar sena utari hui hai unhone nadee ka paanee rok diya hai aavaagaman band hai. nepal kiske ishaare par yah kar raha hai cheen ke ishaare par kar raha hai. nepal ne hamari seema par aakar helipad bana gaya lekin ham usake baare mein kuch nahin kar paa rahe hai. unhone naksha badal diya hai. aur pakistan aur cheen ki jahan tak baat karate hain.,0
25:24 ,(ANCHOR), kya kar lena chahie tha. supriya aapke mutabik kya kar lena chahie tha. aap sarkaar mein hoti to kya kar leti. nepal ke saath kya karti aap.,0
25:31 ,(SPEAKER 2), nepal hamare uttarakhand ke gavon ko apne nakshe mei mila ke apne parliament se pass karata hai. hamne koi diplomatic action hi nahi liya. ham nepal se chup chaap baithke baat sunenge. vo china ke sahare hee ye sab kar raha hai. aur ek baat aapko aur bata doon isse pahle ki aap mujhe bolane ka mauka kam dijiye ki pakistan iss samein cheen se bilkul juda hua hai. tripan billion dollar ka investment kar raha cheen vahan par yah border bhi surakshit nahin hai. to cheen kee mansha ko samajhiye aur cheen ko datt ke mukaabala kijiye. pradhaanmantree jab cheen ko bina naam liye baat karte hai to yah dushprachaar cheen phailaata hai aur vo taaliyaan bajata hai jab naam nahin lete. ,0
26:05 ,(ANCHOR), theek hai chalie main javaab le leta hoon. shaahanabaaj hussain sahab kya vajah hai cheen to chhod dijiye jo hamare aas pados ke chhote chhote desh hai. bhutan tak se khabar aa gayi. kyon iss tareeke halaat ho rahe hain. tanaav vale halaat. ,0
26:18 ,(SPEAKER 1), akhilesh jee aap supriya jee se request keejie ki jara mujhe sun lein. khaamoshi se sunne. pahalee baat to yah ki aapane jo savaal poochha aapake savaal ka javaab narsimha raav ko jaanaboojhakar duck kiya supriya jee ne. vo savaal sirph uss par koee javaab unhonne nahin diya. ,0
26:36 ,(SPEAKER 2), arre ab aap moderator banenge kya anchor hai kya aap iss show ke. ,0
26:38 ,(SPEAKER 1), nahin nahin anchor ke savaal ka javaab nahin diya. aur anchor.,0
26:41 ,(SPEAKER 2), maine kya kaha kee jab hriday parivartan ho jaaye acha hai. mudde kee baat kariye na. shaahanabaaj jee. muddon se kyon bhaagte hai. ,0
26:48 ,(SPEAKER 1), ab main javvab de doon. ab dekhie continue mujhe javaab dene dijie. pahale inhonne kaha modi jee itani baar kyon gaye. arre aap to chale gae the pradhaanamantree kee jagah olympic mein jaake. ,0
27:02 ,(SPEAKER 2), nahin gaye the na. cheen ne aakraman nahin kar diya tha na. cheen hamare ghar mein nahin ghussa baitha tha na. aapki ladai vipaksh se nahin hai shaahanabaaj bhai aapki ladai cheen se hai iss samein. ,0
27:13 ,(SPEAKER 1), supriya jee ab aap sunengi nahin kaise hoga. main aise aapase bahas kaise kar paunga. agar aap aap jab bolatee hai mainne khaamoshee se suna hai. sunie aap phir javaab de deejiega mauka denge aapko yah. doosara yah hai ki jab. ,0
27:29 ,(ANCHOR), baaree baaree se ek minute. bolane dijiye. shaahanabaaj jee ko bolane dijiye. main aata hoon supriya aapke paas phir. ,0
27:34 ,(SPEAKER 1), maine yah mariyaada rakhi ki jab vo bol rahi thi. ,0
27:35 ,(ANCHOR), jaldi se jaldi se shaahanabaaj hussain sahab jaldi bol dijiye. theek hai sir aa[ boliye. ,0
27:39 ,(SPEAKER 1), main kah raha hoon ki yah desh javaab chahta hai kee jab saat july 2017 ko dokalam vivaad tha to rahul gaandhi chupachaap kyon mile the chinese embassador se. aur chhupa liya tha jab china ne 10 july ko website par daala tab aapne sveekaar kiya. aap log china kee parvi itani kyon karte hai. china se itana lagaov kyon hai. china ke beech mein aur congress party ke beech mein kya mov hui hai yah desh jannana chahta hai. aap log itana dushprachaar bhaarat ka moral kyon giraate hain. aap bhaarat ke baare mein kyon dushprachaar karate hain ki hamaaree jameen kabja kar lee. agar sena kah rahee hai ki hamaaree jameen kabja nahin hui to congress party ke paas kaun sa sattelite hai. ,0
28:15 ,(ANCHOR), acha jo savaal. jo savaal aapse puche jaa rahe hain shaahanabaaj hussain saahab vo aapko dushtprachaar lag rahe hai. yah kah rahe hai aap. matlab aapse saval na pucha jaaye. sarkaar se koi savaal pucha jayega to dushprachaar hai yah. ,0
28:26 ,(SPEAKER 1), nahin inake paas kya source hai aur jahaan tak nepal mein bhee paanee rok liya yah sab dushprachaar mat kijiye. abhee bhee bihar sarakaar ko vahaan par ek barrel tha usako banaane kee ijaajat hui hai. aur nepaal aur bhaarat ke beech mein jo border par hai kyonki corona kee vajah se thodee sealing hai jo massale hai usako hal karenge aapako to aisa lagata hai bhaarat se kisee kee dikkat ho gaee aur aap khush ho gae. aapako agar nepaal se tanaav ho gyi. ,0
28:53 ,(SPEAKER 2), yah kaisi baat aap kar rahe hai. ,0
28:55 ,(ANCHOR), main main chahta hoon kee iss par thodi charcha ko ham aage badhaye. mai abhigyaan prakash ko bahas mein laana chahta hoon. kaafi der se main unse kuch pooch nahin paaya tha. theek hai. theek hai. shahanabaaj hussain sahab aur supriya shrinet main aapke paas aaunga. lekin abhigyaan aapko kya lagta hai. kya iss daur mein is vakt mein jab desh chaaron taraph se museebaton se ghira hua hai sarakaar se savaal nahin hone chaahie aur kya agar vo savaal poochhe jaenge to use ham dushprachaar ke taur par dekhen ya vaakee mein congress apana koi agenda chala rahee hai iski aad mein. ,0
29:25 ,(SPEAKER 3), dekhie do baaten bilkul clear hai main narasimha rao pe react karana chaahata tha lekin. usaka mauka nahin mila pahale savaal karane par aata hoon pahalee baar. bilkul categorically main kahana chaahta hoon. is desh mein kisee kee bhee government rahee ho congress bjp. log desh ke saath aur sena ke saath. khade hote hain. aur yah kahana kisee ke lie bhee. galat hai. galat hai agar kisee bhee haalat mein. savaal poochhe jae sarakaar se duniya ka har itihaas gavaah hai ki aisa hota hai to agar koee crisis mein bhee government se savaal poochha jaata hai isaka matalab yah nahin hai ki log jo hai vah desh kee sena ke khilaaph khade ho gae na yah bilkul galat hai aur isake pachaseeyon udaaharan main de sakata hoon rasheed kidavee aapako de sakate hain to pahale yah galat debate hai yah dangerous debate hai yah nahin honee chaahie koee savaal poochhane vaala opposition ka nahin ho jaata hai yah savaal na puchne vaala rulng side ka nahin ho jaata hai. pahali baat. doosaree cheej. bahut clear hai ki china se. kaise deal karana hai problem usaki hai jo pahale se lekar abhee tak. jiski clarity nahin ho paayi hai mainne phir aapase kaha akhilesh jee. china par logon ko trust nahin hai china ke bheetar. khud samasyan hai aur vah phir bhee hamaaree taraph dekh raha hai to yah sab clarity hona. bahut bahut jarooree hai aaj. 1 maheene ke lie sthiti badal jaegee 1 maheene ab baad aap kya karenge aap maine ek apana column kiya tha. usako jaanaboojhakar mention kar raha hoon yahaan par aap hee logon ko diya tha. aur usamen mainne likha tha ki investment barriers par. sarakaar ne post corona parivartan kie isalie kie hain kyonki chinese paisa jo startups mein lagata hai india mein vo aana band ho. is tarah ke agar aap nirane lete jo kee sahi hain tab aapako yah bhee dhyaan rakhana padega kee china chup nahin baithega. apanee tareekon se china react karega. to ye sab questions hai aur bahut serious questions hai jo savaal mere hisaab se jaroor uthane chaahie. 1 point main jaroor narasimha rao par kahana chaahoonga rasheed kidavee ne bilkul sahee baat kee. agar narasimha rao ko sirph yah to political ploy tha prime minister ka mainne aaj pahale bhee kaha. sirph isiliye yaad karana hai.kyonki target aapaka gandhi parivaar hai to badee ajeeb stithi hai. narsimha rao ko yaad karana hai to unake samay ke corruption ko chandraasvaamee jaise unakee putree ko sab ko yaad karana chaahie bjp aur prime minister ko. ,0
31:57 ,(ANCHOR), jee jee aap sahi kah rahe hai. sahi baat hai. lekin. raajaneeti mein timing ka bada mahatv hota hai aur kyon yah baat kahee gaee hai isaka andaaja lagaaya jaa sakata hai lekin rarshit kidvai sahab savaal yah hai jo aapas mein shaahanabaaj husain saahab aur supriya shrinet ke beech bahas ho rahee thee aur shaahanabaaj husain kah rahe the ki jo savaal puche jaa rahe hain vo darassal vo dushprachaar hain to main yah aapse poochhana chaah raha hoon ki kya aapako bhee lagata hai ki abhee jis tareeke ke savaalaat sarakaar se ho rahe hain vah nahin hone chaahie. kya usakee vajah se dushman deshon ko phaayada ho raha hai aur khaasataur par mera contact us hashtag se hai jo surrender modi karake baat phailaee gaee thee hamane dekha kiss tareeke se pakistan se lekar cheen tak mein. usake ke bhaarat ke khilaaph propaganda chalaane mein usaka istemaal kiya gaya. to jab ham ek aise museebat vaale vakt mein hai kya desh ke pradhaanamantree ke lie is tarah kee baaten ochhee baaten honee chaahie. ,1
32:42 ,(SPEAKER 4), dekhiye jab 1962 kee ladaee chal rahee thee cheen se hi yuddh hua tha us samay atal bihaaree vaajapeee jee ne. ek vishesh log sabha vishesh sansad satrabh ki maang ki thi. aur vo nehru ne vo maang maangee aur us samay desh ke jo raksha mantree the unka isteepha bhi hua. yah tamaam chijen iteehas ke pannon mein darj hai jiska abhigyan bhee ullekh kar rahe the. to prashan puchana yah koee apattijanak baat nahin hai. dekhiye doshi donon hai. dekhie main kisi ka paksh nahin loonga agar is tarah ke prashnon ho rahe hain to doosaree taraph dekhie niyat. niyat par shak kiya jaa raha hai. congress iss samein das barah karod pandarah karod. jo hai voters ka pratinidhitv kar rahee hai bhaajapa ko aur jyaada bees pachis karod mile honge vote. to aise mein jab ek poore dekhiye jeeta koee vo alag baat hai. yah desh kee do badee political parties hai aur desh kee jo ek collective aspiration hai desh ka jo resolve hai usaka pratinidhitv karate. unakee niyat par shak karana mujhe lagata hai bahut bahut durbhaagyapoorn hai. vipaksh agar koee savaal poochh raha hai to usaka javaab dena chaahie usako is tareeke se nahin. haan vipaksh ko bhee apana ravaiya apanaana chaahie. jaise aapne udhaaran diya. iss tarah ke kuch aise prashan hai samvedansheel maamle hai pradhaanmantree pad kee gareema honi chahie.,0
33:48 ,(ANCHOR), to cheen se har koee tirast hai. ek taraph cheenee jo beemaaree hai virus hai use duniya se tirast hai bhaarat bhee tarast hai. doosaree taraph aap dekh rahe cheen kee harakaten jo sarahad par najar aa rahee hain. lekin in sabake beech apane desh mein ek alag hee bahas chhid gaee hai. jis tareeke kee raajaneeti bjp aur congress ke beech dekhane ko mil rahee hai usee se juda mera seedha savaal shaahanabaaj hussain saahab aapase hai aapane suna break ke pahale rasheed kidavee kya kah rahe the abhigyaan prakaash kya kah rahe the kya sarkaar se savaal nahin puche jaane chaahie is tareeke ke haalaat agar sarahad par hai to. ekadam main pooree tarah sahamat hoon savaal poochhe jaane chaahie. lekin chinese propaganda karane ka adhikaar kisee ko nahin hona chahie. ,0
34:24 ,(ANCHOR), isme kya chinese propaganda hai. chinese propaganda kya hai aap mujhe do teen baatein deejie main supriya se isaka javaab le leta hoon.,0
34:29 ,(SPEAKER 1), pahali baat to yah hai kee bhaarat kee bhoomi kabja karlee. yah surrender modi hai. bhaarat kee sena ne ghutane tek die pradhaanamantree ne ghutane tek diye yah savaal hai ya dushprachaar hai. ,0
34:40 ,(ANCHOR), kyon bol rahee hai supriya bataie yah savaal hai ki dushprachaar hai. vakt nahin hai jaldee se. supriya shrinet.,0
34:47 ,(SPEAKER 2), aisa hai shaahanabaaj bhai. ab main bol loon. aisa hai akhilesh jee. ,0
34:52 ,(ANCHOR), bolie bolie. bhaarat kee jameen par kabja kar liya yah sab bolana kya hai yah savaal hai ki dushprachaar hai yah kah rahe hai shaahanabaaj hussain. ,0
34:57 ,(SPEAKER 2), savaal sirf congress nahin puch rahi hai savaal to jin logon ne apane paanv mein laga dee bhaarat kee sarajameen kee raksha karane ke lie general parag aur general menon general bc malik jinhone kaaragil mein hamen jeet dilayi thee vo log pooch rahe hai. savaal sirph ham pooch rahe hai. unka kahna hai kee bhoomi kabza hui. ham to unaki baat aage rakh rahe hai. to ab aap kya kahenge vo bhi gaddaar hai vo bhee jhoothe hai vo bhee galat kaam kar rahe hai. savaal pooche jayenge kyonki aap sarkaar mein hai aap vipaksh ki maansikta se nikaliye. aap javaab hi nahin dena chahte hai. ,0
35:25 ,(ABCHOR), choonki vakt nahin hai isiliye chhota chhota comment abhigyan prakash aur rasheed kidvai sahab se main chahunga. theek hai shaahanabaaj hussain sahab vakt nahin hai abhigyaan pahale aap bata deejie. theek hai savaal puche jaane chaahie lekin kya savaalon kee maryaada nahin honee chaahie kuchh aisa na poochhde ham savaal mein jis se dushman desh ko phaayada ho jaaye. abhigyaan. ,0
35:44 ,(SPEAKER 3), dekhie raashtrahit se oopar kuchh bhee nahin hai savaalon kee maryaada honee chaahie lekin main phir kah raha hoon savaal hamesha puche gae jab chabbis gyarah hua congress kee government thee. tab savaal puche bjp ne aur desh ne bhee yah sahee hai democracy mein savaal puchne ka silasila kaise band ho sakata hai.,0
36:03 ,(ANCHOR), bilkul. bilkul. vakt nahin hai abhigyaan isiliye beech mein rok raha hoon. maafi ke saath. lekin kya savaalon kee maryaada nahin honee chahie.kya sarkaar se uss tarah kee gopniye jaankaari bhee maangni chahie aise maamlon mein. rasheed kidvai sahab jaldi se. ,0
36:15 ,(SPEAKER 4), jee bilkul lekin sarkaar sarkaar jee jee sarkaar apanee sthiti spasht karen cheen hamaara khula hua dushman hai usake lie. usake lie desh ka logon ko taiyaar kiya jaaye usako sarakaar ko pahal karanee hogee sarakaar usako aarthik roop se chot pahunchaane ke raste dikhaen. ,0
36:33 ,(ANCHOR), theek hai vakt nahin hai aap tamaam mehmaanon ka bahut bahut shukriya iss charcha mein shirakat karane ke lie lekin vakt kee yahee maang hai jis daur mein ham hain jis tareeke ke haalaat hai desh mein. kee poore desh se ek aavaaj aanee chaahie ek sur mein ek mutthee kee tarah ham bandhe hue najar aane chaahie tabhee cheen like raashtr ko ham paraast kar sakate hain.,0
